--------------------------------------------------------
--  파일이 생성됨 - 금요일-6월-05-2026   
--------------------------------------------------------
--------------------------------------------------------
--  DDL for Table COMMENTS
--------------------------------------------------------

  CREATE TABLE "SYSTEM"."COMMENTS" 
   (	"ID" NUMBER GENERATED ALWAYS AS IDENTITY MINVALUE 1 MAXVALUE 9999999999999999999999999999 INCREMENT BY 1 START WITH 1 CACHE 20 NOORDER  NOCYCLE  NOKEEP  NOSCALE , 
	"POST_ID" NUMBER, 
	"USER_ID" NUMBER, 
	"CONTENT" CLOB, 
	"PARENT_COMMENT_ID" NUMBER, 
	"LIKE_COUNT" NUMBER DEFAULT 0, 
	"STATUS" VARCHAR2(20 BYTE) DEFAULT 'PUBLISHED', 
	"CREATED_AT" TIMESTAMP (6) DEFAULT CURRENT_TIMESTAMP, 
	"UPDATED_AT" TIMESTAMP (6), 
	"DELETED_AT" TIMESTAMP (6)
   ) PCTFREE 10 PCTUSED 40 INITRANS 1 MAXTRANS 255 
 NOCOMPRESS LOGGING
  STORAGE(INITIAL 65536 NEXT 1048576 MINEXTENTS 1 MAXEXTENTS 2147483645
  PCTINCREASE 0 FREELISTS 1 FREELIST GROUPS 1
  BUFFER_POOL DEFAULT FLASH_CACHE DEFAULT CELL_FLASH_CACHE DEFAULT)
  TABLESPACE "SYSTEM" 
 LOB ("CONTENT") STORE AS BASICFILE (
  TABLESPACE "SYSTEM" ENABLE STORAGE IN ROW 4000 CHUNK 8192 RETENTION 
  NOCACHE LOGGING 
  STORAGE(INITIAL 65536 NEXT 1048576 MINEXTENTS 1 MAXEXTENTS 2147483645
  PCTINCREASE 0 FREELISTS 1 FREELIST GROUPS 1
  BUFFER_POOL DEFAULT FLASH_CACHE DEFAULT CELL_FLASH_CACHE DEFAULT)) ;
--------------------------------------------------------
--  DDL for Table EMAIL_VERIFICATIONS
--------------------------------------------------------

  CREATE TABLE "SYSTEM"."EMAIL_VERIFICATIONS" 
   (	"ID" NUMBER GENERATED ALWAYS AS IDENTITY MINVALUE 1 MAXVALUE 9999999999999999999999999999 INCREMENT BY 1 START WITH 1 CACHE 20 NOORDER  NOCYCLE  NOKEEP  NOSCALE , 
	"EMAIL" VARCHAR2(255 BYTE), 
	"TOKEN" VARCHAR2(255 BYTE), 
	"EXPIRES_AT" TIMESTAMP (6), 
	"IS_USED" NUMBER(1,0) DEFAULT 0, 
	"CREATED_AT" TIMESTAMP (6) DEFAULT CURRENT_TIMESTAMP
   ) PCTFREE 10 PCTUSED 40 INITRANS 1 MAXTRANS 255 
 NOCOMPRESS LOGGING
  STORAGE(INITIAL 65536 NEXT 1048576 MINEXTENTS 1 MAXEXTENTS 2147483645
  PCTINCREASE 0 FREELISTS 1 FREELIST GROUPS 1
  BUFFER_POOL DEFAULT FLASH_CACHE DEFAULT CELL_FLASH_CACHE DEFAULT)
  TABLESPACE "SYSTEM" ;
--------------------------------------------------------
--  DDL for Table FOLLOWS
--------------------------------------------------------

  CREATE TABLE "SYSTEM"."FOLLOWS" 
   (	"ID" NUMBER GENERATED ALWAYS AS IDENTITY MINVALUE 1 MAXVALUE 9999999999999999999999999999 INCREMENT BY 1 START WITH 1 CACHE 20 NOORDER  NOCYCLE  NOKEEP  NOSCALE , 
	"FOLLOWER_ID" NUMBER, 
	"FOLLOWING_ID" NUMBER, 
	"CREATED_AT" TIMESTAMP (6) DEFAULT CURRENT_TIMESTAMP
   ) PCTFREE 10 PCTUSED 40 INITRANS 1 MAXTRANS 255 
 NOCOMPRESS LOGGING
  STORAGE(INITIAL 65536 NEXT 1048576 MINEXTENTS 1 MAXEXTENTS 2147483645
  PCTINCREASE 0 FREELISTS 1 FREELIST GROUPS 1
  BUFFER_POOL DEFAULT FLASH_CACHE DEFAULT CELL_FLASH_CACHE DEFAULT)
  TABLESPACE "SYSTEM" ;
--------------------------------------------------------
--  DDL for Table HASHTAGS
--------------------------------------------------------

  CREATE TABLE "SYSTEM"."HASHTAGS" 
   (	"ID" NUMBER GENERATED ALWAYS AS IDENTITY MINVALUE 1 MAXVALUE 9999999999999999999999999999 INCREMENT BY 1 START WITH 1 CACHE 20 NOORDER  NOCYCLE  NOKEEP  NOSCALE , 
	"NAME" VARCHAR2(50 BYTE), 
	"CREATED_AT" TIMESTAMP (6) DEFAULT CURRENT_TIMESTAMP
   ) PCTFREE 10 PCTUSED 40 INITRANS 1 MAXTRANS 255 
 NOCOMPRESS LOGGING
  STORAGE(INITIAL 65536 NEXT 1048576 MINEXTENTS 1 MAXEXTENTS 2147483645
  PCTINCREASE 0 FREELISTS 1 FREELIST GROUPS 1
  BUFFER_POOL DEFAULT FLASH_CACHE DEFAULT CELL_FLASH_CACHE DEFAULT)
  TABLESPACE "SYSTEM" ;
--------------------------------------------------------
--  DDL for Table LIKES
--------------------------------------------------------

  CREATE TABLE "SYSTEM"."LIKES" 
   (	"ID" NUMBER GENERATED ALWAYS AS IDENTITY MINVALUE 1 MAXVALUE 9999999999999999999999999999 INCREMENT BY 1 START WITH 1 CACHE 20 NOORDER  NOCYCLE  NOKEEP  NOSCALE , 
	"USER_ID" NUMBER, 
	"POST_ID" NUMBER, 
	"CREATED_AT" TIMESTAMP (6) DEFAULT CURRENT_TIMESTAMP
   ) PCTFREE 10 PCTUSED 40 INITRANS 1 MAXTRANS 255 
 NOCOMPRESS LOGGING
  STORAGE(INITIAL 65536 NEXT 1048576 MINEXTENTS 1 MAXEXTENTS 2147483645
  PCTINCREASE 0 FREELISTS 1 FREELIST GROUPS 1
  BUFFER_POOL DEFAULT FLASH_CACHE DEFAULT CELL_FLASH_CACHE DEFAULT)
  TABLESPACE "SYSTEM" ;
--------------------------------------------------------
--  DDL for Table LOGIN_HISTORY
--------------------------------------------------------

  CREATE TABLE "SYSTEM"."LOGIN_HISTORY" 
   (	"ID" NUMBER GENERATED ALWAYS AS IDENTITY MINVALUE 1 MAXVALUE 9999999999999999999999999999 INCREMENT BY 1 START WITH 1 CACHE 20 NOORDER  NOCYCLE  NOKEEP  NOSCALE , 
	"USER_ID" NUMBER, 
	"IP_ADDRESS" VARCHAR2(45 BYTE), 
	"USER_AGENT" VARCHAR2(255 BYTE), 
	"STATUS" VARCHAR2(20 BYTE), 
	"CREATED_AT" TIMESTAMP (6) DEFAULT CURRENT_TIMESTAMP
   ) PCTFREE 10 PCTUSED 40 INITRANS 1 MAXTRANS 255 
 NOCOMPRESS LOGGING
  STORAGE(INITIAL 65536 NEXT 1048576 MINEXTENTS 1 MAXEXTENTS 2147483645
  PCTINCREASE 0 FREELISTS 1 FREELIST GROUPS 1
  BUFFER_POOL DEFAULT FLASH_CACHE DEFAULT CELL_FLASH_CACHE DEFAULT)
  TABLESPACE "SYSTEM" ;
--------------------------------------------------------
--  DDL for Table NOTIFICATIONS
--------------------------------------------------------

  CREATE TABLE "SYSTEM"."NOTIFICATIONS" 
   (	"NOTIFICATION_ID" NUMBER GENERATED ALWAYS AS IDENTITY MINVALUE 1 MAXVALUE 9999999999999999999999999999 INCREMENT BY 1 START WITH 1 CACHE 20 NOORDER  NOCYCLE  NOKEEP  NOSCALE , 
	"USER_ID" NUMBER, 
	"SENDER_ID" NUMBER, 
	"TYPE" VARCHAR2(50 BYTE), 
	"TARGET_TYPE" VARCHAR2(20 BYTE), 
	"TARGET_ID" NUMBER, 
	"MESSAGE" VARCHAR2(255 BYTE), 
	"IS_READ" CHAR(1 BYTE) DEFAULT 'N', 
	"CREATED_AT" TIMESTAMP (6) DEFAULT CURRENT_TIMESTAMP
   ) PCTFREE 10 PCTUSED 40 INITRANS 1 MAXTRANS 255 
 NOCOMPRESS LOGGING
  STORAGE(INITIAL 65536 NEXT 1048576 MINEXTENTS 1 MAXEXTENTS 2147483645
  PCTINCREASE 0 FREELISTS 1 FREELIST GROUPS 1
  BUFFER_POOL DEFAULT FLASH_CACHE DEFAULT CELL_FLASH_CACHE DEFAULT)
  TABLESPACE "SYSTEM" ;
--------------------------------------------------------
--  DDL for Table POST_HASHTAGS
--------------------------------------------------------

  CREATE TABLE "SYSTEM"."POST_HASHTAGS" 
   (	"ID" NUMBER GENERATED ALWAYS AS IDENTITY MINVALUE 1 MAXVALUE 9999999999999999999999999999 INCREMENT BY 1 START WITH 1 CACHE 20 NOORDER  NOCYCLE  NOKEEP  NOSCALE , 
	"POST_ID" NUMBER, 
	"HASHTAG_ID" NUMBER, 
	"CREATED_AT" TIMESTAMP (6) DEFAULT CURRENT_TIMESTAMP
   ) PCTFREE 10 PCTUSED 40 INITRANS 1 MAXTRANS 255 
 NOCOMPRESS LOGGING
  STORAGE(INITIAL 65536 NEXT 1048576 MINEXTENTS 1 MAXEXTENTS 2147483645
  PCTINCREASE 0 FREELISTS 1 FREELIST GROUPS 1
  BUFFER_POOL DEFAULT FLASH_CACHE DEFAULT CELL_FLASH_CACHE DEFAULT)
  TABLESPACE "SYSTEM" ;
--------------------------------------------------------
--  DDL for Table POST_IMAGES
--------------------------------------------------------

  CREATE TABLE "SYSTEM"."POST_IMAGES" 
   (	"ID" NUMBER GENERATED ALWAYS AS IDENTITY MINVALUE 1 MAXVALUE 9999999999999999999999999999 INCREMENT BY 1 START WITH 1 CACHE 20 NOORDER  NOCYCLE  NOKEEP  NOSCALE , 
	"POST_ID" NUMBER, 
	"IMAGE_URL" VARCHAR2(255 BYTE), 
	"SORT_ORDER" NUMBER DEFAULT 1, 
	"CREATED_AT" TIMESTAMP (6) DEFAULT CURRENT_TIMESTAMP
   ) PCTFREE 10 PCTUSED 40 INITRANS 1 MAXTRANS 255 
 NOCOMPRESS LOGGING
  STORAGE(INITIAL 65536 NEXT 1048576 MINEXTENTS 1 MAXEXTENTS 2147483645
  PCTINCREASE 0 FREELISTS 1 FREELIST GROUPS 1
  BUFFER_POOL DEFAULT FLASH_CACHE DEFAULT CELL_FLASH_CACHE DEFAULT)
  TABLESPACE "SYSTEM" ;
--------------------------------------------------------
--  DDL for Table POSTS
--------------------------------------------------------

  CREATE TABLE "SYSTEM"."POSTS" 
   (	"ID" NUMBER GENERATED ALWAYS AS IDENTITY MINVALUE 1 MAXVALUE 9999999999999999999999999999 INCREMENT BY 1 START WITH 1 CACHE 20 NOORDER  NOCYCLE  NOKEEP  NOSCALE , 
	"USER_ID" NUMBER, 
	"TITLE" VARCHAR2(255 BYTE), 
	"CONTENT" CLOB, 
	"CATEGORY" VARCHAR2(50 BYTE), 
	"THUMBNAIL_URL" VARCHAR2(255 BYTE), 
	"VIEW_COUNT" NUMBER DEFAULT 0, 
	"LIKE_COUNT" NUMBER DEFAULT 0, 
	"SCRAP_COUNT" NUMBER DEFAULT 0, 
	"COMMENT_COUNT" NUMBER DEFAULT 0, 
	"IS_PUBLIC" NUMBER(1,0) DEFAULT 1, 
	"STATUS" VARCHAR2(20 BYTE) DEFAULT 'PUBLISHED', 
	"CREATED_AT" TIMESTAMP (6) DEFAULT CURRENT_TIMESTAMP, 
	"UPDATED_AT" TIMESTAMP (6), 
	"DELETED_AT" TIMESTAMP (6), 
	"PARENT_POST_ID" NUMBER
   ) PCTFREE 10 PCTUSED 40 INITRANS 1 MAXTRANS 255 
 NOCOMPRESS LOGGING
  STORAGE(INITIAL 65536 NEXT 1048576 MINEXTENTS 1 MAXEXTENTS 2147483645
  PCTINCREASE 0 FREELISTS 1 FREELIST GROUPS 1
  BUFFER_POOL DEFAULT FLASH_CACHE DEFAULT CELL_FLASH_CACHE DEFAULT)
  TABLESPACE "SYSTEM" 
 LOB ("CONTENT") STORE AS BASICFILE (
  TABLESPACE "SYSTEM" ENABLE STORAGE IN ROW 4000 CHUNK 8192 RETENTION 
  NOCACHE LOGGING 
  STORAGE(INITIAL 65536 NEXT 1048576 MINEXTENTS 1 MAXEXTENTS 2147483645
  PCTINCREASE 0 FREELISTS 1 FREELIST GROUPS 1
  BUFFER_POOL DEFAULT FLASH_CACHE DEFAULT CELL_FLASH_CACHE DEFAULT)) ;
--------------------------------------------------------
--  DDL for Table REFRESH_TOKENS
--------------------------------------------------------

  CREATE TABLE "SYSTEM"."REFRESH_TOKENS" 
   (	"REFRESH_TOKEN_ID" NUMBER GENERATED ALWAYS AS IDENTITY MINVALUE 1 MAXVALUE 9999999999999999999999999999 INCREMENT BY 1 START WITH 1 CACHE 20 NOORDER  NOCYCLE  NOKEEP  NOSCALE , 
	"USER_ID" NUMBER, 
	"REFRESH_TOKEN" VARCHAR2(500 BYTE), 
	"EXPIRES_AT" TIMESTAMP (6), 
	"REVOKED" CHAR(1 BYTE) DEFAULT 'N', 
	"CREATED_AT" TIMESTAMP (6) DEFAULT CURRENT_TIMESTAMP
   ) PCTFREE 10 PCTUSED 40 INITRANS 1 MAXTRANS 255 
 NOCOMPRESS LOGGING
  STORAGE(INITIAL 65536 NEXT 1048576 MINEXTENTS 1 MAXEXTENTS 2147483645
  PCTINCREASE 0 FREELISTS 1 FREELIST GROUPS 1
  BUFFER_POOL DEFAULT FLASH_CACHE DEFAULT CELL_FLASH_CACHE DEFAULT)
  TABLESPACE "SYSTEM" ;
--------------------------------------------------------
--  DDL for Table SCRAPS
--------------------------------------------------------

  CREATE TABLE "SYSTEM"."SCRAPS" 
   (	"ID" NUMBER GENERATED ALWAYS AS IDENTITY MINVALUE 1 MAXVALUE 9999999999999999999999999999 INCREMENT BY 1 START WITH 1 CACHE 20 NOORDER  NOCYCLE  NOKEEP  NOSCALE , 
	"USER_ID" NUMBER, 
	"POST_ID" NUMBER, 
	"CREATED_AT" TIMESTAMP (6) DEFAULT CURRENT_TIMESTAMP
   ) PCTFREE 10 PCTUSED 40 INITRANS 1 MAXTRANS 255 
 NOCOMPRESS LOGGING
  STORAGE(INITIAL 65536 NEXT 1048576 MINEXTENTS 1 MAXEXTENTS 2147483645
  PCTINCREASE 0 FREELISTS 1 FREELIST GROUPS 1
  BUFFER_POOL DEFAULT FLASH_CACHE DEFAULT CELL_FLASH_CACHE DEFAULT)
  TABLESPACE "SYSTEM" ;
--------------------------------------------------------
--  DDL for Table USERS
--------------------------------------------------------

  CREATE TABLE "SYSTEM"."USERS" 
   (	"ID" NUMBER GENERATED ALWAYS AS IDENTITY MINVALUE 1 MAXVALUE 9999999999999999999999999999 INCREMENT BY 1 START WITH 1 CACHE 20 NOORDER  NOCYCLE  NOKEEP  NOSCALE , 
	"EMAIL" VARCHAR2(255 BYTE), 
	"PASSWORD" VARCHAR2(255 BYTE), 
	"PROVIDER" VARCHAR2(20 BYTE) DEFAULT 'LOCAL', 
	"PROVIDER_ID" VARCHAR2(255 BYTE), 
	"NICKNAME" VARCHAR2(50 BYTE), 
	"PROFILE_IMAGE" VARCHAR2(255 BYTE), 
	"BIO" VARCHAR2(255 BYTE), 
	"ROLE" VARCHAR2(20 BYTE) DEFAULT 'USER', 
	"STATUS" VARCHAR2(20 BYTE) DEFAULT 'ACTIVE', 
	"EMAIL_VERIFIED" NUMBER(1,0) DEFAULT 0, 
	"LAST_LOGIN_AT" TIMESTAMP (6), 
	"CREATED_AT" TIMESTAMP (6) DEFAULT CURRENT_TIMESTAMP, 
	"UPDATED_AT" TIMESTAMP (6), 
	"DELETED_AT" TIMESTAMP (6), 
	"BIRTH_DATE" DATE
   ) PCTFREE 10 PCTUSED 40 INITRANS 1 MAXTRANS 255 
 NOCOMPRESS LOGGING
  STORAGE(INITIAL 65536 NEXT 1048576 MINEXTENTS 1 MAXEXTENTS 2147483645
  PCTINCREASE 0 FREELISTS 1 FREELIST GROUPS 1
  BUFFER_POOL DEFAULT FLASH_CACHE DEFAULT CELL_FLASH_CACHE DEFAULT)
  TABLESPACE "SYSTEM" ;
--------------------------------------------------------
--  DDL for Table USER_BLOCKS
--------------------------------------------------------

  CREATE TABLE "SYSTEM"."USER_BLOCKS" 
   (	"ID" NUMBER GENERATED ALWAYS AS IDENTITY MINVALUE 1 MAXVALUE 9999999999999999999999999999 INCREMENT BY 1 START WITH 1 CACHE 20 NOORDER  NOCYCLE  NOKEEP  NOSCALE , 
	"BLOCKER_ID" NUMBER, 
	"BLOCKED_ID" NUMBER, 
	"CREATED_AT" TIMESTAMP (6) DEFAULT CURRENT_TIMESTAMP
   ) PCTFREE 10 PCTUSED 40 INITRANS 1 MAXTRANS 255 
 NOCOMPRESS LOGGING
  STORAGE(INITIAL 65536 NEXT 1048576 MINEXTENTS 1 MAXEXTENTS 2147483645
  PCTINCREASE 0 FREELISTS 1 FREELIST GROUPS 1
  BUFFER_POOL DEFAULT FLASH_CACHE DEFAULT CELL_FLASH_CACHE DEFAULT)
  TABLESPACE "SYSTEM" ;
--------------------------------------------------------
--  DDL for Table REPORTS
--------------------------------------------------------

  CREATE TABLE "SYSTEM"."REPORTS" 
   (	"ID" NUMBER GENERATED ALWAYS AS IDENTITY MINVALUE 1 MAXVALUE 9999999999999999999999999999 INCREMENT BY 1 START WITH 1 CACHE 20 NOORDER  NOCYCLE  NOKEEP  NOSCALE , 
	"REPORTER_ID" NUMBER, 
	"TARGET_TYPE" VARCHAR2(20 BYTE), 
	"TARGET_ID" NUMBER, 
	"REASON" VARCHAR2(255 BYTE), 
	"STATUS" VARCHAR2(20 BYTE) DEFAULT 'PENDING', 
	"CREATED_AT" TIMESTAMP (6) DEFAULT CURRENT_TIMESTAMP
   ) PCTFREE 10 PCTUSED 40 INITRANS 1 MAXTRANS 255 
 NOCOMPRESS LOGGING
  STORAGE(INITIAL 65536 NEXT 1048576 MINEXTENTS 1 MAXEXTENTS 2147483645
  PCTINCREASE 0 FREELISTS 1 FREELIST GROUPS 1
  BUFFER_POOL DEFAULT FLASH_CACHE DEFAULT CELL_FLASH_CACHE DEFAULT)
  TABLESPACE "SYSTEM" ;
REM INSERTING into SYSTEM.COMMENTS
SET DEFINE OFF;
Insert into SYSTEM.COMMENTS (ID,POST_ID,USER_ID,PARENT_COMMENT_ID,LIKE_COUNT,STATUS,CREATED_AT,UPDATED_AT,DELETED_AT) values (13,15,10,null,0,'PUBLISHED',to_timestamp('26/06/05 17:05:47.400000000','RR/MM/DD HH24:MI:SSXFF'),null,null);
Insert into SYSTEM.COMMENTS (ID,POST_ID,USER_ID,PARENT_COMMENT_ID,LIKE_COUNT,STATUS,CREATED_AT,UPDATED_AT,DELETED_AT) values (14,15,9,null,0,'PUBLISHED',to_timestamp('26/06/05 17:46:04.380000000','RR/MM/DD HH24:MI:SSXFF'),null,null);
REM INSERTING into SYSTEM.EMAIL_VERIFICATIONS
SET DEFINE OFF;
Insert into SYSTEM.EMAIL_VERIFICATIONS (ID,EMAIL,TOKEN,EXPIRES_AT,IS_USED,CREATED_AT) values (1,'kewiibird@gmail.com','797013',to_timestamp('26/06/01 17:14:13.186000000','RR/MM/DD HH24:MI:SSXFF'),0,to_timestamp('26/06/01 17:09:13.186000000','RR/MM/DD HH24:MI:SSXFF'));
Insert into SYSTEM.EMAIL_VERIFICATIONS (ID,EMAIL,TOKEN,EXPIRES_AT,IS_USED,CREATED_AT) values (2,'kewiibird@gmail.com','729856',to_timestamp('26/06/01 17:22:56.456000000','RR/MM/DD HH24:MI:SSXFF'),0,to_timestamp('26/06/01 17:17:56.456000000','RR/MM/DD HH24:MI:SSXFF'));
Insert into SYSTEM.EMAIL_VERIFICATIONS (ID,EMAIL,TOKEN,EXPIRES_AT,IS_USED,CREATED_AT) values (3,'kewiibird@gmail.com','312937',to_timestamp('26/06/01 17:25:37.983000000','RR/MM/DD HH24:MI:SSXFF'),0,to_timestamp('26/06/01 17:20:37.983000000','RR/MM/DD HH24:MI:SSXFF'));
Insert into SYSTEM.EMAIL_VERIFICATIONS (ID,EMAIL,TOKEN,EXPIRES_AT,IS_USED,CREATED_AT) values (4,'kewiibird@gmail.com','506496',to_timestamp('26/06/01 17:30:26.602000000','RR/MM/DD HH24:MI:SSXFF'),0,to_timestamp('26/06/01 17:25:26.602000000','RR/MM/DD HH24:MI:SSXFF'));
Insert into SYSTEM.EMAIL_VERIFICATIONS (ID,EMAIL,TOKEN,EXPIRES_AT,IS_USED,CREATED_AT) values (5,'kewiibird@gmail.com','320463',to_timestamp('26/06/01 17:31:29.071000000','RR/MM/DD HH24:MI:SSXFF'),0,to_timestamp('26/06/01 17:26:29.071000000','RR/MM/DD HH24:MI:SSXFF'));
Insert into SYSTEM.EMAIL_VERIFICATIONS (ID,EMAIL,TOKEN,EXPIRES_AT,IS_USED,CREATED_AT) values (6,'kewiibird@gmail.com','698663',to_timestamp('26/06/01 17:34:20.279000000','RR/MM/DD HH24:MI:SSXFF'),0,to_timestamp('26/06/01 17:29:20.279000000','RR/MM/DD HH24:MI:SSXFF'));
Insert into SYSTEM.EMAIL_VERIFICATIONS (ID,EMAIL,TOKEN,EXPIRES_AT,IS_USED,CREATED_AT) values (7,'kewiibird@gmail.com','880861',to_timestamp('26/06/01 17:36:20.583000000','RR/MM/DD HH24:MI:SSXFF'),0,to_timestamp('26/06/01 17:31:20.583000000','RR/MM/DD HH24:MI:SSXFF'));
Insert into SYSTEM.EMAIL_VERIFICATIONS (ID,EMAIL,TOKEN,EXPIRES_AT,IS_USED,CREATED_AT) values (8,'kewiibird@gmail.com','369510',to_timestamp('26/06/01 17:39:16.471000000','RR/MM/DD HH24:MI:SSXFF'),0,to_timestamp('26/06/01 17:34:16.471000000','RR/MM/DD HH24:MI:SSXFF'));
Insert into SYSTEM.EMAIL_VERIFICATIONS (ID,EMAIL,TOKEN,EXPIRES_AT,IS_USED,CREATED_AT) values (9,'kewiibird@gmail.com','813881',to_timestamp('26/06/01 17:46:13.591000000','RR/MM/DD HH24:MI:SSXFF'),1,to_timestamp('26/06/01 17:41:13.591000000','RR/MM/DD HH24:MI:SSXFF'));
Insert into SYSTEM.EMAIL_VERIFICATIONS (ID,EMAIL,TOKEN,EXPIRES_AT,IS_USED,CREATED_AT) values (10,'kewiibird@gmail.com','533802',to_timestamp('26/06/01 17:51:17.631000000','RR/MM/DD HH24:MI:SSXFF'),1,to_timestamp('26/06/01 17:46:17.631000000','RR/MM/DD HH24:MI:SSXFF'));
Insert into SYSTEM.EMAIL_VERIFICATIONS (ID,EMAIL,TOKEN,EXPIRES_AT,IS_USED,CREATED_AT) values (11,'kewiibird@gmail.com','901054',to_timestamp('26/06/01 17:56:06.174000000','RR/MM/DD HH24:MI:SSXFF'),1,to_timestamp('26/06/01 17:51:06.174000000','RR/MM/DD HH24:MI:SSXFF'));
Insert into SYSTEM.EMAIL_VERIFICATIONS (ID,EMAIL,TOKEN,EXPIRES_AT,IS_USED,CREATED_AT) values (12,'sj_int03@naver.com','167168',to_timestamp('26/06/01 18:04:23.188000000','RR/MM/DD HH24:MI:SSXFF'),1,to_timestamp('26/06/01 17:59:23.188000000','RR/MM/DD HH24:MI:SSXFF'));
Insert into SYSTEM.EMAIL_VERIFICATIONS (ID,EMAIL,TOKEN,EXPIRES_AT,IS_USED,CREATED_AT) values (13,'kewiibird@gmail.com','324429',to_timestamp('26/06/01 19:30:36.037000000','RR/MM/DD HH24:MI:SSXFF'),1,to_timestamp('26/06/01 19:25:36.037000000','RR/MM/DD HH24:MI:SSXFF'));
Insert into SYSTEM.EMAIL_VERIFICATIONS (ID,EMAIL,TOKEN,EXPIRES_AT,IS_USED,CREATED_AT) values (14,'kewiibird@gmail.com','999553',to_timestamp('26/06/02 09:49:29.558000000','RR/MM/DD HH24:MI:SSXFF'),1,to_timestamp('26/06/02 09:44:29.558000000','RR/MM/DD HH24:MI:SSXFF'));
REM INSERTING into SYSTEM.FOLLOWS
SET DEFINE OFF;
Insert into SYSTEM.FOLLOWS (ID,FOLLOWER_ID,FOLLOWING_ID,CREATED_AT) values (8,10,8,to_timestamp('26/06/05 16:45:58.045000000','RR/MM/DD HH24:MI:SSXFF'));
Insert into SYSTEM.FOLLOWS (ID,FOLLOWER_ID,FOLLOWING_ID,CREATED_AT) values (2,8,9,to_timestamp('26/06/05 10:42:46.107000000','RR/MM/DD HH24:MI:SSXFF'));
Insert into SYSTEM.FOLLOWS (ID,FOLLOWER_ID,FOLLOWING_ID,CREATED_AT) values (3,8,11,to_timestamp('26/06/05 10:42:49.228000000','RR/MM/DD HH24:MI:SSXFF'));
Insert into SYSTEM.FOLLOWS (ID,FOLLOWER_ID,FOLLOWING_ID,CREATED_AT) values (4,8,10,to_timestamp('26/06/05 10:44:15.261000000','RR/MM/DD HH24:MI:SSXFF'));
Insert into SYSTEM.FOLLOWS (ID,FOLLOWER_ID,FOLLOWING_ID,CREATED_AT) values (7,10,9,to_timestamp('26/06/05 16:40:41.287000000','RR/MM/DD HH24:MI:SSXFF'));
Insert into SYSTEM.FOLLOWS (ID,FOLLOWER_ID,FOLLOWING_ID,CREATED_AT) values (9,9,8,to_timestamp('26/06/05 17:45:42.036000000','RR/MM/DD HH24:MI:SSXFF'));
Insert into SYSTEM.FOLLOWS (ID,FOLLOWER_ID,FOLLOWING_ID,CREATED_AT) values (11,9,10,to_timestamp('26/06/05 18:09:20.920000000','RR/MM/DD HH24:MI:SSXFF'));
REM INSERTING into SYSTEM.HASHTAGS
SET DEFINE OFF;
Insert into SYSTEM.HASHTAGS (ID,NAME,CREATED_AT) values (24,'주안',to_timestamp('26/06/05 12:35:29.732000000','RR/MM/DD HH24:MI:SSXFF'));
Insert into SYSTEM.HASHTAGS (ID,NAME,CREATED_AT) values (25,'인천',to_timestamp('26/06/05 12:35:29.738000000','RR/MM/DD HH24:MI:SSXFF'));
Insert into SYSTEM.HASHTAGS (ID,NAME,CREATED_AT) values (26,'이자카야',to_timestamp('26/06/05 12:35:29.741000000','RR/MM/DD HH24:MI:SSXFF'));
REM INSERTING into SYSTEM.LIKES
SET DEFINE OFF;
Insert into SYSTEM.LIKES (ID,USER_ID,POST_ID,CREATED_AT) values (16,10,15,to_timestamp('26/06/05 17:33:34.310000000','RR/MM/DD HH24:MI:SSXFF'));
Insert into SYSTEM.LIKES (ID,USER_ID,POST_ID,CREATED_AT) values (17,9,15,to_timestamp('26/06/05 17:45:47.083000000','RR/MM/DD HH24:MI:SSXFF'));
REM INSERTING into SYSTEM.LOGIN_HISTORY
SET DEFINE OFF;
Insert into SYSTEM.LOGIN_HISTORY (ID,USER_ID,IP_ADDRESS,USER_AGENT,STATUS,CREATED_AT) values (1,9,'::1','Mozilla/5.0 (Windows NT 10.0; Win64; x64) AppleWebKit/537.36 (KHTML, like Gecko) Chrome/148.0.0.0 Safari/537.36','SUCCESS',to_timestamp('26/06/02 11:35:23.109000000','RR/MM/DD HH24:MI:SSXFF'));
Insert into SYSTEM.LOGIN_HISTORY (ID,USER_ID,IP_ADDRESS,USER_AGENT,STATUS,CREATED_AT) values (2,8,'::1','Mozilla/5.0 (Windows NT 10.0; Win64; x64) AppleWebKit/537.36 (KHTML, like Gecko) Chrome/148.0.0.0 Safari/537.36','SUCCESS',to_timestamp('26/06/02 12:03:07.076000000','RR/MM/DD HH24:MI:SSXFF'));
Insert into SYSTEM.LOGIN_HISTORY (ID,USER_ID,IP_ADDRESS,USER_AGENT,STATUS,CREATED_AT) values (3,8,'::1','Mozilla/5.0 (Windows NT 10.0; Win64; x64) AppleWebKit/537.36 (KHTML, like Gecko) Chrome/148.0.0.0 Safari/537.36','SUCCESS',to_timestamp('26/06/02 12:03:29.840000000','RR/MM/DD HH24:MI:SSXFF'));
Insert into SYSTEM.LOGIN_HISTORY (ID,USER_ID,IP_ADDRESS,USER_AGENT,STATUS,CREATED_AT) values (4,8,'::1','Mozilla/5.0 (Windows NT 10.0; Win64; x64) AppleWebKit/537.36 (KHTML, like Gecko) Chrome/148.0.0.0 Safari/537.36','SUCCESS',to_timestamp('26/06/02 12:07:05.229000000','RR/MM/DD HH24:MI:SSXFF'));
Insert into SYSTEM.LOGIN_HISTORY (ID,USER_ID,IP_ADDRESS,USER_AGENT,STATUS,CREATED_AT) values (5,11,'::1','Mozilla/5.0 (Windows NT 10.0; Win64; x64) AppleWebKit/537.36 (KHTML, like Gecko) Chrome/148.0.0.0 Safari/537.36','SUCCESS',to_timestamp('26/06/02 12:09:15.825000000','RR/MM/DD HH24:MI:SSXFF'));
Insert into SYSTEM.LOGIN_HISTORY (ID,USER_ID,IP_ADDRESS,USER_AGENT,STATUS,CREATED_AT) values (6,10,'::1','Mozilla/5.0 (Windows NT 10.0; Win64; x64) AppleWebKit/537.36 (KHTML, like Gecko) Chrome/148.0.0.0 Safari/537.36','SUCCESS',to_timestamp('26/06/02 12:09:19.905000000','RR/MM/DD HH24:MI:SSXFF'));
Insert into SYSTEM.LOGIN_HISTORY (ID,USER_ID,IP_ADDRESS,USER_AGENT,STATUS,CREATED_AT) values (7,9,'::1','Mozilla/5.0 (Windows NT 10.0; Win64; x64) AppleWebKit/537.36 (KHTML, like Gecko) Chrome/148.0.0.0 Safari/537.36','SUCCESS',to_timestamp('26/06/02 12:12:23.950000000','RR/MM/DD HH24:MI:SSXFF'));
Insert into SYSTEM.LOGIN_HISTORY (ID,USER_ID,IP_ADDRESS,USER_AGENT,STATUS,CREATED_AT) values (8,9,'::1','Mozilla/5.0 (Windows NT 10.0; Win64; x64) AppleWebKit/537.36 (KHTML, like Gecko) Chrome/148.0.0.0 Safari/537.36','SUCCESS',to_timestamp('26/06/02 12:31:10.616000000','RR/MM/DD HH24:MI:SSXFF'));
Insert into SYSTEM.LOGIN_HISTORY (ID,USER_ID,IP_ADDRESS,USER_AGENT,STATUS,CREATED_AT) values (9,9,'::1','Mozilla/5.0 (Windows NT 10.0; Win64; x64) AppleWebKit/537.36 (KHTML, like Gecko) Chrome/148.0.0.0 Safari/537.36','SUCCESS',to_timestamp('26/06/02 12:39:53.662000000','RR/MM/DD HH24:MI:SSXFF'));
Insert into SYSTEM.LOGIN_HISTORY (ID,USER_ID,IP_ADDRESS,USER_AGENT,STATUS,CREATED_AT) values (10,9,'::1','Mozilla/5.0 (Windows NT 10.0; Win64; x64) AppleWebKit/537.36 (KHTML, like Gecko) Chrome/148.0.0.0 Safari/537.36','SUCCESS',to_timestamp('26/06/02 12:47:37.741000000','RR/MM/DD HH24:MI:SSXFF'));
Insert into SYSTEM.LOGIN_HISTORY (ID,USER_ID,IP_ADDRESS,USER_AGENT,STATUS,CREATED_AT) values (11,11,'::1','Mozilla/5.0 (Windows NT 10.0; Win64; x64) AppleWebKit/537.36 (KHTML, like Gecko) Chrome/148.0.0.0 Safari/537.36','SUCCESS',to_timestamp('26/06/02 12:59:06.357000000','RR/MM/DD HH24:MI:SSXFF'));
Insert into SYSTEM.LOGIN_HISTORY (ID,USER_ID,IP_ADDRESS,USER_AGENT,STATUS,CREATED_AT) values (12,10,'::1','Mozilla/5.0 (Windows NT 10.0; Win64; x64) AppleWebKit/537.36 (KHTML, like Gecko) Chrome/148.0.0.0 Safari/537.36','SUCCESS',to_timestamp('26/06/02 13:00:44.756000000','RR/MM/DD HH24:MI:SSXFF'));
Insert into SYSTEM.LOGIN_HISTORY (ID,USER_ID,IP_ADDRESS,USER_AGENT,STATUS,CREATED_AT) values (13,8,'::1','Mozilla/5.0 (Windows NT 10.0; Win64; x64) AppleWebKit/537.36 (KHTML, like Gecko) Chrome/148.0.0.0 Safari/537.36','SUCCESS',to_timestamp('26/06/02 13:01:26.874000000','RR/MM/DD HH24:MI:SSXFF'));
Insert into SYSTEM.LOGIN_HISTORY (ID,USER_ID,IP_ADDRESS,USER_AGENT,STATUS,CREATED_AT) values (14,8,'::1','Mozilla/5.0 (Windows NT 10.0; Win64; x64) AppleWebKit/537.36 (KHTML, like Gecko) Chrome/148.0.0.0 Safari/537.36','SUCCESS',to_timestamp('26/06/02 13:03:10.527000000','RR/MM/DD HH24:MI:SSXFF'));
Insert into SYSTEM.LOGIN_HISTORY (ID,USER_ID,IP_ADDRESS,USER_AGENT,STATUS,CREATED_AT) values (15,8,'::1','Mozilla/5.0 (Windows NT 10.0; Win64; x64) AppleWebKit/537.36 (KHTML, like Gecko) Chrome/148.0.0.0 Safari/537.36','SUCCESS',to_timestamp('26/06/02 13:08:30.083000000','RR/MM/DD HH24:MI:SSXFF'));
Insert into SYSTEM.LOGIN_HISTORY (ID,USER_ID,IP_ADDRESS,USER_AGENT,STATUS,CREATED_AT) values (16,9,'::1','Mozilla/5.0 (Windows NT 10.0; Win64; x64) AppleWebKit/537.36 (KHTML, like Gecko) Chrome/148.0.0.0 Safari/537.36','SUCCESS',to_timestamp('26/06/02 13:15:08.311000000','RR/MM/DD HH24:MI:SSXFF'));
Insert into SYSTEM.LOGIN_HISTORY (ID,USER_ID,IP_ADDRESS,USER_AGENT,STATUS,CREATED_AT) values (17,9,'::1','Mozilla/5.0 (Windows NT 10.0; Win64; x64) AppleWebKit/537.36 (KHTML, like Gecko) Chrome/148.0.0.0 Safari/537.36','SUCCESS',to_timestamp('26/06/02 16:06:38.530000000','RR/MM/DD HH24:MI:SSXFF'));
Insert into SYSTEM.LOGIN_HISTORY (ID,USER_ID,IP_ADDRESS,USER_AGENT,STATUS,CREATED_AT) values (18,10,'::1','Mozilla/5.0 (Windows NT 10.0; Win64; x64) AppleWebKit/537.36 (KHTML, like Gecko) Chrome/148.0.0.0 Safari/537.36','SUCCESS',to_timestamp('26/06/02 16:32:12.897000000','RR/MM/DD HH24:MI:SSXFF'));
Insert into SYSTEM.LOGIN_HISTORY (ID,USER_ID,IP_ADDRESS,USER_AGENT,STATUS,CREATED_AT) values (19,11,'::1','Mozilla/5.0 (Windows NT 10.0; Win64; x64) AppleWebKit/537.36 (KHTML, like Gecko) Chrome/148.0.0.0 Safari/537.36','SUCCESS',to_timestamp('26/06/02 16:36:45.636000000','RR/MM/DD HH24:MI:SSXFF'));
Insert into SYSTEM.LOGIN_HISTORY (ID,USER_ID,IP_ADDRESS,USER_AGENT,STATUS,CREATED_AT) values (20,8,'::1','Mozilla/5.0 (Windows NT 10.0; Win64; x64) AppleWebKit/537.36 (KHTML, like Gecko) Chrome/148.0.0.0 Safari/537.36','SUCCESS',to_timestamp('26/06/02 17:00:35.861000000','RR/MM/DD HH24:MI:SSXFF'));
Insert into SYSTEM.LOGIN_HISTORY (ID,USER_ID,IP_ADDRESS,USER_AGENT,STATUS,CREATED_AT) values (21,9,'::1','Mozilla/5.0 (Windows NT 10.0; Win64; x64) AppleWebKit/537.36 (KHTML, like Gecko) Chrome/148.0.0.0 Safari/537.36','SUCCESS',to_timestamp('26/06/02 17:07:42.140000000','RR/MM/DD HH24:MI:SSXFF'));
Insert into SYSTEM.LOGIN_HISTORY (ID,USER_ID,IP_ADDRESS,USER_AGENT,STATUS,CREATED_AT) values (22,8,'::1','Mozilla/5.0 (Windows NT 10.0; Win64; x64) AppleWebKit/537.36 (KHTML, like Gecko) Chrome/148.0.0.0 Safari/537.36','SUCCESS',to_timestamp('26/06/02 17:50:12.494000000','RR/MM/DD HH24:MI:SSXFF'));
Insert into SYSTEM.LOGIN_HISTORY (ID,USER_ID,IP_ADDRESS,USER_AGENT,STATUS,CREATED_AT) values (23,10,'::1','Mozilla/5.0 (Windows NT 10.0; Win64; x64) AppleWebKit/537.36 (KHTML, like Gecko) Chrome/148.0.0.0 Safari/537.36','SUCCESS',to_timestamp('26/06/02 18:31:03.143000000','RR/MM/DD HH24:MI:SSXFF'));
Insert into SYSTEM.LOGIN_HISTORY (ID,USER_ID,IP_ADDRESS,USER_AGENT,STATUS,CREATED_AT) values (24,11,'::1','Mozilla/5.0 (Windows NT 10.0; Win64; x64) AppleWebKit/537.36 (KHTML, like Gecko) Chrome/148.0.0.0 Safari/537.36','SUCCESS',to_timestamp('26/06/02 18:39:52.992000000','RR/MM/DD HH24:MI:SSXFF'));
Insert into SYSTEM.LOGIN_HISTORY (ID,USER_ID,IP_ADDRESS,USER_AGENT,STATUS,CREATED_AT) values (25,8,'::1','Mozilla/5.0 (Windows NT 10.0; Win64; x64) AppleWebKit/537.36 (KHTML, like Gecko) Chrome/148.0.0.0 Safari/537.36','SUCCESS',to_timestamp('26/06/04 09:32:38.371000000','RR/MM/DD HH24:MI:SSXFF'));
Insert into SYSTEM.LOGIN_HISTORY (ID,USER_ID,IP_ADDRESS,USER_AGENT,STATUS,CREATED_AT) values (26,9,'::1','Mozilla/5.0 (Windows NT 10.0; Win64; x64) AppleWebKit/537.36 (KHTML, like Gecko) Chrome/148.0.0.0 Safari/537.36','SUCCESS',to_timestamp('26/06/04 10:10:44.490000000','RR/MM/DD HH24:MI:SSXFF'));
Insert into SYSTEM.LOGIN_HISTORY (ID,USER_ID,IP_ADDRESS,USER_AGENT,STATUS,CREATED_AT) values (27,11,'::1','Mozilla/5.0 (Windows NT 10.0; Win64; x64) AppleWebKit/537.36 (KHTML, like Gecko) Chrome/148.0.0.0 Safari/537.36','SUCCESS',to_timestamp('26/06/04 10:44:25.571000000','RR/MM/DD HH24:MI:SSXFF'));
Insert into SYSTEM.LOGIN_HISTORY (ID,USER_ID,IP_ADDRESS,USER_AGENT,STATUS,CREATED_AT) values (28,9,'::1','Mozilla/5.0 (Windows NT 10.0; Win64; x64) AppleWebKit/537.36 (KHTML, like Gecko) Chrome/148.0.0.0 Safari/537.36','SUCCESS',to_timestamp('26/06/04 11:38:06.579000000','RR/MM/DD HH24:MI:SSXFF'));
Insert into SYSTEM.LOGIN_HISTORY (ID,USER_ID,IP_ADDRESS,USER_AGENT,STATUS,CREATED_AT) values (29,11,'::1','Mozilla/5.0 (Windows NT 10.0; Win64; x64) AppleWebKit/537.36 (KHTML, like Gecko) Chrome/148.0.0.0 Safari/537.36','SUCCESS',to_timestamp('26/06/04 11:38:38.682000000','RR/MM/DD HH24:MI:SSXFF'));
Insert into SYSTEM.LOGIN_HISTORY (ID,USER_ID,IP_ADDRESS,USER_AGENT,STATUS,CREATED_AT) values (30,8,'::1','Mozilla/5.0 (Windows NT 10.0; Win64; x64) AppleWebKit/537.36 (KHTML, like Gecko) Chrome/148.0.0.0 Safari/537.36','SUCCESS',to_timestamp('26/06/04 12:11:25.477000000','RR/MM/DD HH24:MI:SSXFF'));
Insert into SYSTEM.LOGIN_HISTORY (ID,USER_ID,IP_ADDRESS,USER_AGENT,STATUS,CREATED_AT) values (31,9,'::1','Mozilla/5.0 (Windows NT 10.0; Win64; x64) AppleWebKit/537.36 (KHTML, like Gecko) Chrome/148.0.0.0 Safari/537.36','SUCCESS',to_timestamp('26/06/04 12:16:21.109000000','RR/MM/DD HH24:MI:SSXFF'));
Insert into SYSTEM.LOGIN_HISTORY (ID,USER_ID,IP_ADDRESS,USER_AGENT,STATUS,CREATED_AT) values (32,8,'::1','Mozilla/5.0 (Windows NT 10.0; Win64; x64) AppleWebKit/537.36 (KHTML, like Gecko) Chrome/148.0.0.0 Safari/537.36','SUCCESS',to_timestamp('26/06/04 12:39:32.374000000','RR/MM/DD HH24:MI:SSXFF'));
Insert into SYSTEM.LOGIN_HISTORY (ID,USER_ID,IP_ADDRESS,USER_AGENT,STATUS,CREATED_AT) values (33,10,'::1','Mozilla/5.0 (Windows NT 10.0; Win64; x64) AppleWebKit/537.36 (KHTML, like Gecko) Chrome/148.0.0.0 Safari/537.36','SUCCESS',to_timestamp('26/06/04 13:05:52.193000000','RR/MM/DD HH24:MI:SSXFF'));
Insert into SYSTEM.LOGIN_HISTORY (ID,USER_ID,IP_ADDRESS,USER_AGENT,STATUS,CREATED_AT) values (34,8,'::1','Mozilla/5.0 (Windows NT 10.0; Win64; x64) AppleWebKit/537.36 (KHTML, like Gecko) Chrome/148.0.0.0 Safari/537.36','SUCCESS',to_timestamp('26/06/04 16:46:14.396000000','RR/MM/DD HH24:MI:SSXFF'));
Insert into SYSTEM.LOGIN_HISTORY (ID,USER_ID,IP_ADDRESS,USER_AGENT,STATUS,CREATED_AT) values (35,9,'::1','Mozilla/5.0 (Windows NT 10.0; Win64; x64) AppleWebKit/537.36 (KHTML, like Gecko) Chrome/148.0.0.0 Safari/537.36','SUCCESS',to_timestamp('26/06/04 17:44:35.691000000','RR/MM/DD HH24:MI:SSXFF'));
Insert into SYSTEM.LOGIN_HISTORY (ID,USER_ID,IP_ADDRESS,USER_AGENT,STATUS,CREATED_AT) values (36,8,'::1','Mozilla/5.0 (Windows NT 10.0; Win64; x64) AppleWebKit/537.36 (KHTML, like Gecko) Chrome/148.0.0.0 Safari/537.36','SUCCESS',to_timestamp('26/06/04 18:11:02.873000000','RR/MM/DD HH24:MI:SSXFF'));
Insert into SYSTEM.LOGIN_HISTORY (ID,USER_ID,IP_ADDRESS,USER_AGENT,STATUS,CREATED_AT) values (37,11,'::1','Mozilla/5.0 (Windows NT 10.0; Win64; x64) AppleWebKit/537.36 (KHTML, like Gecko) Chrome/148.0.0.0 Safari/537.36','SUCCESS',to_timestamp('26/06/05 13:18:21.265000000','RR/MM/DD HH24:MI:SSXFF'));
Insert into SYSTEM.LOGIN_HISTORY (ID,USER_ID,IP_ADDRESS,USER_AGENT,STATUS,CREATED_AT) values (38,8,'::1','Mozilla/5.0 (Windows NT 10.0; Win64; x64) AppleWebKit/537.36 (KHTML, like Gecko) Chrome/148.0.0.0 Safari/537.36','SUCCESS',to_timestamp('26/06/05 15:07:51.238000000','RR/MM/DD HH24:MI:SSXFF'));
Insert into SYSTEM.LOGIN_HISTORY (ID,USER_ID,IP_ADDRESS,USER_AGENT,STATUS,CREATED_AT) values (39,10,'::1','Mozilla/5.0 (Windows NT 10.0; Win64; x64) AppleWebKit/537.36 (KHTML, like Gecko) Chrome/148.0.0.0 Safari/537.36','SUCCESS',to_timestamp('26/06/05 16:23:01.621000000','RR/MM/DD HH24:MI:SSXFF'));
Insert into SYSTEM.LOGIN_HISTORY (ID,USER_ID,IP_ADDRESS,USER_AGENT,STATUS,CREATED_AT) values (40,9,'::1','Mozilla/5.0 (Windows NT 10.0; Win64; x64) AppleWebKit/537.36 (KHTML, like Gecko) Chrome/148.0.0.0 Safari/537.36','SUCCESS',to_timestamp('26/06/05 17:45:36.775000000','RR/MM/DD HH24:MI:SSXFF'));
REM INSERTING into SYSTEM.NOTIFICATIONS
SET DEFINE OFF;
REM INSERTING into SYSTEM.POST_HASHTAGS
SET DEFINE OFF;
Insert into SYSTEM.POST_HASHTAGS (ID,POST_ID,HASHTAG_ID,CREATED_AT) values (24,15,24,to_timestamp('26/06/05 12:35:29.735000000','RR/MM/DD HH24:MI:SSXFF'));
Insert into SYSTEM.POST_HASHTAGS (ID,POST_ID,HASHTAG_ID,CREATED_AT) values (25,15,25,to_timestamp('26/06/05 12:35:29.739000000','RR/MM/DD HH24:MI:SSXFF'));
Insert into SYSTEM.POST_HASHTAGS (ID,POST_ID,HASHTAG_ID,CREATED_AT) values (26,15,26,to_timestamp('26/06/05 12:35:29.742000000','RR/MM/DD HH24:MI:SSXFF'));
REM INSERTING into SYSTEM.POST_IMAGES
SET DEFINE OFF;
Insert into SYSTEM.POST_IMAGES (ID,POST_ID,IMAGE_URL,SORT_ORDER,CREATED_AT) values (25,15,'http://localhost:3010/uploads/1780630529592-KakaoTalk_20260605_121505453.jpg',1,to_timestamp('26/06/05 12:35:29.728000000','RR/MM/DD HH24:MI:SSXFF'));
Insert into SYSTEM.POST_IMAGES (ID,POST_ID,IMAGE_URL,SORT_ORDER,CREATED_AT) values (26,15,'http://localhost:3010/uploads/1780630529662-KakaoTalk_20260605_121505453_01.jpg',2,to_timestamp('26/06/05 12:35:29.729000000','RR/MM/DD HH24:MI:SSXFF'));
REM INSERTING into SYSTEM.POSTS
SET DEFINE OFF;
Insert into SYSTEM.POSTS (ID,USER_ID,TITLE,CATEGORY,THUMBNAIL_URL,VIEW_COUNT,LIKE_COUNT,SCRAP_COUNT,COMMENT_COUNT,IS_PUBLIC,STATUS,CREATED_AT,UPDATED_AT,DELETED_AT,PARENT_POST_ID) values (15,8,'인천 주안 쿠시노아!','PLACE','http://localhost:3010/uploads/1780630529592-KakaoTalk_20260605_121505453.jpg',0,0,0,0,1,'PUBLISHED',to_timestamp('26/06/05 12:35:29.724000000','RR/MM/DD HH24:MI:SSXFF'),null,null,null);
REM INSERTING into SYSTEM.REFRESH_TOKENS
SET DEFINE OFF;
Insert into SYSTEM.REFRESH_TOKENS (REFRESH_TOKEN_ID,USER_ID,REFRESH_TOKEN,EXPIRES_AT,REVOKED,CREATED_AT) values (1,9,'eyJhbGciOiJIUzI1NiIsInR5cCI6IkpXVCJ9.eyJpZCI6OSwiaWF0IjoxNzgwMzY3NzIzLCJleHAiOjE3ODE1NzczMjN9.X77UufnD9HawJSi36dX4HB_H20dqetnA-iRYdDTW1eI',to_timestamp('26/06/16 11:35:23.141000000','RR/MM/DD HH24:MI:SSXFF'),'N',to_timestamp('26/06/02 11:35:23.145000000','RR/MM/DD HH24:MI:SSXFF'));
Insert into SYSTEM.REFRESH_TOKENS (REFRESH_TOKEN_ID,USER_ID,REFRESH_TOKEN,EXPIRES_AT,REVOKED,CREATED_AT) values (2,8,'eyJhbGciOiJIUzI1NiIsInR5cCI6IkpXVCJ9.eyJpZCI6OCwiaWF0IjoxNzgwMzY5Mzg3LCJleHAiOjE3ODE1Nzg5ODd9.YVfh0ai73A-kLT5j0vVkw4YChtTzdj24A1kvm8qZShY',to_timestamp('26/06/16 12:03:07.084000000','RR/MM/DD HH24:MI:SSXFF'),'N',to_timestamp('26/06/02 12:03:07.086000000','RR/MM/DD HH24:MI:SSXFF'));
Insert into SYSTEM.REFRESH_TOKENS (REFRESH_TOKEN_ID,USER_ID,REFRESH_TOKEN,EXPIRES_AT,REVOKED,CREATED_AT) values (3,8,'eyJhbGciOiJIUzI1NiIsInR5cCI6IkpXVCJ9.eyJpZCI6OCwiaWF0IjoxNzgwMzY5NDA5LCJleHAiOjE3ODE1NzkwMDl9.31kIA4VtiIa1tzdk28OedTJRPHK1le5USBtis2ITA6E',to_timestamp('26/06/16 12:03:29.848000000','RR/MM/DD HH24:MI:SSXFF'),'N',to_timestamp('26/06/02 12:03:29.850000000','RR/MM/DD HH24:MI:SSXFF'));
Insert into SYSTEM.REFRESH_TOKENS (REFRESH_TOKEN_ID,USER_ID,REFRESH_TOKEN,EXPIRES_AT,REVOKED,CREATED_AT) values (4,8,'eyJhbGciOiJIUzI1NiIsInR5cCI6IkpXVCJ9.eyJpZCI6OCwiaWF0IjoxNzgwMzY5NjI1LCJleHAiOjE3ODE1NzkyMjV9.YqIVRRA760WB-w_cTxnoOT9JPwIeECNTHAX0EpCjpSc',to_timestamp('26/06/16 12:07:05.237000000','RR/MM/DD HH24:MI:SSXFF'),'N',to_timestamp('26/06/02 12:07:05.238000000','RR/MM/DD HH24:MI:SSXFF'));
Insert into SYSTEM.REFRESH_TOKENS (REFRESH_TOKEN_ID,USER_ID,REFRESH_TOKEN,EXPIRES_AT,REVOKED,CREATED_AT) values (5,11,'eyJhbGciOiJIUzI1NiIsInR5cCI6IkpXVCJ9.eyJpZCI6MTEsImlhdCI6MTc4MDM2OTc1NSwiZXhwIjoxNzgxNTc5MzU1fQ.hYFiYw0mhA6X_6o_yPcnNzQhQZYYjotRtYLSrGh-GVg',to_timestamp('26/06/16 12:09:15.828000000','RR/MM/DD HH24:MI:SSXFF'),'N',to_timestamp('26/06/02 12:09:15.829000000','RR/MM/DD HH24:MI:SSXFF'));
Insert into SYSTEM.REFRESH_TOKENS (REFRESH_TOKEN_ID,USER_ID,REFRESH_TOKEN,EXPIRES_AT,REVOKED,CREATED_AT) values (6,10,'eyJhbGciOiJIUzI1NiIsInR5cCI6IkpXVCJ9.eyJpZCI6MTAsImlhdCI6MTc4MDM2OTc1OSwiZXhwIjoxNzgxNTc5MzU5fQ.nHf5mfjz5-ASv5ARrtYaBOAtCfN7fESOiLANfs0lkM4',to_timestamp('26/06/16 12:09:19.907000000','RR/MM/DD HH24:MI:SSXFF'),'N',to_timestamp('26/06/02 12:09:19.907000000','RR/MM/DD HH24:MI:SSXFF'));
Insert into SYSTEM.REFRESH_TOKENS (REFRESH_TOKEN_ID,USER_ID,REFRESH_TOKEN,EXPIRES_AT,REVOKED,CREATED_AT) values (7,9,'eyJhbGciOiJIUzI1NiIsInR5cCI6IkpXVCJ9.eyJpZCI6OSwiaWF0IjoxNzgwMzY5OTQzLCJleHAiOjE3ODE1Nzk1NDN9.EjG5dpfkQemGcVitQDVi8-PxV15HqF3rf8GHGox4hHM',to_timestamp('26/06/16 12:12:23.952000000','RR/MM/DD HH24:MI:SSXFF'),'N',to_timestamp('26/06/02 12:12:23.952000000','RR/MM/DD HH24:MI:SSXFF'));
Insert into SYSTEM.REFRESH_TOKENS (REFRESH_TOKEN_ID,USER_ID,REFRESH_TOKEN,EXPIRES_AT,REVOKED,CREATED_AT) values (8,9,'eyJhbGciOiJIUzI1NiIsInR5cCI6IkpXVCJ9.eyJpZCI6OSwiaWF0IjoxNzgwMzcxMDcwLCJleHAiOjE3ODE1ODA2NzB9.SwiD-FjkpLT3-329Kn9fkaT5RH8a9iS-mJwZ0cHSSzA',to_timestamp('26/06/16 12:31:10.618000000','RR/MM/DD HH24:MI:SSXFF'),'N',to_timestamp('26/06/02 12:31:10.618000000','RR/MM/DD HH24:MI:SSXFF'));
Insert into SYSTEM.REFRESH_TOKENS (REFRESH_TOKEN_ID,USER_ID,REFRESH_TOKEN,EXPIRES_AT,REVOKED,CREATED_AT) values (9,9,'eyJhbGciOiJIUzI1NiIsInR5cCI6IkpXVCJ9.eyJpZCI6OSwiaWF0IjoxNzgwMzcxNTkzLCJleHAiOjE3ODE1ODExOTN9.SsyQx-hWZ0xaDS6di4Py1gtzv9bTpGCs5kTvblRzBdg',to_timestamp('26/06/16 12:39:53.665000000','RR/MM/DD HH24:MI:SSXFF'),'N',to_timestamp('26/06/02 12:39:53.665000000','RR/MM/DD HH24:MI:SSXFF'));
Insert into SYSTEM.REFRESH_TOKENS (REFRESH_TOKEN_ID,USER_ID,REFRESH_TOKEN,EXPIRES_AT,REVOKED,CREATED_AT) values (10,9,'eyJhbGciOiJIUzI1NiIsInR5cCI6IkpXVCJ9.eyJpZCI6OSwiaWF0IjoxNzgwMzcyMDU3LCJleHAiOjE3ODE1ODE2NTd9.z6ws7DXwFSjRcX0rkmHNoQFY-9iDafEhmbefpROuDXs',to_timestamp('26/06/16 12:47:37.744000000','RR/MM/DD HH24:MI:SSXFF'),'Y',to_timestamp('26/06/02 12:47:37.744000000','RR/MM/DD HH24:MI:SSXFF'));
Insert into SYSTEM.REFRESH_TOKENS (REFRESH_TOKEN_ID,USER_ID,REFRESH_TOKEN,EXPIRES_AT,REVOKED,CREATED_AT) values (11,11,'eyJhbGciOiJIUzI1NiIsInR5cCI6IkpXVCJ9.eyJpZCI6MTEsImlhdCI6MTc4MDM3Mjc0NiwiZXhwIjoxNzgxNTgyMzQ2fQ.q-JmYU1zeIL_G3_U2fNS7ylNvW-fLohnG3o_uDHZsG8',to_timestamp('26/06/16 12:59:06.364000000','RR/MM/DD HH24:MI:SSXFF'),'N',to_timestamp('26/06/02 12:59:06.365000000','RR/MM/DD HH24:MI:SSXFF'));
Insert into SYSTEM.REFRESH_TOKENS (REFRESH_TOKEN_ID,USER_ID,REFRESH_TOKEN,EXPIRES_AT,REVOKED,CREATED_AT) values (12,10,'eyJhbGciOiJIUzI1NiIsInR5cCI6IkpXVCJ9.eyJpZCI6MTAsImlhdCI6MTc4MDM3Mjg0NCwiZXhwIjoxNzgxNTgyNDQ0fQ.kWnCaRhPi7Q_TnHmADx9jvTtHsMkuACFE-8GrIS5BTI',to_timestamp('26/06/16 13:00:44.759000000','RR/MM/DD HH24:MI:SSXFF'),'N',to_timestamp('26/06/02 13:00:44.759000000','RR/MM/DD HH24:MI:SSXFF'));
Insert into SYSTEM.REFRESH_TOKENS (REFRESH_TOKEN_ID,USER_ID,REFRESH_TOKEN,EXPIRES_AT,REVOKED,CREATED_AT) values (13,8,'eyJhbGciOiJIUzI1NiIsInR5cCI6IkpXVCJ9.eyJpZCI6OCwiaWF0IjoxNzgwMzcyODg2LCJleHAiOjE3ODE1ODI0ODZ9.oQt9zgscC1KTgyQwQVqpClADWo3CLGVbf5YOpvUafc8',to_timestamp('26/06/16 13:01:26.877000000','RR/MM/DD HH24:MI:SSXFF'),'N',to_timestamp('26/06/02 13:01:26.877000000','RR/MM/DD HH24:MI:SSXFF'));
Insert into SYSTEM.REFRESH_TOKENS (REFRESH_TOKEN_ID,USER_ID,REFRESH_TOKEN,EXPIRES_AT,REVOKED,CREATED_AT) values (14,8,'eyJhbGciOiJIUzI1NiIsInR5cCI6IkpXVCJ9.eyJpZCI6OCwiaWF0IjoxNzgwMzcyOTkwLCJleHAiOjE3ODE1ODI1OTB9.rNV7Ups3TB-Pwb_WbirSGVKNRsW8TdSlFX9F8PAag1g',to_timestamp('26/06/16 13:03:10.530000000','RR/MM/DD HH24:MI:SSXFF'),'Y',to_timestamp('26/06/02 13:03:10.530000000','RR/MM/DD HH24:MI:SSXFF'));
Insert into SYSTEM.REFRESH_TOKENS (REFRESH_TOKEN_ID,USER_ID,REFRESH_TOKEN,EXPIRES_AT,REVOKED,CREATED_AT) values (15,8,'eyJhbGciOiJIUzI1NiIsInR5cCI6IkpXVCJ9.eyJpZCI6OCwiaWF0IjoxNzgwMzczMzEwLCJleHAiOjE3ODE1ODI5MTB9.4wUP2OHLcgTG6gyTltxmtgJTEH6Umlty6LEfXrSINAU',to_timestamp('26/06/16 13:08:30.085000000','RR/MM/DD HH24:MI:SSXFF'),'Y',to_timestamp('26/06/02 13:08:30.085000000','RR/MM/DD HH24:MI:SSXFF'));
Insert into SYSTEM.REFRESH_TOKENS (REFRESH_TOKEN_ID,USER_ID,REFRESH_TOKEN,EXPIRES_AT,REVOKED,CREATED_AT) values (16,9,'eyJhbGciOiJIUzI1NiIsInR5cCI6IkpXVCJ9.eyJpZCI6OSwiaWF0IjoxNzgwMzczNzA4LCJleHAiOjE3ODE1ODMzMDh9.qPUZbJ-2Sdfmgn9nTwRYao5tjvr0ki-ADPDx6b47wkA',to_timestamp('26/06/16 13:15:08.314000000','RR/MM/DD HH24:MI:SSXFF'),'Y',to_timestamp('26/06/02 13:15:08.314000000','RR/MM/DD HH24:MI:SSXFF'));
Insert into SYSTEM.REFRESH_TOKENS (REFRESH_TOKEN_ID,USER_ID,REFRESH_TOKEN,EXPIRES_AT,REVOKED,CREATED_AT) values (17,9,'eyJhbGciOiJIUzI1NiIsInR5cCI6IkpXVCJ9.eyJpZCI6OSwiaWF0IjoxNzgwMzgzOTk4LCJleHAiOjE3ODE1OTM1OTh9.gulHbjkAJZzAxgvt5CggguhTaHg-UFSxGPywQ15UMNo',to_timestamp('26/06/16 16:06:38.535000000','RR/MM/DD HH24:MI:SSXFF'),'Y',to_timestamp('26/06/02 16:06:38.536000000','RR/MM/DD HH24:MI:SSXFF'));
Insert into SYSTEM.REFRESH_TOKENS (REFRESH_TOKEN_ID,USER_ID,REFRESH_TOKEN,EXPIRES_AT,REVOKED,CREATED_AT) values (18,10,'eyJhbGciOiJIUzI1NiIsInR5cCI6IkpXVCJ9.eyJpZCI6MTAsImlhdCI6MTc4MDM4NTUzMiwiZXhwIjoxNzgxNTk1MTMyfQ.ImgzGLjqv0F3UEN0NMBs0GEfXUbyweZcU92mMD-Ialk',to_timestamp('26/06/16 16:32:12.902000000','RR/MM/DD HH24:MI:SSXFF'),'Y',to_timestamp('26/06/02 16:32:12.904000000','RR/MM/DD HH24:MI:SSXFF'));
Insert into SYSTEM.REFRESH_TOKENS (REFRESH_TOKEN_ID,USER_ID,REFRESH_TOKEN,EXPIRES_AT,REVOKED,CREATED_AT) values (19,11,'eyJhbGciOiJIUzI1NiIsInR5cCI6IkpXVCJ9.eyJpZCI6MTEsImlhdCI6MTc4MDM4NTgwNSwiZXhwIjoxNzgxNTk1NDA1fQ.Ver_PkRv_sngapA8JiVg82bb22U6BEW2a-e_zJXYFWc',to_timestamp('26/06/16 16:36:45.639000000','RR/MM/DD HH24:MI:SSXFF'),'Y',to_timestamp('26/06/02 16:36:45.639000000','RR/MM/DD HH24:MI:SSXFF'));
Insert into SYSTEM.REFRESH_TOKENS (REFRESH_TOKEN_ID,USER_ID,REFRESH_TOKEN,EXPIRES_AT,REVOKED,CREATED_AT) values (20,8,'eyJhbGciOiJIUzI1NiIsInR5cCI6IkpXVCJ9.eyJpZCI6OCwiaWF0IjoxNzgwMzg3MjM1LCJleHAiOjE3ODE1OTY4MzV9.PWV8FW8dE4QBs2aKpWitfdflVFD8ORHtgE3jnE0kNcA',to_timestamp('26/06/16 17:00:35.868000000','RR/MM/DD HH24:MI:SSXFF'),'N',to_timestamp('26/06/02 17:00:35.869000000','RR/MM/DD HH24:MI:SSXFF'));
Insert into SYSTEM.REFRESH_TOKENS (REFRESH_TOKEN_ID,USER_ID,REFRESH_TOKEN,EXPIRES_AT,REVOKED,CREATED_AT) values (21,9,'eyJhbGciOiJIUzI1NiIsInR5cCI6IkpXVCJ9.eyJpZCI6OSwiaWF0IjoxNzgwMzg3NjYyLCJleHAiOjE3ODE1OTcyNjJ9.5GC0MQjcdA2Ek5URqEuO-O7BvIypvNHQxhkuSqjxN-U',to_timestamp('26/06/16 17:07:42.146000000','RR/MM/DD HH24:MI:SSXFF'),'Y',to_timestamp('26/06/02 17:07:42.148000000','RR/MM/DD HH24:MI:SSXFF'));
Insert into SYSTEM.REFRESH_TOKENS (REFRESH_TOKEN_ID,USER_ID,REFRESH_TOKEN,EXPIRES_AT,REVOKED,CREATED_AT) values (22,8,'eyJhbGciOiJIUzI1NiIsInR5cCI6IkpXVCJ9.eyJpZCI6OCwiaWF0IjoxNzgwMzkwMjEyLCJleHAiOjE3ODE1OTk4MTJ9.LJ4xYScdKB3YgpVKTsEKN3SR3P8S5M006EEEhIRW4is',to_timestamp('26/06/16 17:50:12.499000000','RR/MM/DD HH24:MI:SSXFF'),'N',to_timestamp('26/06/02 17:50:12.501000000','RR/MM/DD HH24:MI:SSXFF'));
Insert into SYSTEM.REFRESH_TOKENS (REFRESH_TOKEN_ID,USER_ID,REFRESH_TOKEN,EXPIRES_AT,REVOKED,CREATED_AT) values (23,10,'eyJhbGciOiJIUzI1NiIsInR5cCI6IkpXVCJ9.eyJpZCI6MTAsImlhdCI6MTc4MDM5MjY2MywiZXhwIjoxNzgxNjAyMjYzfQ.WQoP2ZJHogdvDXaVMdKgZF40nHSKPL1zMbicU8KNSJQ',to_timestamp('26/06/16 18:31:03.147000000','RR/MM/DD HH24:MI:SSXFF'),'N',to_timestamp('26/06/02 18:31:03.149000000','RR/MM/DD HH24:MI:SSXFF'));
Insert into SYSTEM.REFRESH_TOKENS (REFRESH_TOKEN_ID,USER_ID,REFRESH_TOKEN,EXPIRES_AT,REVOKED,CREATED_AT) values (24,11,'eyJhbGciOiJIUzI1NiIsInR5cCI6IkpXVCJ9.eyJpZCI6MTEsImlhdCI6MTc4MDM5MzE5MiwiZXhwIjoxNzgxNjAyNzkyfQ.Mz9Gnk-g7brOlxb-d6_El9xq80uUg_SgrQvLdjhxJ7w',to_timestamp('26/06/16 18:39:52.996000000','RR/MM/DD HH24:MI:SSXFF'),'N',to_timestamp('26/06/02 18:39:52.997000000','RR/MM/DD HH24:MI:SSXFF'));
Insert into SYSTEM.REFRESH_TOKENS (REFRESH_TOKEN_ID,USER_ID,REFRESH_TOKEN,EXPIRES_AT,REVOKED,CREATED_AT) values (25,8,'eyJhbGciOiJIUzI1NiIsInR5cCI6IkpXVCJ9.eyJpZCI6OCwiaWF0IjoxNzgwNTMzMTU4LCJleHAiOjE3ODE3NDI3NTh9.D5pCbhdXvZAju-_iaBeydzE35wi_q4t4ucRXye2gYPY',to_timestamp('26/06/18 09:32:38.376000000','RR/MM/DD HH24:MI:SSXFF'),'N',to_timestamp('26/06/04 09:32:38.379000000','RR/MM/DD HH24:MI:SSXFF'));
Insert into SYSTEM.REFRESH_TOKENS (REFRESH_TOKEN_ID,USER_ID,REFRESH_TOKEN,EXPIRES_AT,REVOKED,CREATED_AT) values (26,9,'eyJhbGciOiJIUzI1NiIsInR5cCI6IkpXVCJ9.eyJpZCI6OSwiaWF0IjoxNzgwNTM1NDQ0LCJleHAiOjE3ODE3NDUwNDR9.gg2hudDKoKfSzxwsJhMr8OKJurJ6zRzF0l_Dttg2NKQ',to_timestamp('26/06/18 10:10:44.495000000','RR/MM/DD HH24:MI:SSXFF'),'Y',to_timestamp('26/06/04 10:10:44.497000000','RR/MM/DD HH24:MI:SSXFF'));
Insert into SYSTEM.REFRESH_TOKENS (REFRESH_TOKEN_ID,USER_ID,REFRESH_TOKEN,EXPIRES_AT,REVOKED,CREATED_AT) values (27,11,'eyJhbGciOiJIUzI1NiIsInR5cCI6IkpXVCJ9.eyJpZCI6MTEsImlhdCI6MTc4MDUzNzQ2NSwiZXhwIjoxNzgxNzQ3MDY1fQ.fQk-iBO-MMrHTsQ6wyxQb0qUZRXKInpFP1Ky2kXMaXg',to_timestamp('26/06/18 10:44:25.572000000','RR/MM/DD HH24:MI:SSXFF'),'N',to_timestamp('26/06/04 10:44:25.573000000','RR/MM/DD HH24:MI:SSXFF'));
Insert into SYSTEM.REFRESH_TOKENS (REFRESH_TOKEN_ID,USER_ID,REFRESH_TOKEN,EXPIRES_AT,REVOKED,CREATED_AT) values (28,9,'eyJhbGciOiJIUzI1NiIsInR5cCI6IkpXVCJ9.eyJpZCI6OSwiaWF0IjoxNzgwNTQwNjg2LCJleHAiOjE3ODE3NTAyODZ9.a_4yC8pM2KQbfrI7jUJCqG7b0u3XFEWDG0HPcgR-MUs',to_timestamp('26/06/18 11:38:06.586000000','RR/MM/DD HH24:MI:SSXFF'),'Y',to_timestamp('26/06/04 11:38:06.587000000','RR/MM/DD HH24:MI:SSXFF'));
Insert into SYSTEM.REFRESH_TOKENS (REFRESH_TOKEN_ID,USER_ID,REFRESH_TOKEN,EXPIRES_AT,REVOKED,CREATED_AT) values (29,11,'eyJhbGciOiJIUzI1NiIsInR5cCI6IkpXVCJ9.eyJpZCI6MTEsImlhdCI6MTc4MDU0MDcxOCwiZXhwIjoxNzgxNzUwMzE4fQ.YkgKmQujtCp9DF_32LXFc6iKHD2H7NROTm72n_8jnwk',to_timestamp('26/06/18 11:38:38.683000000','RR/MM/DD HH24:MI:SSXFF'),'N',to_timestamp('26/06/04 11:38:38.684000000','RR/MM/DD HH24:MI:SSXFF'));
Insert into SYSTEM.REFRESH_TOKENS (REFRESH_TOKEN_ID,USER_ID,REFRESH_TOKEN,EXPIRES_AT,REVOKED,CREATED_AT) values (30,8,'eyJhbGciOiJIUzI1NiIsInR5cCI6IkpXVCJ9.eyJpZCI6OCwiaWF0IjoxNzgwNTQyNjg1LCJleHAiOjE3ODE3NTIyODV9.2yl37j-kK2VmDwK3YzFPdds4zuiSQRNQ3kyxnLx5fE4',to_timestamp('26/06/18 12:11:25.484000000','RR/MM/DD HH24:MI:SSXFF'),'Y',to_timestamp('26/06/04 12:11:25.486000000','RR/MM/DD HH24:MI:SSXFF'));
Insert into SYSTEM.REFRESH_TOKENS (REFRESH_TOKEN_ID,USER_ID,REFRESH_TOKEN,EXPIRES_AT,REVOKED,CREATED_AT) values (31,9,'eyJhbGciOiJIUzI1NiIsInR5cCI6IkpXVCJ9.eyJpZCI6OSwiaWF0IjoxNzgwNTQyOTgxLCJleHAiOjE3ODE3NTI1ODF9.kHhxwK91MqlnTWiMllPPu6tkX2LdSlxv6KGLc8rAikQ',to_timestamp('26/06/18 12:16:21.112000000','RR/MM/DD HH24:MI:SSXFF'),'Y',to_timestamp('26/06/04 12:16:21.112000000','RR/MM/DD HH24:MI:SSXFF'));
Insert into SYSTEM.REFRESH_TOKENS (REFRESH_TOKEN_ID,USER_ID,REFRESH_TOKEN,EXPIRES_AT,REVOKED,CREATED_AT) values (32,8,'eyJhbGciOiJIUzI1NiIsInR5cCI6IkpXVCJ9.eyJpZCI6OCwiaWF0IjoxNzgwNTQ0MzcyLCJleHAiOjE3ODE3NTM5NzJ9.H5AYiIqgI3IWmdR2APsvWXVtbBtnPaxUnf34fmdRuiM',to_timestamp('26/06/18 12:39:32.380000000','RR/MM/DD HH24:MI:SSXFF'),'Y',to_timestamp('26/06/04 12:39:32.382000000','RR/MM/DD HH24:MI:SSXFF'));
Insert into SYSTEM.REFRESH_TOKENS (REFRESH_TOKEN_ID,USER_ID,REFRESH_TOKEN,EXPIRES_AT,REVOKED,CREATED_AT) values (33,10,'eyJhbGciOiJIUzI1NiIsInR5cCI6IkpXVCJ9.eyJpZCI6MTAsImlhdCI6MTc4MDU0NTk1MiwiZXhwIjoxNzgxNzU1NTUyfQ.oegqLf_wATymRXrimeFH86DuhL2F7wPsBqq4khmz1bs',to_timestamp('26/06/18 13:05:52.199000000','RR/MM/DD HH24:MI:SSXFF'),'Y',to_timestamp('26/06/04 13:05:52.201000000','RR/MM/DD HH24:MI:SSXFF'));
Insert into SYSTEM.REFRESH_TOKENS (REFRESH_TOKEN_ID,USER_ID,REFRESH_TOKEN,EXPIRES_AT,REVOKED,CREATED_AT) values (34,8,'eyJhbGciOiJIUzI1NiIsInR5cCI6IkpXVCJ9.eyJpZCI6OCwiaWF0IjoxNzgwNTU5MTc0LCJleHAiOjE3ODE3Njg3NzR9.G2Ecwklim91wMo3adbaDXSpmDBruh76zl2cIe1mQgUE',to_timestamp('26/06/18 16:46:14.398000000','RR/MM/DD HH24:MI:SSXFF'),'N',to_timestamp('26/06/04 16:46:14.399000000','RR/MM/DD HH24:MI:SSXFF'));
Insert into SYSTEM.REFRESH_TOKENS (REFRESH_TOKEN_ID,USER_ID,REFRESH_TOKEN,EXPIRES_AT,REVOKED,CREATED_AT) values (35,9,'eyJhbGciOiJIUzI1NiIsInR5cCI6IkpXVCJ9.eyJpZCI6OSwiaWF0IjoxNzgwNTYyNjc1LCJleHAiOjE3ODE3NzIyNzV9.qChnBtHOKJzc8ITD7ysWHbfo2taBBaL5I_BxEcSk41g',to_timestamp('26/06/18 17:44:35.693000000','RR/MM/DD HH24:MI:SSXFF'),'Y',to_timestamp('26/06/04 17:44:35.695000000','RR/MM/DD HH24:MI:SSXFF'));
Insert into SYSTEM.REFRESH_TOKENS (REFRESH_TOKEN_ID,USER_ID,REFRESH_TOKEN,EXPIRES_AT,REVOKED,CREATED_AT) values (36,8,'eyJhbGciOiJIUzI1NiIsInR5cCI6IkpXVCJ9.eyJpZCI6OCwiaWF0IjoxNzgwNTY0MjYyLCJleHAiOjE3ODE3NzM4NjJ9.FBBgHHi25s9YPrf-5GS3YDB0KgWnFgCZ3livL6XGYpQ',to_timestamp('26/06/18 18:11:02.878000000','RR/MM/DD HH24:MI:SSXFF'),'Y',to_timestamp('26/06/04 18:11:02.880000000','RR/MM/DD HH24:MI:SSXFF'));
Insert into SYSTEM.REFRESH_TOKENS (REFRESH_TOKEN_ID,USER_ID,REFRESH_TOKEN,EXPIRES_AT,REVOKED,CREATED_AT) values (37,11,'eyJhbGciOiJIUzI1NiIsInR5cCI6IkpXVCJ9.eyJpZCI6MTEsImlhdCI6MTc4MDYzMzEwMSwiZXhwIjoxNzgxODQyNzAxfQ.fR-GbOUrWEMgez4aoo-SXZN8OzB86vfCQajtuPtarNk',to_timestamp('26/06/19 13:18:21.270000000','RR/MM/DD HH24:MI:SSXFF'),'Y',to_timestamp('26/06/05 13:18:21.273000000','RR/MM/DD HH24:MI:SSXFF'));
Insert into SYSTEM.REFRESH_TOKENS (REFRESH_TOKEN_ID,USER_ID,REFRESH_TOKEN,EXPIRES_AT,REVOKED,CREATED_AT) values (38,8,'eyJhbGciOiJIUzI1NiIsInR5cCI6IkpXVCJ9.eyJpZCI6OCwiaWF0IjoxNzgwNjM5NjcxLCJleHAiOjE3ODE4NDkyNzF9.WzkzdqXsHM6po45LuNWWFfEniojLzryfN-iJK89sJs4',to_timestamp('26/06/19 15:07:51.244000000','RR/MM/DD HH24:MI:SSXFF'),'Y',to_timestamp('26/06/05 15:07:51.246000000','RR/MM/DD HH24:MI:SSXFF'));
Insert into SYSTEM.REFRESH_TOKENS (REFRESH_TOKEN_ID,USER_ID,REFRESH_TOKEN,EXPIRES_AT,REVOKED,CREATED_AT) values (39,10,'eyJhbGciOiJIUzI1NiIsInR5cCI6IkpXVCJ9.eyJpZCI6MTAsImlhdCI6MTc4MDY0NDE4MSwiZXhwIjoxNzgxODUzNzgxfQ.YjbH_oZuO6fRD8HzHtiePwnM5jVJBdIqap4TtKPdO-8',to_timestamp('26/06/19 16:23:01.624000000','RR/MM/DD HH24:MI:SSXFF'),'Y',to_timestamp('26/06/05 16:23:01.624000000','RR/MM/DD HH24:MI:SSXFF'));
Insert into SYSTEM.REFRESH_TOKENS (REFRESH_TOKEN_ID,USER_ID,REFRESH_TOKEN,EXPIRES_AT,REVOKED,CREATED_AT) values (40,9,'eyJhbGciOiJIUzI1NiIsInR5cCI6IkpXVCJ9.eyJpZCI6OSwiaWF0IjoxNzgwNjQ5MTM2LCJleHAiOjE3ODE4NTg3MzZ9.vqDYAUP4i-1aUbpcDBK-OSvCFlGthuDWp736XAojKLc',to_timestamp('26/06/19 17:45:36.777000000','RR/MM/DD HH24:MI:SSXFF'),'N',to_timestamp('26/06/05 17:45:36.778000000','RR/MM/DD HH24:MI:SSXFF'));
REM INSERTING into SYSTEM.SCRAPS
SET DEFINE OFF;
Insert into SYSTEM.SCRAPS (ID,USER_ID,POST_ID,CREATED_AT) values (7,11,15,to_timestamp('26/06/05 13:21:28.419000000','RR/MM/DD HH24:MI:SSXFF'));
Insert into SYSTEM.SCRAPS (ID,USER_ID,POST_ID,CREATED_AT) values (14,9,15,to_timestamp('26/06/05 18:01:31.724000000','RR/MM/DD HH24:MI:SSXFF'));
REM INSERTING into SYSTEM.USERS
SET DEFINE OFF;
Insert into SYSTEM.USERS (ID,EMAIL,PASSWORD,PROVIDER,PROVIDER_ID,NICKNAME,PROFILE_IMAGE,BIO,ROLE,STATUS,EMAIL_VERIFIED,LAST_LOGIN_AT,CREATED_AT,UPDATED_AT,DELETED_AT,BIRTH_DATE) values (10,'kakao_4925544312@kakao.com',null,'KAKAO','4925544312','꾸루뚜롭브','http://localhost:3010/uploads/1780559155873-profile-3fddecd625a05e9be6e819fb96ce3144.jpg','반갑습니다 ^3^','USER','ACTIVE',1,to_timestamp('26/06/05 16:23:01.618000000','RR/MM/DD HH24:MI:SSXFF'),to_timestamp('26/06/02 10:52:44.205000000','RR/MM/DD HH24:MI:SSXFF'),to_timestamp('26/06/05 16:26:14.842000000','RR/MM/DD HH24:MI:SSXFF'),null,to_date('03/01/04','RR/MM/DD'));
Insert into SYSTEM.USERS (ID,EMAIL,PASSWORD,PROVIDER,PROVIDER_ID,NICKNAME,PROFILE_IMAGE,BIO,ROLE,STATUS,EMAIL_VERIFIED,LAST_LOGIN_AT,CREATED_AT,UPDATED_AT,DELETED_AT,BIRTH_DATE) values (8,'fktkr001@gmail.com',null,'GOOGLE','103390485686974978945','라삭무라이','http://localhost:3010/uploads/1780564369382-profile-KakaoTalk_20260527_140056183.jpg','소통해요~','USER','ACTIVE',1,to_timestamp('26/06/05 15:07:51.236000000','RR/MM/DD HH24:MI:SSXFF'),to_timestamp('26/06/02 09:43:25.877000000','RR/MM/DD HH24:MI:SSXFF'),to_timestamp('26/06/04 18:12:49.418000000','RR/MM/DD HH24:MI:SSXFF'),null,to_date('03/01/04','RR/MM/DD'));
Insert into SYSTEM.USERS (ID,EMAIL,PASSWORD,PROVIDER,PROVIDER_ID,NICKNAME,PROFILE_IMAGE,BIO,ROLE,STATUS,EMAIL_VERIFIED,LAST_LOGIN_AT,CREATED_AT,UPDATED_AT,DELETED_AT,BIRTH_DATE) values (11,'dighqk@gmail.com',null,'NAVER','_Z3AreWgXbEtBshC1lPVELtm6iUH8bwKh_YgNsjObME','보송해','https://phinf.pstatic.net/contact/20251001_202/1759325769157yr1kr_GIF/i013493992293.gif',null,'USER','ACTIVE',1,to_timestamp('26/06/05 13:18:21.257000000','RR/MM/DD HH24:MI:SSXFF'),to_timestamp('26/06/02 11:01:21.232000000','RR/MM/DD HH24:MI:SSXFF'),null,null,to_date('03/01/04','RR/MM/DD'));
Insert into SYSTEM.USERS (ID,EMAIL,PASSWORD,PROVIDER,PROVIDER_ID,NICKNAME,PROFILE_IMAGE,BIO,ROLE,STATUS,EMAIL_VERIFIED,LAST_LOGIN_AT,CREATED_AT,UPDATED_AT,DELETED_AT,BIRTH_DATE) values (9,'kewiibird@gmail.com','$2b$10$7lzPciLU6InpkeAyNBkS9ePBuAA8deTdIFJ9l76Uy6urpIw/xN53O','LOCAL',null,'키위새','http://localhost:3010/uploads/1780564248351-profile-주댕치bc8fcb06b.jpg','안뇽안뇽','USER','ACTIVE',1,to_timestamp('26/06/05 17:45:36.773000000','RR/MM/DD HH24:MI:SSXFF'),to_timestamp('26/06/02 09:45:51.695000000','RR/MM/DD HH24:MI:SSXFF'),to_timestamp('26/06/04 18:10:48.366000000','RR/MM/DD HH24:MI:SSXFF'),null,to_date('03/01/04','RR/MM/DD'));
REM INSERTING into SYSTEM.USER_BLOCKS
SET DEFINE OFF;
REM INSERTING into SYSTEM.REPORTS
SET DEFINE OFF;
--------------------------------------------------------
--  DDL for Index IDX_COMMENTS_POST
--------------------------------------------------------

  CREATE INDEX "SYSTEM"."IDX_COMMENTS_POST" ON "SYSTEM"."COMMENTS" ("POST_ID") 
  PCTFREE 10 INITRANS 2 MAXTRANS 255 COMPUTE STATISTICS 
  STORAGE(INITIAL 65536 NEXT 1048576 MINEXTENTS 1 MAXEXTENTS 2147483645
  PCTINCREASE 0 FREELISTS 1 FREELIST GROUPS 1
  BUFFER_POOL DEFAULT FLASH_CACHE DEFAULT CELL_FLASH_CACHE DEFAULT)
  TABLESPACE "SYSTEM" ;
--------------------------------------------------------
--  DDL for Index IDX_COMMENTS_USER
--------------------------------------------------------

  CREATE INDEX "SYSTEM"."IDX_COMMENTS_USER" ON "SYSTEM"."COMMENTS" ("USER_ID") 
  PCTFREE 10 INITRANS 2 MAXTRANS 255 COMPUTE STATISTICS 
  STORAGE(INITIAL 65536 NEXT 1048576 MINEXTENTS 1 MAXEXTENTS 2147483645
  PCTINCREASE 0 FREELISTS 1 FREELIST GROUPS 1
  BUFFER_POOL DEFAULT FLASH_CACHE DEFAULT CELL_FLASH_CACHE DEFAULT)
  TABLESPACE "SYSTEM" ;
--------------------------------------------------------
--  DDL for Index SYS_C008454
--------------------------------------------------------

  CREATE UNIQUE INDEX "SYSTEM"."SYS_C008454" ON "SYSTEM"."COMMENTS" ("ID") 
  PCTFREE 10 INITRANS 2 MAXTRANS 255 
  STORAGE(INITIAL 65536 NEXT 1048576 MINEXTENTS 1 MAXEXTENTS 2147483645
  PCTINCREASE 0 FREELISTS 1 FREELIST GROUPS 1
  BUFFER_POOL DEFAULT FLASH_CACHE DEFAULT CELL_FLASH_CACHE DEFAULT)
  TABLESPACE "SYSTEM" ;
--------------------------------------------------------
--  DDL for Index SYS_C008514
--------------------------------------------------------

  CREATE UNIQUE INDEX "SYSTEM"."SYS_C008514" ON "SYSTEM"."EMAIL_VERIFICATIONS" ("ID") 
  PCTFREE 10 INITRANS 2 MAXTRANS 255 
  STORAGE(INITIAL 65536 NEXT 1048576 MINEXTENTS 1 MAXEXTENTS 2147483645
  PCTINCREASE 0 FREELISTS 1 FREELIST GROUPS 1
  BUFFER_POOL DEFAULT FLASH_CACHE DEFAULT CELL_FLASH_CACHE DEFAULT)
  TABLESPACE "SYSTEM" ;
--------------------------------------------------------
--  DDL for Index IDX_FOLLOW_FOLLOWER
--------------------------------------------------------

  CREATE INDEX "SYSTEM"."IDX_FOLLOW_FOLLOWER" ON "SYSTEM"."FOLLOWS" ("FOLLOWER_ID") 
  PCTFREE 10 INITRANS 2 MAXTRANS 255 COMPUTE STATISTICS 
  STORAGE(INITIAL 65536 NEXT 1048576 MINEXTENTS 1 MAXEXTENTS 2147483645
  PCTINCREASE 0 FREELISTS 1 FREELIST GROUPS 1
  BUFFER_POOL DEFAULT FLASH_CACHE DEFAULT CELL_FLASH_CACHE DEFAULT)
  TABLESPACE "SYSTEM" ;
--------------------------------------------------------
--  DDL for Index IDX_FOLLOW_FOLLOWING
--------------------------------------------------------

  CREATE INDEX "SYSTEM"."IDX_FOLLOW_FOLLOWING" ON "SYSTEM"."FOLLOWS" ("FOLLOWING_ID") 
  PCTFREE 10 INITRANS 2 MAXTRANS 255 COMPUTE STATISTICS 
  STORAGE(INITIAL 65536 NEXT 1048576 MINEXTENTS 1 MAXEXTENTS 2147483645
  PCTINCREASE 0 FREELISTS 1 FREELIST GROUPS 1
  BUFFER_POOL DEFAULT FLASH_CACHE DEFAULT CELL_FLASH_CACHE DEFAULT)
  TABLESPACE "SYSTEM" ;
--------------------------------------------------------
--  DDL for Index SYS_C008476
--------------------------------------------------------

  CREATE UNIQUE INDEX "SYSTEM"."SYS_C008476" ON "SYSTEM"."FOLLOWS" ("ID") 
  PCTFREE 10 INITRANS 2 MAXTRANS 255 
  STORAGE(INITIAL 65536 NEXT 1048576 MINEXTENTS 1 MAXEXTENTS 2147483645
  PCTINCREASE 0 FREELISTS 1 FREELIST GROUPS 1
  BUFFER_POOL DEFAULT FLASH_CACHE DEFAULT CELL_FLASH_CACHE DEFAULT)
  TABLESPACE "SYSTEM" ;
--------------------------------------------------------
--  DDL for Index UQ_FOLLOW
--------------------------------------------------------

  CREATE UNIQUE INDEX "SYSTEM"."UQ_FOLLOW" ON "SYSTEM"."FOLLOWS" ("FOLLOWER_ID", "FOLLOWING_ID") 
  PCTFREE 10 INITRANS 2 MAXTRANS 255 
  STORAGE(INITIAL 65536 NEXT 1048576 MINEXTENTS 1 MAXEXTENTS 2147483645
  PCTINCREASE 0 FREELISTS 1 FREELIST GROUPS 1
  BUFFER_POOL DEFAULT FLASH_CACHE DEFAULT CELL_FLASH_CACHE DEFAULT)
  TABLESPACE "SYSTEM" ;
--------------------------------------------------------
--  DDL for Index SYS_C008429
--------------------------------------------------------

  CREATE UNIQUE INDEX "SYSTEM"."SYS_C008429" ON "SYSTEM"."HASHTAGS" ("ID") 
  PCTFREE 10 INITRANS 2 MAXTRANS 255 
  STORAGE(INITIAL 65536 NEXT 1048576 MINEXTENTS 1 MAXEXTENTS 2147483645
  PCTINCREASE 0 FREELISTS 1 FREELIST GROUPS 1
  BUFFER_POOL DEFAULT FLASH_CACHE DEFAULT CELL_FLASH_CACHE DEFAULT)
  TABLESPACE "SYSTEM" ;
--------------------------------------------------------
--  DDL for Index UQ_HASHTAG_NAME
--------------------------------------------------------

  CREATE UNIQUE INDEX "SYSTEM"."UQ_HASHTAG_NAME" ON "SYSTEM"."HASHTAGS" ("NAME") 
  PCTFREE 10 INITRANS 2 MAXTRANS 255 
  STORAGE(INITIAL 65536 NEXT 1048576 MINEXTENTS 1 MAXEXTENTS 2147483645
  PCTINCREASE 0 FREELISTS 1 FREELIST GROUPS 1
  BUFFER_POOL DEFAULT FLASH_CACHE DEFAULT CELL_FLASH_CACHE DEFAULT)
  TABLESPACE "SYSTEM" ;
--------------------------------------------------------
--  DDL for Index IDX_LIKES_POST
--------------------------------------------------------

  CREATE INDEX "SYSTEM"."IDX_LIKES_POST" ON "SYSTEM"."LIKES" ("POST_ID") 
  PCTFREE 10 INITRANS 2 MAXTRANS 255 COMPUTE STATISTICS 
  STORAGE(INITIAL 65536 NEXT 1048576 MINEXTENTS 1 MAXEXTENTS 2147483645
  PCTINCREASE 0 FREELISTS 1 FREELIST GROUPS 1
  BUFFER_POOL DEFAULT FLASH_CACHE DEFAULT CELL_FLASH_CACHE DEFAULT)
  TABLESPACE "SYSTEM" ;
--------------------------------------------------------
--  DDL for Index IDX_LIKES_USER
--------------------------------------------------------

  CREATE INDEX "SYSTEM"."IDX_LIKES_USER" ON "SYSTEM"."LIKES" ("USER_ID") 
  PCTFREE 10 INITRANS 2 MAXTRANS 255 COMPUTE STATISTICS 
  STORAGE(INITIAL 65536 NEXT 1048576 MINEXTENTS 1 MAXEXTENTS 2147483645
  PCTINCREASE 0 FREELISTS 1 FREELIST GROUPS 1
  BUFFER_POOL DEFAULT FLASH_CACHE DEFAULT CELL_FLASH_CACHE DEFAULT)
  TABLESPACE "SYSTEM" ;
--------------------------------------------------------
--  DDL for Index SYS_C008461
--------------------------------------------------------

  CREATE UNIQUE INDEX "SYSTEM"."SYS_C008461" ON "SYSTEM"."LIKES" ("ID") 
  PCTFREE 10 INITRANS 2 MAXTRANS 255 
  STORAGE(INITIAL 65536 NEXT 1048576 MINEXTENTS 1 MAXEXTENTS 2147483645
  PCTINCREASE 0 FREELISTS 1 FREELIST GROUPS 1
  BUFFER_POOL DEFAULT FLASH_CACHE DEFAULT CELL_FLASH_CACHE DEFAULT)
  TABLESPACE "SYSTEM" ;
--------------------------------------------------------
--  DDL for Index UQ_LIKES
--------------------------------------------------------

  CREATE UNIQUE INDEX "SYSTEM"."UQ_LIKES" ON "SYSTEM"."LIKES" ("USER_ID", "POST_ID") 
  PCTFREE 10 INITRANS 2 MAXTRANS 255 
  STORAGE(INITIAL 65536 NEXT 1048576 MINEXTENTS 1 MAXEXTENTS 2147483645
  PCTINCREASE 0 FREELISTS 1 FREELIST GROUPS 1
  BUFFER_POOL DEFAULT FLASH_CACHE DEFAULT CELL_FLASH_CACHE DEFAULT)
  TABLESPACE "SYSTEM" ;
--------------------------------------------------------
--  DDL for Index SYS_C008500
--------------------------------------------------------

  CREATE UNIQUE INDEX "SYSTEM"."SYS_C008500" ON "SYSTEM"."LOGIN_HISTORY" ("ID") 
  PCTFREE 10 INITRANS 2 MAXTRANS 255 
  STORAGE(INITIAL 65536 NEXT 1048576 MINEXTENTS 1 MAXEXTENTS 2147483645
  PCTINCREASE 0 FREELISTS 1 FREELIST GROUPS 1
  BUFFER_POOL DEFAULT FLASH_CACHE DEFAULT CELL_FLASH_CACHE DEFAULT)
  TABLESPACE "SYSTEM" ;
--------------------------------------------------------
--  DDL for Index IDX_NOTI_USER
--------------------------------------------------------

  CREATE INDEX "SYSTEM"."IDX_NOTI_USER" ON "SYSTEM"."NOTIFICATIONS" ("USER_ID") 
  PCTFREE 10 INITRANS 2 MAXTRANS 255 COMPUTE STATISTICS 
  STORAGE(INITIAL 65536 NEXT 1048576 MINEXTENTS 1 MAXEXTENTS 2147483645
  PCTINCREASE 0 FREELISTS 1 FREELIST GROUPS 1
  BUFFER_POOL DEFAULT FLASH_CACHE DEFAULT CELL_FLASH_CACHE DEFAULT)
  TABLESPACE "SYSTEM" ;
--------------------------------------------------------
--  DDL for Index IDX_NOTI_READ
--------------------------------------------------------

  CREATE INDEX "SYSTEM"."IDX_NOTI_READ" ON "SYSTEM"."NOTIFICATIONS" ("IS_READ") 
  PCTFREE 10 INITRANS 2 MAXTRANS 255 COMPUTE STATISTICS 
  STORAGE(INITIAL 65536 NEXT 1048576 MINEXTENTS 1 MAXEXTENTS 2147483645
  PCTINCREASE 0 FREELISTS 1 FREELIST GROUPS 1
  BUFFER_POOL DEFAULT FLASH_CACHE DEFAULT CELL_FLASH_CACHE DEFAULT)
  TABLESPACE "SYSTEM" ;
--------------------------------------------------------
--  DDL for Index SYS_C008485
--------------------------------------------------------

  CREATE UNIQUE INDEX "SYSTEM"."SYS_C008485" ON "SYSTEM"."NOTIFICATIONS" ("NOTIFICATION_ID") 
  PCTFREE 10 INITRANS 2 MAXTRANS 255 
  STORAGE(INITIAL 65536 NEXT 1048576 MINEXTENTS 1 MAXEXTENTS 2147483645
  PCTINCREASE 0 FREELISTS 1 FREELIST GROUPS 1
  BUFFER_POOL DEFAULT FLASH_CACHE DEFAULT CELL_FLASH_CACHE DEFAULT)
  TABLESPACE "SYSTEM" ;
--------------------------------------------------------
--  DDL for Index SYS_C008505
--------------------------------------------------------

  CREATE UNIQUE INDEX "SYSTEM"."SYS_C008505" ON "SYSTEM"."POST_HASHTAGS" ("ID") 
  PCTFREE 10 INITRANS 2 MAXTRANS 255 
  STORAGE(INITIAL 65536 NEXT 1048576 MINEXTENTS 1 MAXEXTENTS 2147483645
  PCTINCREASE 0 FREELISTS 1 FREELIST GROUPS 1
  BUFFER_POOL DEFAULT FLASH_CACHE DEFAULT CELL_FLASH_CACHE DEFAULT)
  TABLESPACE "SYSTEM" ;
--------------------------------------------------------
--  DDL for Index UQ_POST_HASHTAG
--------------------------------------------------------

  CREATE UNIQUE INDEX "SYSTEM"."UQ_POST_HASHTAG" ON "SYSTEM"."POST_HASHTAGS" ("POST_ID", "HASHTAG_ID") 
  PCTFREE 10 INITRANS 2 MAXTRANS 255 
  STORAGE(INITIAL 65536 NEXT 1048576 MINEXTENTS 1 MAXEXTENTS 2147483645
  PCTINCREASE 0 FREELISTS 1 FREELIST GROUPS 1
  BUFFER_POOL DEFAULT FLASH_CACHE DEFAULT CELL_FLASH_CACHE DEFAULT)
  TABLESPACE "SYSTEM" ;
--------------------------------------------------------
--  DDL for Index SYS_C008446
--------------------------------------------------------

  CREATE UNIQUE INDEX "SYSTEM"."SYS_C008446" ON "SYSTEM"."POST_IMAGES" ("ID") 
  PCTFREE 10 INITRANS 2 MAXTRANS 255 
  STORAGE(INITIAL 65536 NEXT 1048576 MINEXTENTS 1 MAXEXTENTS 2147483645
  PCTINCREASE 0 FREELISTS 1 FREELIST GROUPS 1
  BUFFER_POOL DEFAULT FLASH_CACHE DEFAULT CELL_FLASH_CACHE DEFAULT)
  TABLESPACE "SYSTEM" ;
--------------------------------------------------------
--  DDL for Index UQ_POST_IMAGES_SORT
--------------------------------------------------------

  CREATE UNIQUE INDEX "SYSTEM"."UQ_POST_IMAGES_SORT" ON "SYSTEM"."POST_IMAGES" ("POST_ID", "SORT_ORDER") 
  PCTFREE 10 INITRANS 2 MAXTRANS 255 
  STORAGE(INITIAL 65536 NEXT 1048576 MINEXTENTS 1 MAXEXTENTS 2147483645
  PCTINCREASE 0 FREELISTS 1 FREELIST GROUPS 1
  BUFFER_POOL DEFAULT FLASH_CACHE DEFAULT CELL_FLASH_CACHE DEFAULT)
  TABLESPACE "SYSTEM" ;
--------------------------------------------------------
--  DDL for Index IDX_POSTS_USER
--------------------------------------------------------

  CREATE INDEX "SYSTEM"."IDX_POSTS_USER" ON "SYSTEM"."POSTS" ("USER_ID") 
  PCTFREE 10 INITRANS 2 MAXTRANS 255 COMPUTE STATISTICS 
  STORAGE(INITIAL 65536 NEXT 1048576 MINEXTENTS 1 MAXEXTENTS 2147483645
  PCTINCREASE 0 FREELISTS 1 FREELIST GROUPS 1
  BUFFER_POOL DEFAULT FLASH_CACHE DEFAULT CELL_FLASH_CACHE DEFAULT)
  TABLESPACE "SYSTEM" ;
--------------------------------------------------------
--  DDL for Index IDX_POSTS_CATEGORY
--------------------------------------------------------

  CREATE INDEX "SYSTEM"."IDX_POSTS_CATEGORY" ON "SYSTEM"."POSTS" ("CATEGORY") 
  PCTFREE 10 INITRANS 2 MAXTRANS 255 COMPUTE STATISTICS 
  STORAGE(INITIAL 65536 NEXT 1048576 MINEXTENTS 1 MAXEXTENTS 2147483645
  PCTINCREASE 0 FREELISTS 1 FREELIST GROUPS 1
  BUFFER_POOL DEFAULT FLASH_CACHE DEFAULT CELL_FLASH_CACHE DEFAULT)
  TABLESPACE "SYSTEM" ;
--------------------------------------------------------
--  DDL for Index SYS_C008440
--------------------------------------------------------

  CREATE UNIQUE INDEX "SYSTEM"."SYS_C008440" ON "SYSTEM"."POSTS" ("ID") 
  PCTFREE 10 INITRANS 2 MAXTRANS 255 
  STORAGE(INITIAL 65536 NEXT 1048576 MINEXTENTS 1 MAXEXTENTS 2147483645
  PCTINCREASE 0 FREELISTS 1 FREELIST GROUPS 1
  BUFFER_POOL DEFAULT FLASH_CACHE DEFAULT CELL_FLASH_CACHE DEFAULT)
  TABLESPACE "SYSTEM" ;
--------------------------------------------------------
--  DDL for Index SYS_C008493
--------------------------------------------------------

  CREATE UNIQUE INDEX "SYSTEM"."SYS_C008493" ON "SYSTEM"."REFRESH_TOKENS" ("REFRESH_TOKEN_ID") 
  PCTFREE 10 INITRANS 2 MAXTRANS 255 
  STORAGE(INITIAL 65536 NEXT 1048576 MINEXTENTS 1 MAXEXTENTS 2147483645
  PCTINCREASE 0 FREELISTS 1 FREELIST GROUPS 1
  BUFFER_POOL DEFAULT FLASH_CACHE DEFAULT CELL_FLASH_CACHE DEFAULT)
  TABLESPACE "SYSTEM" ;
--------------------------------------------------------
--  DDL for Index UQ_REFRESH_TOKEN
--------------------------------------------------------

  CREATE UNIQUE INDEX "SYSTEM"."UQ_REFRESH_TOKEN" ON "SYSTEM"."REFRESH_TOKENS" ("REFRESH_TOKEN") 
  PCTFREE 10 INITRANS 2 MAXTRANS 255 
  STORAGE(INITIAL 65536 NEXT 1048576 MINEXTENTS 1 MAXEXTENTS 2147483645
  PCTINCREASE 0 FREELISTS 1 FREELIST GROUPS 1
  BUFFER_POOL DEFAULT FLASH_CACHE DEFAULT CELL_FLASH_CACHE DEFAULT)
  TABLESPACE "SYSTEM" ;
--------------------------------------------------------
--  DDL for Index IDX_SCRAPS_POST
--------------------------------------------------------

  CREATE INDEX "SYSTEM"."IDX_SCRAPS_POST" ON "SYSTEM"."SCRAPS" ("POST_ID") 
  PCTFREE 10 INITRANS 2 MAXTRANS 255 COMPUTE STATISTICS 
  STORAGE(INITIAL 65536 NEXT 1048576 MINEXTENTS 1 MAXEXTENTS 2147483645
  PCTINCREASE 0 FREELISTS 1 FREELIST GROUPS 1
  BUFFER_POOL DEFAULT FLASH_CACHE DEFAULT CELL_FLASH_CACHE DEFAULT)
  TABLESPACE "SYSTEM" ;
--------------------------------------------------------
--  DDL for Index IDX_SCRAPS_USER
--------------------------------------------------------

  CREATE INDEX "SYSTEM"."IDX_SCRAPS_USER" ON "SYSTEM"."SCRAPS" ("USER_ID") 
  PCTFREE 10 INITRANS 2 MAXTRANS 255 COMPUTE STATISTICS 
  STORAGE(INITIAL 65536 NEXT 1048576 MINEXTENTS 1 MAXEXTENTS 2147483645
  PCTINCREASE 0 FREELISTS 1 FREELIST GROUPS 1
  BUFFER_POOL DEFAULT FLASH_CACHE DEFAULT CELL_FLASH_CACHE DEFAULT)
  TABLESPACE "SYSTEM" ;
--------------------------------------------------------
--  DDL for Index SYS_C008468
--------------------------------------------------------

  CREATE UNIQUE INDEX "SYSTEM"."SYS_C008468" ON "SYSTEM"."SCRAPS" ("ID") 
  PCTFREE 10 INITRANS 2 MAXTRANS 255 
  STORAGE(INITIAL 65536 NEXT 1048576 MINEXTENTS 1 MAXEXTENTS 2147483645
  PCTINCREASE 0 FREELISTS 1 FREELIST GROUPS 1
  BUFFER_POOL DEFAULT FLASH_CACHE DEFAULT CELL_FLASH_CACHE DEFAULT)
  TABLESPACE "SYSTEM" ;
--------------------------------------------------------
--  DDL for Index UQ_SCRAPS
--------------------------------------------------------

  CREATE UNIQUE INDEX "SYSTEM"."UQ_SCRAPS" ON "SYSTEM"."SCRAPS" ("USER_ID", "POST_ID") 
  PCTFREE 10 INITRANS 2 MAXTRANS 255 
  STORAGE(INITIAL 65536 NEXT 1048576 MINEXTENTS 1 MAXEXTENTS 2147483645
  PCTINCREASE 0 FREELISTS 1 FREELIST GROUPS 1
  BUFFER_POOL DEFAULT FLASH_CACHE DEFAULT CELL_FLASH_CACHE DEFAULT)
  TABLESPACE "SYSTEM" ;
--------------------------------------------------------
--  DDL for Index SYS_C008423
--------------------------------------------------------

  CREATE UNIQUE INDEX "SYSTEM"."SYS_C008423" ON "SYSTEM"."USERS" ("ID") 
  PCTFREE 10 INITRANS 2 MAXTRANS 255 
  STORAGE(INITIAL 65536 NEXT 1048576 MINEXTENTS 1 MAXEXTENTS 2147483645
  PCTINCREASE 0 FREELISTS 1 FREELIST GROUPS 1
  BUFFER_POOL DEFAULT FLASH_CACHE DEFAULT CELL_FLASH_CACHE DEFAULT)
  TABLESPACE "SYSTEM" ;
--------------------------------------------------------
--  DDL for Index UQ_USERS_EMAIL
--------------------------------------------------------

  CREATE UNIQUE INDEX "SYSTEM"."UQ_USERS_EMAIL" ON "SYSTEM"."USERS" ("EMAIL") 
  PCTFREE 10 INITRANS 2 MAXTRANS 255 
  STORAGE(INITIAL 65536 NEXT 1048576 MINEXTENTS 1 MAXEXTENTS 2147483645
  PCTINCREASE 0 FREELISTS 1 FREELIST GROUPS 1
  BUFFER_POOL DEFAULT FLASH_CACHE DEFAULT CELL_FLASH_CACHE DEFAULT)
  TABLESPACE "SYSTEM" ;
--------------------------------------------------------
--  DDL for Index UQ_USERS_NICKNAME
--------------------------------------------------------

  CREATE UNIQUE INDEX "SYSTEM"."UQ_USERS_NICKNAME" ON "SYSTEM"."USERS" ("NICKNAME") 
  PCTFREE 10 INITRANS 2 MAXTRANS 255 
  STORAGE(INITIAL 65536 NEXT 1048576 MINEXTENTS 1 MAXEXTENTS 2147483645
  PCTINCREASE 0 FREELISTS 1 FREELIST GROUPS 1
  BUFFER_POOL DEFAULT FLASH_CACHE DEFAULT CELL_FLASH_CACHE DEFAULT)
  TABLESPACE "SYSTEM" ;
--------------------------------------------------------
--  DDL for Index UQ_USERS_PROVIDER
--------------------------------------------------------

  CREATE UNIQUE INDEX "SYSTEM"."UQ_USERS_PROVIDER" ON "SYSTEM"."USERS" ("PROVIDER", "PROVIDER_ID") 
  PCTFREE 10 INITRANS 2 MAXTRANS 255 
  STORAGE(INITIAL 65536 NEXT 1048576 MINEXTENTS 1 MAXEXTENTS 2147483645
  PCTINCREASE 0 FREELISTS 1 FREELIST GROUPS 1
  BUFFER_POOL DEFAULT FLASH_CACHE DEFAULT CELL_FLASH_CACHE DEFAULT)
  TABLESPACE "SYSTEM" ;
--------------------------------------------------------
--  DDL for Index SYS_C008528
--------------------------------------------------------

  CREATE UNIQUE INDEX "SYSTEM"."SYS_C008528" ON "SYSTEM"."USER_BLOCKS" ("ID") 
  PCTFREE 10 INITRANS 2 MAXTRANS 255 
  STORAGE(INITIAL 65536 NEXT 1048576 MINEXTENTS 1 MAXEXTENTS 2147483645
  PCTINCREASE 0 FREELISTS 1 FREELIST GROUPS 1
  BUFFER_POOL DEFAULT FLASH_CACHE DEFAULT CELL_FLASH_CACHE DEFAULT)
  TABLESPACE "SYSTEM" ;
--------------------------------------------------------
--  DDL for Index UQ_BLOCK
--------------------------------------------------------

  CREATE UNIQUE INDEX "SYSTEM"."UQ_BLOCK" ON "SYSTEM"."USER_BLOCKS" ("BLOCKER_ID", "BLOCKED_ID") 
  PCTFREE 10 INITRANS 2 MAXTRANS 255 
  STORAGE(INITIAL 65536 NEXT 1048576 MINEXTENTS 1 MAXEXTENTS 2147483645
  PCTINCREASE 0 FREELISTS 1 FREELIST GROUPS 1
  BUFFER_POOL DEFAULT FLASH_CACHE DEFAULT CELL_FLASH_CACHE DEFAULT)
  TABLESPACE "SYSTEM" ;
--------------------------------------------------------
--  DDL for Index SYS_C008522
--------------------------------------------------------

  CREATE UNIQUE INDEX "SYSTEM"."SYS_C008522" ON "SYSTEM"."REPORTS" ("ID") 
  PCTFREE 10 INITRANS 2 MAXTRANS 255 
  STORAGE(INITIAL 65536 NEXT 1048576 MINEXTENTS 1 MAXEXTENTS 2147483645
  PCTINCREASE 0 FREELISTS 1 FREELIST GROUPS 1
  BUFFER_POOL DEFAULT FLASH_CACHE DEFAULT CELL_FLASH_CACHE DEFAULT)
  TABLESPACE "SYSTEM" ;
--------------------------------------------------------
--  Constraints for Table COMMENTS
--------------------------------------------------------

  ALTER TABLE "SYSTEM"."COMMENTS" MODIFY ("ID" NOT NULL ENABLE);
  ALTER TABLE "SYSTEM"."COMMENTS" MODIFY ("POST_ID" NOT NULL ENABLE);
  ALTER TABLE "SYSTEM"."COMMENTS" MODIFY ("USER_ID" NOT NULL ENABLE);
  ALTER TABLE "SYSTEM"."COMMENTS" MODIFY ("CONTENT" NOT NULL ENABLE);
  ALTER TABLE "SYSTEM"."COMMENTS" ADD CONSTRAINT "CK_COMMENTS_STATUS" CHECK (status IN ('PUBLISHED','DELETED')) ENABLE;
  ALTER TABLE "SYSTEM"."COMMENTS" ADD PRIMARY KEY ("ID")
  USING INDEX PCTFREE 10 INITRANS 2 MAXTRANS 255 
  STORAGE(INITIAL 65536 NEXT 1048576 MINEXTENTS 1 MAXEXTENTS 2147483645
  PCTINCREASE 0 FREELISTS 1 FREELIST GROUPS 1
  BUFFER_POOL DEFAULT FLASH_CACHE DEFAULT CELL_FLASH_CACHE DEFAULT)
  TABLESPACE "SYSTEM"  ENABLE;
--------------------------------------------------------
--  Constraints for Table EMAIL_VERIFICATIONS
--------------------------------------------------------

  ALTER TABLE "SYSTEM"."EMAIL_VERIFICATIONS" MODIFY ("ID" NOT NULL ENABLE);
  ALTER TABLE "SYSTEM"."EMAIL_VERIFICATIONS" MODIFY ("EMAIL" NOT NULL ENABLE);
  ALTER TABLE "SYSTEM"."EMAIL_VERIFICATIONS" MODIFY ("TOKEN" NOT NULL ENABLE);
  ALTER TABLE "SYSTEM"."EMAIL_VERIFICATIONS" MODIFY ("EXPIRES_AT" NOT NULL ENABLE);
  ALTER TABLE "SYSTEM"."EMAIL_VERIFICATIONS" ADD CONSTRAINT "CK_EMAIL_USED" CHECK (is_used IN (0,1)) ENABLE;
  ALTER TABLE "SYSTEM"."EMAIL_VERIFICATIONS" ADD PRIMARY KEY ("ID")
  USING INDEX PCTFREE 10 INITRANS 2 MAXTRANS 255 
  STORAGE(INITIAL 65536 NEXT 1048576 MINEXTENTS 1 MAXEXTENTS 2147483645
  PCTINCREASE 0 FREELISTS 1 FREELIST GROUPS 1
  BUFFER_POOL DEFAULT FLASH_CACHE DEFAULT CELL_FLASH_CACHE DEFAULT)
  TABLESPACE "SYSTEM"  ENABLE;
--------------------------------------------------------
--  Constraints for Table FOLLOWS
--------------------------------------------------------

  ALTER TABLE "SYSTEM"."FOLLOWS" MODIFY ("ID" NOT NULL ENABLE);
  ALTER TABLE "SYSTEM"."FOLLOWS" MODIFY ("FOLLOWER_ID" NOT NULL ENABLE);
  ALTER TABLE "SYSTEM"."FOLLOWS" MODIFY ("FOLLOWING_ID" NOT NULL ENABLE);
  ALTER TABLE "SYSTEM"."FOLLOWS" ADD CONSTRAINT "CK_FOLLOW_SELF" CHECK (follower_id <> following_id) ENABLE;
  ALTER TABLE "SYSTEM"."FOLLOWS" ADD PRIMARY KEY ("ID")
  USING INDEX PCTFREE 10 INITRANS 2 MAXTRANS 255 
  STORAGE(INITIAL 65536 NEXT 1048576 MINEXTENTS 1 MAXEXTENTS 2147483645
  PCTINCREASE 0 FREELISTS 1 FREELIST GROUPS 1
  BUFFER_POOL DEFAULT FLASH_CACHE DEFAULT CELL_FLASH_CACHE DEFAULT)
  TABLESPACE "SYSTEM"  ENABLE;
  ALTER TABLE "SYSTEM"."FOLLOWS" ADD CONSTRAINT "UQ_FOLLOW" UNIQUE ("FOLLOWER_ID", "FOLLOWING_ID")
  USING INDEX PCTFREE 10 INITRANS 2 MAXTRANS 255 
  STORAGE(INITIAL 65536 NEXT 1048576 MINEXTENTS 1 MAXEXTENTS 2147483645
  PCTINCREASE 0 FREELISTS 1 FREELIST GROUPS 1
  BUFFER_POOL DEFAULT FLASH_CACHE DEFAULT CELL_FLASH_CACHE DEFAULT)
  TABLESPACE "SYSTEM"  ENABLE;
--------------------------------------------------------
--  Constraints for Table HASHTAGS
--------------------------------------------------------

  ALTER TABLE "SYSTEM"."HASHTAGS" MODIFY ("ID" NOT NULL ENABLE);
  ALTER TABLE "SYSTEM"."HASHTAGS" MODIFY ("NAME" NOT NULL ENABLE);
  ALTER TABLE "SYSTEM"."HASHTAGS" ADD PRIMARY KEY ("ID")
  USING INDEX PCTFREE 10 INITRANS 2 MAXTRANS 255 
  STORAGE(INITIAL 65536 NEXT 1048576 MINEXTENTS 1 MAXEXTENTS 2147483645
  PCTINCREASE 0 FREELISTS 1 FREELIST GROUPS 1
  BUFFER_POOL DEFAULT FLASH_CACHE DEFAULT CELL_FLASH_CACHE DEFAULT)
  TABLESPACE "SYSTEM"  ENABLE;
  ALTER TABLE "SYSTEM"."HASHTAGS" ADD CONSTRAINT "UQ_HASHTAG_NAME" UNIQUE ("NAME")
  USING INDEX PCTFREE 10 INITRANS 2 MAXTRANS 255 
  STORAGE(INITIAL 65536 NEXT 1048576 MINEXTENTS 1 MAXEXTENTS 2147483645
  PCTINCREASE 0 FREELISTS 1 FREELIST GROUPS 1
  BUFFER_POOL DEFAULT FLASH_CACHE DEFAULT CELL_FLASH_CACHE DEFAULT)
  TABLESPACE "SYSTEM"  ENABLE;
--------------------------------------------------------
--  Constraints for Table LIKES
--------------------------------------------------------

  ALTER TABLE "SYSTEM"."LIKES" MODIFY ("ID" NOT NULL ENABLE);
  ALTER TABLE "SYSTEM"."LIKES" MODIFY ("USER_ID" NOT NULL ENABLE);
  ALTER TABLE "SYSTEM"."LIKES" MODIFY ("POST_ID" NOT NULL ENABLE);
  ALTER TABLE "SYSTEM"."LIKES" ADD PRIMARY KEY ("ID")
  USING INDEX PCTFREE 10 INITRANS 2 MAXTRANS 255 
  STORAGE(INITIAL 65536 NEXT 1048576 MINEXTENTS 1 MAXEXTENTS 2147483645
  PCTINCREASE 0 FREELISTS 1 FREELIST GROUPS 1
  BUFFER_POOL DEFAULT FLASH_CACHE DEFAULT CELL_FLASH_CACHE DEFAULT)
  TABLESPACE "SYSTEM"  ENABLE;
  ALTER TABLE "SYSTEM"."LIKES" ADD CONSTRAINT "UQ_LIKES" UNIQUE ("USER_ID", "POST_ID")
  USING INDEX PCTFREE 10 INITRANS 2 MAXTRANS 255 
  STORAGE(INITIAL 65536 NEXT 1048576 MINEXTENTS 1 MAXEXTENTS 2147483645
  PCTINCREASE 0 FREELISTS 1 FREELIST GROUPS 1
  BUFFER_POOL DEFAULT FLASH_CACHE DEFAULT CELL_FLASH_CACHE DEFAULT)
  TABLESPACE "SYSTEM"  ENABLE;
--------------------------------------------------------
--  Constraints for Table LOGIN_HISTORY
--------------------------------------------------------

  ALTER TABLE "SYSTEM"."LOGIN_HISTORY" MODIFY ("ID" NOT NULL ENABLE);
  ALTER TABLE "SYSTEM"."LOGIN_HISTORY" MODIFY ("IP_ADDRESS" NOT NULL ENABLE);
  ALTER TABLE "SYSTEM"."LOGIN_HISTORY" MODIFY ("STATUS" NOT NULL ENABLE);
  ALTER TABLE "SYSTEM"."LOGIN_HISTORY" ADD CONSTRAINT "CK_LOGIN_STATUS" CHECK (status IN ('SUCCESS','FAIL')) ENABLE;
  ALTER TABLE "SYSTEM"."LOGIN_HISTORY" ADD PRIMARY KEY ("ID")
  USING INDEX PCTFREE 10 INITRANS 2 MAXTRANS 255 
  STORAGE(INITIAL 65536 NEXT 1048576 MINEXTENTS 1 MAXEXTENTS 2147483645
  PCTINCREASE 0 FREELISTS 1 FREELIST GROUPS 1
  BUFFER_POOL DEFAULT FLASH_CACHE DEFAULT CELL_FLASH_CACHE DEFAULT)
  TABLESPACE "SYSTEM"  ENABLE;
--------------------------------------------------------
--  Constraints for Table NOTIFICATIONS
--------------------------------------------------------

  ALTER TABLE "SYSTEM"."NOTIFICATIONS" MODIFY ("NOTIFICATION_ID" NOT NULL ENABLE);
  ALTER TABLE "SYSTEM"."NOTIFICATIONS" MODIFY ("USER_ID" NOT NULL ENABLE);
  ALTER TABLE "SYSTEM"."NOTIFICATIONS" MODIFY ("TYPE" NOT NULL ENABLE);
  ALTER TABLE "SYSTEM"."NOTIFICATIONS" ADD CONSTRAINT "CK_NOTI_TYPE" CHECK (type IN ('LIKE','COMMENT','FOLLOW','SYSTEM')) ENABLE;
  ALTER TABLE "SYSTEM"."NOTIFICATIONS" ADD CONSTRAINT "CK_NOTI_READ" CHECK (is_read IN ('Y','N')) ENABLE;
  ALTER TABLE "SYSTEM"."NOTIFICATIONS" ADD PRIMARY KEY ("NOTIFICATION_ID")
  USING INDEX PCTFREE 10 INITRANS 2 MAXTRANS 255 
  STORAGE(INITIAL 65536 NEXT 1048576 MINEXTENTS 1 MAXEXTENTS 2147483645
  PCTINCREASE 0 FREELISTS 1 FREELIST GROUPS 1
  BUFFER_POOL DEFAULT FLASH_CACHE DEFAULT CELL_FLASH_CACHE DEFAULT)
  TABLESPACE "SYSTEM"  ENABLE;
--------------------------------------------------------
--  Constraints for Table POST_HASHTAGS
--------------------------------------------------------

  ALTER TABLE "SYSTEM"."POST_HASHTAGS" MODIFY ("ID" NOT NULL ENABLE);
  ALTER TABLE "SYSTEM"."POST_HASHTAGS" MODIFY ("POST_ID" NOT NULL ENABLE);
  ALTER TABLE "SYSTEM"."POST_HASHTAGS" MODIFY ("HASHTAG_ID" NOT NULL ENABLE);
  ALTER TABLE "SYSTEM"."POST_HASHTAGS" ADD PRIMARY KEY ("ID")
  USING INDEX PCTFREE 10 INITRANS 2 MAXTRANS 255 
  STORAGE(INITIAL 65536 NEXT 1048576 MINEXTENTS 1 MAXEXTENTS 2147483645
  PCTINCREASE 0 FREELISTS 1 FREELIST GROUPS 1
  BUFFER_POOL DEFAULT FLASH_CACHE DEFAULT CELL_FLASH_CACHE DEFAULT)
  TABLESPACE "SYSTEM"  ENABLE;
  ALTER TABLE "SYSTEM"."POST_HASHTAGS" ADD CONSTRAINT "UQ_POST_HASHTAG" UNIQUE ("POST_ID", "HASHTAG_ID")
  USING INDEX PCTFREE 10 INITRANS 2 MAXTRANS 255 
  STORAGE(INITIAL 65536 NEXT 1048576 MINEXTENTS 1 MAXEXTENTS 2147483645
  PCTINCREASE 0 FREELISTS 1 FREELIST GROUPS 1
  BUFFER_POOL DEFAULT FLASH_CACHE DEFAULT CELL_FLASH_CACHE DEFAULT)
  TABLESPACE "SYSTEM"  ENABLE;
--------------------------------------------------------
--  Constraints for Table POST_IMAGES
--------------------------------------------------------

  ALTER TABLE "SYSTEM"."POST_IMAGES" MODIFY ("ID" NOT NULL ENABLE);
  ALTER TABLE "SYSTEM"."POST_IMAGES" MODIFY ("POST_ID" NOT NULL ENABLE);
  ALTER TABLE "SYSTEM"."POST_IMAGES" MODIFY ("IMAGE_URL" NOT NULL ENABLE);
  ALTER TABLE "SYSTEM"."POST_IMAGES" MODIFY ("SORT_ORDER" NOT NULL ENABLE);
  ALTER TABLE "SYSTEM"."POST_IMAGES" ADD PRIMARY KEY ("ID")
  USING INDEX PCTFREE 10 INITRANS 2 MAXTRANS 255 
  STORAGE(INITIAL 65536 NEXT 1048576 MINEXTENTS 1 MAXEXTENTS 2147483645
  PCTINCREASE 0 FREELISTS 1 FREELIST GROUPS 1
  BUFFER_POOL DEFAULT FLASH_CACHE DEFAULT CELL_FLASH_CACHE DEFAULT)
  TABLESPACE "SYSTEM"  ENABLE;
  ALTER TABLE "SYSTEM"."POST_IMAGES" ADD CONSTRAINT "UQ_POST_IMAGES_SORT" UNIQUE ("POST_ID", "SORT_ORDER")
  USING INDEX PCTFREE 10 INITRANS 2 MAXTRANS 255 
  STORAGE(INITIAL 65536 NEXT 1048576 MINEXTENTS 1 MAXEXTENTS 2147483645
  PCTINCREASE 0 FREELISTS 1 FREELIST GROUPS 1
  BUFFER_POOL DEFAULT FLASH_CACHE DEFAULT CELL_FLASH_CACHE DEFAULT)
  TABLESPACE "SYSTEM"  ENABLE;
--------------------------------------------------------
--  Constraints for Table POSTS
--------------------------------------------------------

  ALTER TABLE "SYSTEM"."POSTS" MODIFY ("ID" NOT NULL ENABLE);
  ALTER TABLE "SYSTEM"."POSTS" MODIFY ("USER_ID" NOT NULL ENABLE);
  ALTER TABLE "SYSTEM"."POSTS" MODIFY ("TITLE" NOT NULL ENABLE);
  ALTER TABLE "SYSTEM"."POSTS" MODIFY ("CONTENT" NOT NULL ENABLE);
  ALTER TABLE "SYSTEM"."POSTS" MODIFY ("CATEGORY" NOT NULL ENABLE);
  ALTER TABLE "SYSTEM"."POSTS" MODIFY ("IS_PUBLIC" NOT NULL ENABLE);
  ALTER TABLE "SYSTEM"."POSTS" ADD CONSTRAINT "CK_POSTS_PUBLIC" CHECK (is_public IN (0,1)) ENABLE;
  ALTER TABLE "SYSTEM"."POSTS" ADD CONSTRAINT "CK_POSTS_STATUS" CHECK (status IN ('PUBLISHED','HIDDEN','DELETED')) ENABLE;
  ALTER TABLE "SYSTEM"."POSTS" ADD PRIMARY KEY ("ID")
  USING INDEX PCTFREE 10 INITRANS 2 MAXTRANS 255 
  STORAGE(INITIAL 65536 NEXT 1048576 MINEXTENTS 1 MAXEXTENTS 2147483645
  PCTINCREASE 0 FREELISTS 1 FREELIST GROUPS 1
  BUFFER_POOL DEFAULT FLASH_CACHE DEFAULT CELL_FLASH_CACHE DEFAULT)
  TABLESPACE "SYSTEM"  ENABLE;
--------------------------------------------------------
--  Constraints for Table REFRESH_TOKENS
--------------------------------------------------------

  ALTER TABLE "SYSTEM"."REFRESH_TOKENS" MODIFY ("REFRESH_TOKEN_ID" NOT NULL ENABLE);
  ALTER TABLE "SYSTEM"."REFRESH_TOKENS" MODIFY ("USER_ID" NOT NULL ENABLE);
  ALTER TABLE "SYSTEM"."REFRESH_TOKENS" MODIFY ("REFRESH_TOKEN" NOT NULL ENABLE);
  ALTER TABLE "SYSTEM"."REFRESH_TOKENS" MODIFY ("EXPIRES_AT" NOT NULL ENABLE);
  ALTER TABLE "SYSTEM"."REFRESH_TOKENS" ADD CONSTRAINT "CK_TOKEN_REVOKED" CHECK (revoked IN ('Y','N')) ENABLE;
  ALTER TABLE "SYSTEM"."REFRESH_TOKENS" ADD PRIMARY KEY ("REFRESH_TOKEN_ID")
  USING INDEX PCTFREE 10 INITRANS 2 MAXTRANS 255 
  STORAGE(INITIAL 65536 NEXT 1048576 MINEXTENTS 1 MAXEXTENTS 2147483645
  PCTINCREASE 0 FREELISTS 1 FREELIST GROUPS 1
  BUFFER_POOL DEFAULT FLASH_CACHE DEFAULT CELL_FLASH_CACHE DEFAULT)
  TABLESPACE "SYSTEM"  ENABLE;
  ALTER TABLE "SYSTEM"."REFRESH_TOKENS" ADD CONSTRAINT "UQ_REFRESH_TOKEN" UNIQUE ("REFRESH_TOKEN")
  USING INDEX PCTFREE 10 INITRANS 2 MAXTRANS 255 
  STORAGE(INITIAL 65536 NEXT 1048576 MINEXTENTS 1 MAXEXTENTS 2147483645
  PCTINCREASE 0 FREELISTS 1 FREELIST GROUPS 1
  BUFFER_POOL DEFAULT FLASH_CACHE DEFAULT CELL_FLASH_CACHE DEFAULT)
  TABLESPACE "SYSTEM"  ENABLE;
--------------------------------------------------------
--  Constraints for Table SCRAPS
--------------------------------------------------------

  ALTER TABLE "SYSTEM"."SCRAPS" MODIFY ("ID" NOT NULL ENABLE);
  ALTER TABLE "SYSTEM"."SCRAPS" MODIFY ("USER_ID" NOT NULL ENABLE);
  ALTER TABLE "SYSTEM"."SCRAPS" MODIFY ("POST_ID" NOT NULL ENABLE);
  ALTER TABLE "SYSTEM"."SCRAPS" ADD PRIMARY KEY ("ID")
  USING INDEX PCTFREE 10 INITRANS 2 MAXTRANS 255 
  STORAGE(INITIAL 65536 NEXT 1048576 MINEXTENTS 1 MAXEXTENTS 2147483645
  PCTINCREASE 0 FREELISTS 1 FREELIST GROUPS 1
  BUFFER_POOL DEFAULT FLASH_CACHE DEFAULT CELL_FLASH_CACHE DEFAULT)
  TABLESPACE "SYSTEM"  ENABLE;
  ALTER TABLE "SYSTEM"."SCRAPS" ADD CONSTRAINT "UQ_SCRAPS" UNIQUE ("USER_ID", "POST_ID")
  USING INDEX PCTFREE 10 INITRANS 2 MAXTRANS 255 
  STORAGE(INITIAL 65536 NEXT 1048576 MINEXTENTS 1 MAXEXTENTS 2147483645
  PCTINCREASE 0 FREELISTS 1 FREELIST GROUPS 1
  BUFFER_POOL DEFAULT FLASH_CACHE DEFAULT CELL_FLASH_CACHE DEFAULT)
  TABLESPACE "SYSTEM"  ENABLE;
--------------------------------------------------------
--  Constraints for Table USERS
--------------------------------------------------------

  ALTER TABLE "SYSTEM"."USERS" MODIFY ("ID" NOT NULL ENABLE);
  ALTER TABLE "SYSTEM"."USERS" MODIFY ("EMAIL" NOT NULL ENABLE);
  ALTER TABLE "SYSTEM"."USERS" MODIFY ("PROVIDER" NOT NULL ENABLE);
  ALTER TABLE "SYSTEM"."USERS" MODIFY ("NICKNAME" NOT NULL ENABLE);
  ALTER TABLE "SYSTEM"."USERS" MODIFY ("ROLE" NOT NULL ENABLE);
  ALTER TABLE "SYSTEM"."USERS" MODIFY ("STATUS" NOT NULL ENABLE);
  ALTER TABLE "SYSTEM"."USERS" MODIFY ("EMAIL_VERIFIED" NOT NULL ENABLE);
  ALTER TABLE "SYSTEM"."USERS" ADD CONSTRAINT "CK_USERS_ROLE" CHECK (role IN ('USER','ADMIN')) ENABLE;
  ALTER TABLE "SYSTEM"."USERS" ADD CONSTRAINT "CK_USERS_STATUS" CHECK (status IN ('ACTIVE','SUSPENDED','DELETED')) ENABLE;
  ALTER TABLE "SYSTEM"."USERS" ADD CONSTRAINT "CK_USERS_EMAIL_VERIFIED" CHECK (email_verified IN (0,1)) ENABLE;
  ALTER TABLE "SYSTEM"."USERS" ADD PRIMARY KEY ("ID")
  USING INDEX PCTFREE 10 INITRANS 2 MAXTRANS 255 
  STORAGE(INITIAL 65536 NEXT 1048576 MINEXTENTS 1 MAXEXTENTS 2147483645
  PCTINCREASE 0 FREELISTS 1 FREELIST GROUPS 1
  BUFFER_POOL DEFAULT FLASH_CACHE DEFAULT CELL_FLASH_CACHE DEFAULT)
  TABLESPACE "SYSTEM"  ENABLE;
  ALTER TABLE "SYSTEM"."USERS" ADD CONSTRAINT "UQ_USERS_EMAIL" UNIQUE ("EMAIL")
  USING INDEX PCTFREE 10 INITRANS 2 MAXTRANS 255 
  STORAGE(INITIAL 65536 NEXT 1048576 MINEXTENTS 1 MAXEXTENTS 2147483645
  PCTINCREASE 0 FREELISTS 1 FREELIST GROUPS 1
  BUFFER_POOL DEFAULT FLASH_CACHE DEFAULT CELL_FLASH_CACHE DEFAULT)
  TABLESPACE "SYSTEM"  ENABLE;
  ALTER TABLE "SYSTEM"."USERS" ADD CONSTRAINT "UQ_USERS_NICKNAME" UNIQUE ("NICKNAME")
  USING INDEX PCTFREE 10 INITRANS 2 MAXTRANS 255 
  STORAGE(INITIAL 65536 NEXT 1048576 MINEXTENTS 1 MAXEXTENTS 2147483645
  PCTINCREASE 0 FREELISTS 1 FREELIST GROUPS 1
  BUFFER_POOL DEFAULT FLASH_CACHE DEFAULT CELL_FLASH_CACHE DEFAULT)
  TABLESPACE "SYSTEM"  ENABLE;
  ALTER TABLE "SYSTEM"."USERS" ADD CONSTRAINT "UQ_USERS_PROVIDER" UNIQUE ("PROVIDER", "PROVIDER_ID")
  USING INDEX PCTFREE 10 INITRANS 2 MAXTRANS 255 
  STORAGE(INITIAL 65536 NEXT 1048576 MINEXTENTS 1 MAXEXTENTS 2147483645
  PCTINCREASE 0 FREELISTS 1 FREELIST GROUPS 1
  BUFFER_POOL DEFAULT FLASH_CACHE DEFAULT CELL_FLASH_CACHE DEFAULT)
  TABLESPACE "SYSTEM"  ENABLE;
--------------------------------------------------------
--  Constraints for Table USER_BLOCKS
--------------------------------------------------------

  ALTER TABLE "SYSTEM"."USER_BLOCKS" MODIFY ("ID" NOT NULL ENABLE);
  ALTER TABLE "SYSTEM"."USER_BLOCKS" MODIFY ("BLOCKER_ID" NOT NULL ENABLE);
  ALTER TABLE "SYSTEM"."USER_BLOCKS" MODIFY ("BLOCKED_ID" NOT NULL ENABLE);
  ALTER TABLE "SYSTEM"."USER_BLOCKS" ADD CONSTRAINT "CK_BLOCK_SELF" CHECK (blocker_id <> blocked_id) ENABLE;
  ALTER TABLE "SYSTEM"."USER_BLOCKS" ADD PRIMARY KEY ("ID")
  USING INDEX PCTFREE 10 INITRANS 2 MAXTRANS 255 
  STORAGE(INITIAL 65536 NEXT 1048576 MINEXTENTS 1 MAXEXTENTS 2147483645
  PCTINCREASE 0 FREELISTS 1 FREELIST GROUPS 1
  BUFFER_POOL DEFAULT FLASH_CACHE DEFAULT CELL_FLASH_CACHE DEFAULT)
  TABLESPACE "SYSTEM"  ENABLE;
  ALTER TABLE "SYSTEM"."USER_BLOCKS" ADD CONSTRAINT "UQ_BLOCK" UNIQUE ("BLOCKER_ID", "BLOCKED_ID")
  USING INDEX PCTFREE 10 INITRANS 2 MAXTRANS 255 
  STORAGE(INITIAL 65536 NEXT 1048576 MINEXTENTS 1 MAXEXTENTS 2147483645
  PCTINCREASE 0 FREELISTS 1 FREELIST GROUPS 1
  BUFFER_POOL DEFAULT FLASH_CACHE DEFAULT CELL_FLASH_CACHE DEFAULT)
  TABLESPACE "SYSTEM"  ENABLE;
--------------------------------------------------------
--  Constraints for Table REPORTS
--------------------------------------------------------

  ALTER TABLE "SYSTEM"."REPORTS" MODIFY ("ID" NOT NULL ENABLE);
  ALTER TABLE "SYSTEM"."REPORTS" MODIFY ("REPORTER_ID" NOT NULL ENABLE);
  ALTER TABLE "SYSTEM"."REPORTS" MODIFY ("TARGET_TYPE" NOT NULL ENABLE);
  ALTER TABLE "SYSTEM"."REPORTS" MODIFY ("TARGET_ID" NOT NULL ENABLE);
  ALTER TABLE "SYSTEM"."REPORTS" MODIFY ("REASON" NOT NULL ENABLE);
  ALTER TABLE "SYSTEM"."REPORTS" ADD CONSTRAINT "CK_REPORT_STATUS" CHECK (status IN ('PENDING','RESOLVED','REJECTED')) ENABLE;
  ALTER TABLE "SYSTEM"."REPORTS" ADD CONSTRAINT "CK_REPORT_TARGET" CHECK (target_type IN ('USER','POST','COMMENT')) ENABLE;
  ALTER TABLE "SYSTEM"."REPORTS" ADD PRIMARY KEY ("ID")
  USING INDEX PCTFREE 10 INITRANS 2 MAXTRANS 255 
  STORAGE(INITIAL 65536 NEXT 1048576 MINEXTENTS 1 MAXEXTENTS 2147483645
  PCTINCREASE 0 FREELISTS 1 FREELIST GROUPS 1
  BUFFER_POOL DEFAULT FLASH_CACHE DEFAULT CELL_FLASH_CACHE DEFAULT)
  TABLESPACE "SYSTEM"  ENABLE;
--------------------------------------------------------
--  Ref Constraints for Table COMMENTS
--------------------------------------------------------

  ALTER TABLE "SYSTEM"."COMMENTS" ADD CONSTRAINT "FK_COMMENTS_POST" FOREIGN KEY ("POST_ID")
	  REFERENCES "SYSTEM"."POSTS" ("ID") ON DELETE CASCADE ENABLE;
  ALTER TABLE "SYSTEM"."COMMENTS" ADD CONSTRAINT "FK_COMMENTS_USER" FOREIGN KEY ("USER_ID")
	  REFERENCES "SYSTEM"."USERS" ("ID") ENABLE;
  ALTER TABLE "SYSTEM"."COMMENTS" ADD CONSTRAINT "FK_COMMENTS_PARENT" FOREIGN KEY ("PARENT_COMMENT_ID")
	  REFERENCES "SYSTEM"."COMMENTS" ("ID") ENABLE;
--------------------------------------------------------
--  Ref Constraints for Table FOLLOWS
--------------------------------------------------------

  ALTER TABLE "SYSTEM"."FOLLOWS" ADD CONSTRAINT "FK_FOLLOW_FOLLOWER" FOREIGN KEY ("FOLLOWER_ID")
	  REFERENCES "SYSTEM"."USERS" ("ID") ON DELETE CASCADE ENABLE;
  ALTER TABLE "SYSTEM"."FOLLOWS" ADD CONSTRAINT "FK_FOLLOW_FOLLOWING" FOREIGN KEY ("FOLLOWING_ID")
	  REFERENCES "SYSTEM"."USERS" ("ID") ON DELETE CASCADE ENABLE;
--------------------------------------------------------
--  Ref Constraints for Table LIKES
--------------------------------------------------------

  ALTER TABLE "SYSTEM"."LIKES" ADD CONSTRAINT "FK_LIKES_USER" FOREIGN KEY ("USER_ID")
	  REFERENCES "SYSTEM"."USERS" ("ID") ON DELETE CASCADE ENABLE;
  ALTER TABLE "SYSTEM"."LIKES" ADD CONSTRAINT "FK_LIKES_POST" FOREIGN KEY ("POST_ID")
	  REFERENCES "SYSTEM"."POSTS" ("ID") ON DELETE CASCADE ENABLE;
--------------------------------------------------------
--  Ref Constraints for Table LOGIN_HISTORY
--------------------------------------------------------

  ALTER TABLE "SYSTEM"."LOGIN_HISTORY" ADD CONSTRAINT "FK_LOGIN_USER" FOREIGN KEY ("USER_ID")
	  REFERENCES "SYSTEM"."USERS" ("ID") ENABLE;
--------------------------------------------------------
--  Ref Constraints for Table NOTIFICATIONS
--------------------------------------------------------

  ALTER TABLE "SYSTEM"."NOTIFICATIONS" ADD CONSTRAINT "FK_NOTI_USER" FOREIGN KEY ("USER_ID")
	  REFERENCES "SYSTEM"."USERS" ("ID") ON DELETE CASCADE ENABLE;
  ALTER TABLE "SYSTEM"."NOTIFICATIONS" ADD CONSTRAINT "FK_NOTI_SENDER" FOREIGN KEY ("SENDER_ID")
	  REFERENCES "SYSTEM"."USERS" ("ID") ENABLE;
--------------------------------------------------------
--  Ref Constraints for Table POST_HASHTAGS
--------------------------------------------------------

  ALTER TABLE "SYSTEM"."POST_HASHTAGS" ADD CONSTRAINT "FK_PH_POST" FOREIGN KEY ("POST_ID")
	  REFERENCES "SYSTEM"."POSTS" ("ID") ON DELETE CASCADE ENABLE;
  ALTER TABLE "SYSTEM"."POST_HASHTAGS" ADD CONSTRAINT "FK_PH_TAG" FOREIGN KEY ("HASHTAG_ID")
	  REFERENCES "SYSTEM"."HASHTAGS" ("ID") ON DELETE CASCADE ENABLE;
--------------------------------------------------------
--  Ref Constraints for Table POST_IMAGES
--------------------------------------------------------

  ALTER TABLE "SYSTEM"."POST_IMAGES" ADD CONSTRAINT "FK_IMAGES_POST" FOREIGN KEY ("POST_ID")
	  REFERENCES "SYSTEM"."POSTS" ("ID") ON DELETE CASCADE ENABLE;
--------------------------------------------------------
--  Ref Constraints for Table POSTS
--------------------------------------------------------

  ALTER TABLE "SYSTEM"."POSTS" ADD CONSTRAINT "FK_POSTS_USER" FOREIGN KEY ("USER_ID")
	  REFERENCES "SYSTEM"."USERS" ("ID") ENABLE;
  ALTER TABLE "SYSTEM"."POSTS" ADD CONSTRAINT "FK_POST_PARENT" FOREIGN KEY ("PARENT_POST_ID")
	  REFERENCES "SYSTEM"."POSTS" ("ID") ON DELETE SET NULL ENABLE;
--------------------------------------------------------
--  Ref Constraints for Table REFRESH_TOKENS
--------------------------------------------------------

  ALTER TABLE "SYSTEM"."REFRESH_TOKENS" ADD CONSTRAINT "FK_TOKEN_USER" FOREIGN KEY ("USER_ID")
	  REFERENCES "SYSTEM"."USERS" ("ID") ON DELETE CASCADE ENABLE;
--------------------------------------------------------
--  Ref Constraints for Table SCRAPS
--------------------------------------------------------

  ALTER TABLE "SYSTEM"."SCRAPS" ADD CONSTRAINT "FK_SCRAPS_USER" FOREIGN KEY ("USER_ID")
	  REFERENCES "SYSTEM"."USERS" ("ID") ON DELETE CASCADE ENABLE;
  ALTER TABLE "SYSTEM"."SCRAPS" ADD CONSTRAINT "FK_SCRAPS_POST" FOREIGN KEY ("POST_ID")
	  REFERENCES "SYSTEM"."POSTS" ("ID") ON DELETE CASCADE ENABLE;
--------------------------------------------------------
--  Ref Constraints for Table USER_BLOCKS
--------------------------------------------------------

  ALTER TABLE "SYSTEM"."USER_BLOCKS" ADD CONSTRAINT "FK_BLOCKER" FOREIGN KEY ("BLOCKER_ID")
	  REFERENCES "SYSTEM"."USERS" ("ID") ENABLE;
  ALTER TABLE "SYSTEM"."USER_BLOCKS" ADD CONSTRAINT "FK_BLOCKED" FOREIGN KEY ("BLOCKED_ID")
	  REFERENCES "SYSTEM"."USERS" ("ID") ENABLE;
--------------------------------------------------------
--  Ref Constraints for Table REPORTS
--------------------------------------------------------

  ALTER TABLE "SYSTEM"."REPORTS" ADD CONSTRAINT "FK_REPORT_USER" FOREIGN KEY ("REPORTER_ID")
	  REFERENCES "SYSTEM"."USERS" ("ID") ENABLE;
