--------------------------------------------------------
--  파일이 생성됨 - 화요일-6월-09-2026   
--------------------------------------------------------
--------------------------------------------------------
--  DDL for Table LOGIN_HISTORY
--------------------------------------------------------

  CREATE TABLE "SYSTEM"."LOGIN_HISTORY" 
   (	"ID" NUMBER GENERATED ALWAYS AS IDENTITY MINVALUE 1 MAXVALUE 9999999999999999999999999999 INCREMENT BY 1 START WITH 1 CACHE 20 NOORDER  NOCYCLE  NOKEEP  NOSCALE , 
	"USER_ID" NUMBER, 
	"IP_ADDRESS" VARCHAR2(45 BYTE), 
	"USER_AGENT" VARCHAR2(255 BYTE), 
	"STATUS" VARCHAR2(20 BYTE), 
	"CREATED_AT" TIMESTAMP (6) DEFAULT CURRENT_TIMESTAMP
   ) PCTFREE 10 PCTUSED 40 INITRANS 1 MAXTRANS 255 
 NOCOMPRESS LOGGING
  STORAGE(INITIAL 65536 NEXT 1048576 MINEXTENTS 1 MAXEXTENTS 2147483645
  PCTINCREASE 0 FREELISTS 1 FREELIST GROUPS 1
  BUFFER_POOL DEFAULT FLASH_CACHE DEFAULT CELL_FLASH_CACHE DEFAULT)
  TABLESPACE "SYSTEM" ;
--------------------------------------------------------
--  DDL for Table NOTIFICATIONS
--------------------------------------------------------

  CREATE TABLE "SYSTEM"."NOTIFICATIONS" 
   (	"NOTIFICATION_ID" NUMBER GENERATED ALWAYS AS IDENTITY MINVALUE 1 MAXVALUE 9999999999999999999999999999 INCREMENT BY 1 START WITH 1 CACHE 20 NOORDER  NOCYCLE  NOKEEP  NOSCALE , 
	"USER_ID" NUMBER, 
	"SENDER_ID" NUMBER, 
	"TYPE" VARCHAR2(50 BYTE), 
	"TARGET_TYPE" VARCHAR2(20 BYTE), 
	"TARGET_ID" NUMBER, 
	"MESSAGE" VARCHAR2(255 BYTE), 
	"IS_READ" CHAR(1 BYTE) DEFAULT 'N', 
	"CREATED_AT" TIMESTAMP (6) DEFAULT CURRENT_TIMESTAMP
   ) PCTFREE 10 PCTUSED 40 INITRANS 1 MAXTRANS 255 
 NOCOMPRESS LOGGING
  STORAGE(INITIAL 65536 NEXT 1048576 MINEXTENTS 1 MAXEXTENTS 2147483645
  PCTINCREASE 0 FREELISTS 1 FREELIST GROUPS 1
  BUFFER_POOL DEFAULT FLASH_CACHE DEFAULT CELL_FLASH_CACHE DEFAULT)
  TABLESPACE "SYSTEM" ;
--------------------------------------------------------
--  DDL for Table REFRESH_TOKENS
--------------------------------------------------------

  CREATE TABLE "SYSTEM"."REFRESH_TOKENS" 
   (	"REFRESH_TOKEN_ID" NUMBER GENERATED ALWAYS AS IDENTITY MINVALUE 1 MAXVALUE 9999999999999999999999999999 INCREMENT BY 1 START WITH 1 CACHE 20 NOORDER  NOCYCLE  NOKEEP  NOSCALE , 
	"USER_ID" NUMBER, 
	"REFRESH_TOKEN" VARCHAR2(500 BYTE), 
	"EXPIRES_AT" TIMESTAMP (6), 
	"REVOKED" CHAR(1 BYTE) DEFAULT 'N', 
	"CREATED_AT" TIMESTAMP (6) DEFAULT CURRENT_TIMESTAMP
   ) PCTFREE 10 PCTUSED 40 INITRANS 1 MAXTRANS 255 
 NOCOMPRESS LOGGING
  STORAGE(INITIAL 65536 NEXT 1048576 MINEXTENTS 1 MAXEXTENTS 2147483645
  PCTINCREASE 0 FREELISTS 1 FREELIST GROUPS 1
  BUFFER_POOL DEFAULT FLASH_CACHE DEFAULT CELL_FLASH_CACHE DEFAULT)
  TABLESPACE "SYSTEM" ;
--------------------------------------------------------
--  DDL for Table LIKES
--------------------------------------------------------

  CREATE TABLE "SYSTEM"."LIKES" 
   (	"ID" NUMBER GENERATED ALWAYS AS IDENTITY MINVALUE 1 MAXVALUE 9999999999999999999999999999 INCREMENT BY 1 START WITH 1 CACHE 20 NOORDER  NOCYCLE  NOKEEP  NOSCALE , 
	"USER_ID" NUMBER, 
	"POST_ID" NUMBER, 
	"CREATED_AT" TIMESTAMP (6) DEFAULT CURRENT_TIMESTAMP
   ) PCTFREE 10 PCTUSED 40 INITRANS 1 MAXTRANS 255 
 NOCOMPRESS LOGGING
  STORAGE(INITIAL 65536 NEXT 1048576 MINEXTENTS 1 MAXEXTENTS 2147483645
  PCTINCREASE 0 FREELISTS 1 FREELIST GROUPS 1
  BUFFER_POOL DEFAULT FLASH_CACHE DEFAULT CELL_FLASH_CACHE DEFAULT)
  TABLESPACE "SYSTEM" ;
--------------------------------------------------------
--  DDL for Table POST_IMAGES
--------------------------------------------------------

  CREATE TABLE "SYSTEM"."POST_IMAGES" 
   (	"ID" NUMBER GENERATED ALWAYS AS IDENTITY MINVALUE 1 MAXVALUE 9999999999999999999999999999 INCREMENT BY 1 START WITH 1 CACHE 20 NOORDER  NOCYCLE  NOKEEP  NOSCALE , 
	"POST_ID" NUMBER, 
	"IMAGE_URL" VARCHAR2(255 BYTE), 
	"SORT_ORDER" NUMBER DEFAULT 1, 
	"CREATED_AT" TIMESTAMP (6) DEFAULT CURRENT_TIMESTAMP
   ) PCTFREE 10 PCTUSED 40 INITRANS 1 MAXTRANS 255 
 NOCOMPRESS LOGGING
  STORAGE(INITIAL 65536 NEXT 1048576 MINEXTENTS 1 MAXEXTENTS 2147483645
  PCTINCREASE 0 FREELISTS 1 FREELIST GROUPS 1
  BUFFER_POOL DEFAULT FLASH_CACHE DEFAULT CELL_FLASH_CACHE DEFAULT)
  TABLESPACE "SYSTEM" ;
--------------------------------------------------------
--  DDL for Table POSTS
--------------------------------------------------------

  CREATE TABLE "SYSTEM"."POSTS" 
   (	"ID" NUMBER GENERATED ALWAYS AS IDENTITY MINVALUE 1 MAXVALUE 9999999999999999999999999999 INCREMENT BY 1 START WITH 1 CACHE 20 NOORDER  NOCYCLE  NOKEEP  NOSCALE , 
	"USER_ID" NUMBER, 
	"TITLE" VARCHAR2(255 BYTE), 
	"CONTENT" CLOB, 
	"CATEGORY" VARCHAR2(50 BYTE), 
	"THUMBNAIL_URL" VARCHAR2(255 BYTE), 
	"VIEW_COUNT" NUMBER DEFAULT 0, 
	"LIKE_COUNT" NUMBER DEFAULT 0, 
	"SCRAP_COUNT" NUMBER DEFAULT 0, 
	"COMMENT_COUNT" NUMBER DEFAULT 0, 
	"IS_PUBLIC" NUMBER(1,0) DEFAULT 1, 
	"STATUS" VARCHAR2(20 BYTE) DEFAULT 'PUBLISHED', 
	"CREATED_AT" TIMESTAMP (6) DEFAULT CURRENT_TIMESTAMP, 
	"UPDATED_AT" TIMESTAMP (6), 
	"DELETED_AT" TIMESTAMP (6), 
	"PARENT_POST_ID" NUMBER
   ) PCTFREE 10 PCTUSED 40 INITRANS 1 MAXTRANS 255 
 NOCOMPRESS LOGGING
  STORAGE(INITIAL 65536 NEXT 1048576 MINEXTENTS 1 MAXEXTENTS 2147483645
  PCTINCREASE 0 FREELISTS 1 FREELIST GROUPS 1
  BUFFER_POOL DEFAULT FLASH_CACHE DEFAULT CELL_FLASH_CACHE DEFAULT)
  TABLESPACE "SYSTEM" 
 LOB ("CONTENT") STORE AS BASICFILE (
  TABLESPACE "SYSTEM" ENABLE STORAGE IN ROW 4000 CHUNK 8192 RETENTION 
  NOCACHE LOGGING 
  STORAGE(INITIAL 65536 NEXT 1048576 MINEXTENTS 1 MAXEXTENTS 2147483645
  PCTINCREASE 0 FREELISTS 1 FREELIST GROUPS 1
  BUFFER_POOL DEFAULT FLASH_CACHE DEFAULT CELL_FLASH_CACHE DEFAULT)) ;
--------------------------------------------------------
--  DDL for Table POST_HASHTAGS
--------------------------------------------------------

  CREATE TABLE "SYSTEM"."POST_HASHTAGS" 
   (	"ID" NUMBER GENERATED ALWAYS AS IDENTITY MINVALUE 1 MAXVALUE 9999999999999999999999999999 INCREMENT BY 1 START WITH 1 CACHE 20 NOORDER  NOCYCLE  NOKEEP  NOSCALE , 
	"POST_ID" NUMBER, 
	"HASHTAG_ID" NUMBER, 
	"CREATED_AT" TIMESTAMP (6) DEFAULT CURRENT_TIMESTAMP
   ) PCTFREE 10 PCTUSED 40 INITRANS 1 MAXTRANS 255 
 NOCOMPRESS LOGGING
  STORAGE(INITIAL 65536 NEXT 1048576 MINEXTENTS 1 MAXEXTENTS 2147483645
  PCTINCREASE 0 FREELISTS 1 FREELIST GROUPS 1
  BUFFER_POOL DEFAULT FLASH_CACHE DEFAULT CELL_FLASH_CACHE DEFAULT)
  TABLESPACE "SYSTEM" ;
--------------------------------------------------------
--  DDL for Table FOLLOWS
--------------------------------------------------------

  CREATE TABLE "SYSTEM"."FOLLOWS" 
   (	"ID" NUMBER GENERATED ALWAYS AS IDENTITY MINVALUE 1 MAXVALUE 9999999999999999999999999999 INCREMENT BY 1 START WITH 1 CACHE 20 NOORDER  NOCYCLE  NOKEEP  NOSCALE , 
	"FOLLOWER_ID" NUMBER, 
	"FOLLOWING_ID" NUMBER, 
	"CREATED_AT" TIMESTAMP (6) DEFAULT CURRENT_TIMESTAMP
   ) PCTFREE 10 PCTUSED 40 INITRANS 1 MAXTRANS 255 
 NOCOMPRESS LOGGING
  STORAGE(INITIAL 65536 NEXT 1048576 MINEXTENTS 1 MAXEXTENTS 2147483645
  PCTINCREASE 0 FREELISTS 1 FREELIST GROUPS 1
  BUFFER_POOL DEFAULT FLASH_CACHE DEFAULT CELL_FLASH_CACHE DEFAULT)
  TABLESPACE "SYSTEM" ;
--------------------------------------------------------
--  DDL for Table COMMENTS
--------------------------------------------------------

  CREATE TABLE "SYSTEM"."COMMENTS" 
   (	"ID" NUMBER GENERATED ALWAYS AS IDENTITY MINVALUE 1 MAXVALUE 9999999999999999999999999999 INCREMENT BY 1 START WITH 1 CACHE 20 NOORDER  NOCYCLE  NOKEEP  NOSCALE , 
	"POST_ID" NUMBER, 
	"USER_ID" NUMBER, 
	"CONTENT" CLOB, 
	"PARENT_COMMENT_ID" NUMBER, 
	"LIKE_COUNT" NUMBER DEFAULT 0, 
	"STATUS" VARCHAR2(20 BYTE) DEFAULT 'PUBLISHED', 
	"CREATED_AT" TIMESTAMP (6) DEFAULT CURRENT_TIMESTAMP, 
	"UPDATED_AT" TIMESTAMP (6), 
	"DELETED_AT" TIMESTAMP (6)
   ) PCTFREE 10 PCTUSED 40 INITRANS 1 MAXTRANS 255 
 NOCOMPRESS LOGGING
  STORAGE(INITIAL 65536 NEXT 1048576 MINEXTENTS 1 MAXEXTENTS 2147483645
  PCTINCREASE 0 FREELISTS 1 FREELIST GROUPS 1
  BUFFER_POOL DEFAULT FLASH_CACHE DEFAULT CELL_FLASH_CACHE DEFAULT)
  TABLESPACE "SYSTEM" 
 LOB ("CONTENT") STORE AS BASICFILE (
  TABLESPACE "SYSTEM" ENABLE STORAGE IN ROW 4000 CHUNK 8192 RETENTION 
  NOCACHE LOGGING 
  STORAGE(INITIAL 65536 NEXT 1048576 MINEXTENTS 1 MAXEXTENTS 2147483645
  PCTINCREASE 0 FREELISTS 1 FREELIST GROUPS 1
  BUFFER_POOL DEFAULT FLASH_CACHE DEFAULT CELL_FLASH_CACHE DEFAULT)) ;
--------------------------------------------------------
--  DDL for Table HASHTAGS
--------------------------------------------------------

  CREATE TABLE "SYSTEM"."HASHTAGS" 
   (	"ID" NUMBER GENERATED ALWAYS AS IDENTITY MINVALUE 1 MAXVALUE 9999999999999999999999999999 INCREMENT BY 1 START WITH 1 CACHE 20 NOORDER  NOCYCLE  NOKEEP  NOSCALE , 
	"NAME" VARCHAR2(50 BYTE), 
	"CREATED_AT" TIMESTAMP (6) DEFAULT CURRENT_TIMESTAMP
   ) PCTFREE 10 PCTUSED 40 INITRANS 1 MAXTRANS 255 
 NOCOMPRESS LOGGING
  STORAGE(INITIAL 65536 NEXT 1048576 MINEXTENTS 1 MAXEXTENTS 2147483645
  PCTINCREASE 0 FREELISTS 1 FREELIST GROUPS 1
  BUFFER_POOL DEFAULT FLASH_CACHE DEFAULT CELL_FLASH_CACHE DEFAULT)
  TABLESPACE "SYSTEM" ;
--------------------------------------------------------
--  DDL for Table EMAIL_VERIFICATIONS
--------------------------------------------------------

  CREATE TABLE "SYSTEM"."EMAIL_VERIFICATIONS" 
   (	"ID" NUMBER GENERATED ALWAYS AS IDENTITY MINVALUE 1 MAXVALUE 9999999999999999999999999999 INCREMENT BY 1 START WITH 1 CACHE 20 NOORDER  NOCYCLE  NOKEEP  NOSCALE , 
	"EMAIL" VARCHAR2(255 BYTE), 
	"TOKEN" VARCHAR2(255 BYTE), 
	"EXPIRES_AT" TIMESTAMP (6), 
	"IS_USED" NUMBER(1,0) DEFAULT 0, 
	"CREATED_AT" TIMESTAMP (6) DEFAULT CURRENT_TIMESTAMP
   ) PCTFREE 10 PCTUSED 40 INITRANS 1 MAXTRANS 255 
 NOCOMPRESS LOGGING
  STORAGE(INITIAL 65536 NEXT 1048576 MINEXTENTS 1 MAXEXTENTS 2147483645
  PCTINCREASE 0 FREELISTS 1 FREELIST GROUPS 1
  BUFFER_POOL DEFAULT FLASH_CACHE DEFAULT CELL_FLASH_CACHE DEFAULT)
  TABLESPACE "SYSTEM" ;
--------------------------------------------------------
--  DDL for Table REPORTS
--------------------------------------------------------

  CREATE TABLE "SYSTEM"."REPORTS" 
   (	"ID" NUMBER GENERATED ALWAYS AS IDENTITY MINVALUE 1 MAXVALUE 9999999999999999999999999999 INCREMENT BY 1 START WITH 1 CACHE 20 NOORDER  NOCYCLE  NOKEEP  NOSCALE , 
	"REPORTER_ID" NUMBER, 
	"TARGET_TYPE" VARCHAR2(20 BYTE), 
	"TARGET_ID" NUMBER, 
	"REASON" VARCHAR2(255 BYTE), 
	"STATUS" VARCHAR2(20 BYTE) DEFAULT 'PENDING', 
	"CREATED_AT" TIMESTAMP (6) DEFAULT CURRENT_TIMESTAMP
   ) PCTFREE 10 PCTUSED 40 INITRANS 1 MAXTRANS 255 
 NOCOMPRESS LOGGING
  STORAGE(INITIAL 65536 NEXT 1048576 MINEXTENTS 1 MAXEXTENTS 2147483645
  PCTINCREASE 0 FREELISTS 1 FREELIST GROUPS 1
  BUFFER_POOL DEFAULT FLASH_CACHE DEFAULT CELL_FLASH_CACHE DEFAULT)
  TABLESPACE "SYSTEM" ;
--------------------------------------------------------
--  DDL for Table SCRAPS
--------------------------------------------------------

  CREATE TABLE "SYSTEM"."SCRAPS" 
   (	"ID" NUMBER GENERATED ALWAYS AS IDENTITY MINVALUE 1 MAXVALUE 9999999999999999999999999999 INCREMENT BY 1 START WITH 1 CACHE 20 NOORDER  NOCYCLE  NOKEEP  NOSCALE , 
	"USER_ID" NUMBER, 
	"POST_ID" NUMBER, 
	"CREATED_AT" TIMESTAMP (6) DEFAULT CURRENT_TIMESTAMP
   ) PCTFREE 10 PCTUSED 40 INITRANS 1 MAXTRANS 255 
 NOCOMPRESS LOGGING
  STORAGE(INITIAL 65536 NEXT 1048576 MINEXTENTS 1 MAXEXTENTS 2147483645
  PCTINCREASE 0 FREELISTS 1 FREELIST GROUPS 1
  BUFFER_POOL DEFAULT FLASH_CACHE DEFAULT CELL_FLASH_CACHE DEFAULT)
  TABLESPACE "SYSTEM" ;
--------------------------------------------------------
--  DDL for Table USER_BLOCKS
--------------------------------------------------------

  CREATE TABLE "SYSTEM"."USER_BLOCKS" 
   (	"ID" NUMBER GENERATED ALWAYS AS IDENTITY MINVALUE 1 MAXVALUE 9999999999999999999999999999 INCREMENT BY 1 START WITH 1 CACHE 20 NOORDER  NOCYCLE  NOKEEP  NOSCALE , 
	"BLOCKER_ID" NUMBER, 
	"BLOCKED_ID" NUMBER, 
	"CREATED_AT" TIMESTAMP (6) DEFAULT CURRENT_TIMESTAMP
   ) PCTFREE 10 PCTUSED 40 INITRANS 1 MAXTRANS 255 
 NOCOMPRESS LOGGING
  STORAGE(INITIAL 65536 NEXT 1048576 MINEXTENTS 1 MAXEXTENTS 2147483645
  PCTINCREASE 0 FREELISTS 1 FREELIST GROUPS 1
  BUFFER_POOL DEFAULT FLASH_CACHE DEFAULT CELL_FLASH_CACHE DEFAULT)
  TABLESPACE "SYSTEM" ;
--------------------------------------------------------
--  DDL for Table USERS
--------------------------------------------------------

  CREATE TABLE "SYSTEM"."USERS" 
   (	"ID" NUMBER GENERATED ALWAYS AS IDENTITY MINVALUE 1 MAXVALUE 9999999999999999999999999999 INCREMENT BY 1 START WITH 1 CACHE 20 NOORDER  NOCYCLE  NOKEEP  NOSCALE , 
	"EMAIL" VARCHAR2(255 BYTE), 
	"PASSWORD" VARCHAR2(255 BYTE), 
	"PROVIDER" VARCHAR2(20 BYTE) DEFAULT 'LOCAL', 
	"PROVIDER_ID" VARCHAR2(255 BYTE), 
	"NICKNAME" VARCHAR2(50 BYTE), 
	"PROFILE_IMAGE" VARCHAR2(255 BYTE), 
	"BIO" VARCHAR2(255 BYTE), 
	"ROLE" VARCHAR2(20 BYTE) DEFAULT 'USER', 
	"STATUS" VARCHAR2(20 BYTE) DEFAULT 'ACTIVE', 
	"EMAIL_VERIFIED" NUMBER(1,0) DEFAULT 0, 
	"LAST_LOGIN_AT" TIMESTAMP (6), 
	"CREATED_AT" TIMESTAMP (6) DEFAULT CURRENT_TIMESTAMP, 
	"UPDATED_AT" TIMESTAMP (6), 
	"DELETED_AT" TIMESTAMP (6), 
	"BIRTH_DATE" DATE
   ) PCTFREE 10 PCTUSED 40 INITRANS 1 MAXTRANS 255 
 NOCOMPRESS LOGGING
  STORAGE(INITIAL 65536 NEXT 1048576 MINEXTENTS 1 MAXEXTENTS 2147483645
  PCTINCREASE 0 FREELISTS 1 FREELIST GROUPS 1
  BUFFER_POOL DEFAULT FLASH_CACHE DEFAULT CELL_FLASH_CACHE DEFAULT)
  TABLESPACE "SYSTEM" ;
REM INSERTING into SYSTEM.LOGIN_HISTORY
SET DEFINE OFF;
Insert into SYSTEM.LOGIN_HISTORY (ID,USER_ID,IP_ADDRESS,USER_AGENT,STATUS,CREATED_AT) values (1,9,'::1','Mozilla/5.0 (Windows NT 10.0; Win64; x64) AppleWebKit/537.36 (KHTML, like Gecko) Chrome/148.0.0.0 Safari/537.36','SUCCESS',to_timestamp('26/06/02 11:35:23.109000000','RR/MM/DD HH24:MI:SSXFF'));
Insert into SYSTEM.LOGIN_HISTORY (ID,USER_ID,IP_ADDRESS,USER_AGENT,STATUS,CREATED_AT) values (2,8,'::1','Mozilla/5.0 (Windows NT 10.0; Win64; x64) AppleWebKit/537.36 (KHTML, like Gecko) Chrome/148.0.0.0 Safari/537.36','SUCCESS',to_timestamp('26/06/02 12:03:07.076000000','RR/MM/DD HH24:MI:SSXFF'));
Insert into SYSTEM.LOGIN_HISTORY (ID,USER_ID,IP_ADDRESS,USER_AGENT,STATUS,CREATED_AT) values (3,8,'::1','Mozilla/5.0 (Windows NT 10.0; Win64; x64) AppleWebKit/537.36 (KHTML, like Gecko) Chrome/148.0.0.0 Safari/537.36','SUCCESS',to_timestamp('26/06/02 12:03:29.840000000','RR/MM/DD HH24:MI:SSXFF'));
Insert into SYSTEM.LOGIN_HISTORY (ID,USER_ID,IP_ADDRESS,USER_AGENT,STATUS,CREATED_AT) values (4,8,'::1','Mozilla/5.0 (Windows NT 10.0; Win64; x64) AppleWebKit/537.36 (KHTML, like Gecko) Chrome/148.0.0.0 Safari/537.36','SUCCESS',to_timestamp('26/06/02 12:07:05.229000000','RR/MM/DD HH24:MI:SSXFF'));
Insert into SYSTEM.LOGIN_HISTORY (ID,USER_ID,IP_ADDRESS,USER_AGENT,STATUS,CREATED_AT) values (5,11,'::1','Mozilla/5.0 (Windows NT 10.0; Win64; x64) AppleWebKit/537.36 (KHTML, like Gecko) Chrome/148.0.0.0 Safari/537.36','SUCCESS',to_timestamp('26/06/02 12:09:15.825000000','RR/MM/DD HH24:MI:SSXFF'));
Insert into SYSTEM.LOGIN_HISTORY (ID,USER_ID,IP_ADDRESS,USER_AGENT,STATUS,CREATED_AT) values (6,10,'::1','Mozilla/5.0 (Windows NT 10.0; Win64; x64) AppleWebKit/537.36 (KHTML, like Gecko) Chrome/148.0.0.0 Safari/537.36','SUCCESS',to_timestamp('26/06/02 12:09:19.905000000','RR/MM/DD HH24:MI:SSXFF'));
Insert into SYSTEM.LOGIN_HISTORY (ID,USER_ID,IP_ADDRESS,USER_AGENT,STATUS,CREATED_AT) values (7,9,'::1','Mozilla/5.0 (Windows NT 10.0; Win64; x64) AppleWebKit/537.36 (KHTML, like Gecko) Chrome/148.0.0.0 Safari/537.36','SUCCESS',to_timestamp('26/06/02 12:12:23.950000000','RR/MM/DD HH24:MI:SSXFF'));
Insert into SYSTEM.LOGIN_HISTORY (ID,USER_ID,IP_ADDRESS,USER_AGENT,STATUS,CREATED_AT) values (8,9,'::1','Mozilla/5.0 (Windows NT 10.0; Win64; x64) AppleWebKit/537.36 (KHTML, like Gecko) Chrome/148.0.0.0 Safari/537.36','SUCCESS',to_timestamp('26/06/02 12:31:10.616000000','RR/MM/DD HH24:MI:SSXFF'));
Insert into SYSTEM.LOGIN_HISTORY (ID,USER_ID,IP_ADDRESS,USER_AGENT,STATUS,CREATED_AT) values (9,9,'::1','Mozilla/5.0 (Windows NT 10.0; Win64; x64) AppleWebKit/537.36 (KHTML, like Gecko) Chrome/148.0.0.0 Safari/537.36','SUCCESS',to_timestamp('26/06/02 12:39:53.662000000','RR/MM/DD HH24:MI:SSXFF'));
Insert into SYSTEM.LOGIN_HISTORY (ID,USER_ID,IP_ADDRESS,USER_AGENT,STATUS,CREATED_AT) values (10,9,'::1','Mozilla/5.0 (Windows NT 10.0; Win64; x64) AppleWebKit/537.36 (KHTML, like Gecko) Chrome/148.0.0.0 Safari/537.36','SUCCESS',to_timestamp('26/06/02 12:47:37.741000000','RR/MM/DD HH24:MI:SSXFF'));
Insert into SYSTEM.LOGIN_HISTORY (ID,USER_ID,IP_ADDRESS,USER_AGENT,STATUS,CREATED_AT) values (11,11,'::1','Mozilla/5.0 (Windows NT 10.0; Win64; x64) AppleWebKit/537.36 (KHTML, like Gecko) Chrome/148.0.0.0 Safari/537.36','SUCCESS',to_timestamp('26/06/02 12:59:06.357000000','RR/MM/DD HH24:MI:SSXFF'));
Insert into SYSTEM.LOGIN_HISTORY (ID,USER_ID,IP_ADDRESS,USER_AGENT,STATUS,CREATED_AT) values (12,10,'::1','Mozilla/5.0 (Windows NT 10.0; Win64; x64) AppleWebKit/537.36 (KHTML, like Gecko) Chrome/148.0.0.0 Safari/537.36','SUCCESS',to_timestamp('26/06/02 13:00:44.756000000','RR/MM/DD HH24:MI:SSXFF'));
Insert into SYSTEM.LOGIN_HISTORY (ID,USER_ID,IP_ADDRESS,USER_AGENT,STATUS,CREATED_AT) values (13,8,'::1','Mozilla/5.0 (Windows NT 10.0; Win64; x64) AppleWebKit/537.36 (KHTML, like Gecko) Chrome/148.0.0.0 Safari/537.36','SUCCESS',to_timestamp('26/06/02 13:01:26.874000000','RR/MM/DD HH24:MI:SSXFF'));
Insert into SYSTEM.LOGIN_HISTORY (ID,USER_ID,IP_ADDRESS,USER_AGENT,STATUS,CREATED_AT) values (14,8,'::1','Mozilla/5.0 (Windows NT 10.0; Win64; x64) AppleWebKit/537.36 (KHTML, like Gecko) Chrome/148.0.0.0 Safari/537.36','SUCCESS',to_timestamp('26/06/02 13:03:10.527000000','RR/MM/DD HH24:MI:SSXFF'));
Insert into SYSTEM.LOGIN_HISTORY (ID,USER_ID,IP_ADDRESS,USER_AGENT,STATUS,CREATED_AT) values (15,8,'::1','Mozilla/5.0 (Windows NT 10.0; Win64; x64) AppleWebKit/537.36 (KHTML, like Gecko) Chrome/148.0.0.0 Safari/537.36','SUCCESS',to_timestamp('26/06/02 13:08:30.083000000','RR/MM/DD HH24:MI:SSXFF'));
Insert into SYSTEM.LOGIN_HISTORY (ID,USER_ID,IP_ADDRESS,USER_AGENT,STATUS,CREATED_AT) values (16,9,'::1','Mozilla/5.0 (Windows NT 10.0; Win64; x64) AppleWebKit/537.36 (KHTML, like Gecko) Chrome/148.0.0.0 Safari/537.36','SUCCESS',to_timestamp('26/06/02 13:15:08.311000000','RR/MM/DD HH24:MI:SSXFF'));
Insert into SYSTEM.LOGIN_HISTORY (ID,USER_ID,IP_ADDRESS,USER_AGENT,STATUS,CREATED_AT) values (17,9,'::1','Mozilla/5.0 (Windows NT 10.0; Win64; x64) AppleWebKit/537.36 (KHTML, like Gecko) Chrome/148.0.0.0 Safari/537.36','SUCCESS',to_timestamp('26/06/02 16:06:38.530000000','RR/MM/DD HH24:MI:SSXFF'));
Insert into SYSTEM.LOGIN_HISTORY (ID,USER_ID,IP_ADDRESS,USER_AGENT,STATUS,CREATED_AT) values (18,10,'::1','Mozilla/5.0 (Windows NT 10.0; Win64; x64) AppleWebKit/537.36 (KHTML, like Gecko) Chrome/148.0.0.0 Safari/537.36','SUCCESS',to_timestamp('26/06/02 16:32:12.897000000','RR/MM/DD HH24:MI:SSXFF'));
Insert into SYSTEM.LOGIN_HISTORY (ID,USER_ID,IP_ADDRESS,USER_AGENT,STATUS,CREATED_AT) values (19,11,'::1','Mozilla/5.0 (Windows NT 10.0; Win64; x64) AppleWebKit/537.36 (KHTML, like Gecko) Chrome/148.0.0.0 Safari/537.36','SUCCESS',to_timestamp('26/06/02 16:36:45.636000000','RR/MM/DD HH24:MI:SSXFF'));
Insert into SYSTEM.LOGIN_HISTORY (ID,USER_ID,IP_ADDRESS,USER_AGENT,STATUS,CREATED_AT) values (20,8,'::1','Mozilla/5.0 (Windows NT 10.0; Win64; x64) AppleWebKit/537.36 (KHTML, like Gecko) Chrome/148.0.0.0 Safari/537.36','SUCCESS',to_timestamp('26/06/02 17:00:35.861000000','RR/MM/DD HH24:MI:SSXFF'));
Insert into SYSTEM.LOGIN_HISTORY (ID,USER_ID,IP_ADDRESS,USER_AGENT,STATUS,CREATED_AT) values (21,9,'::1','Mozilla/5.0 (Windows NT 10.0; Win64; x64) AppleWebKit/537.36 (KHTML, like Gecko) Chrome/148.0.0.0 Safari/537.36','SUCCESS',to_timestamp('26/06/02 17:07:42.140000000','RR/MM/DD HH24:MI:SSXFF'));
Insert into SYSTEM.LOGIN_HISTORY (ID,USER_ID,IP_ADDRESS,USER_AGENT,STATUS,CREATED_AT) values (22,8,'::1','Mozilla/5.0 (Windows NT 10.0; Win64; x64) AppleWebKit/537.36 (KHTML, like Gecko) Chrome/148.0.0.0 Safari/537.36','SUCCESS',to_timestamp('26/06/02 17:50:12.494000000','RR/MM/DD HH24:MI:SSXFF'));
Insert into SYSTEM.LOGIN_HISTORY (ID,USER_ID,IP_ADDRESS,USER_AGENT,STATUS,CREATED_AT) values (23,10,'::1','Mozilla/5.0 (Windows NT 10.0; Win64; x64) AppleWebKit/537.36 (KHTML, like Gecko) Chrome/148.0.0.0 Safari/537.36','SUCCESS',to_timestamp('26/06/02 18:31:03.143000000','RR/MM/DD HH24:MI:SSXFF'));
Insert into SYSTEM.LOGIN_HISTORY (ID,USER_ID,IP_ADDRESS,USER_AGENT,STATUS,CREATED_AT) values (24,11,'::1','Mozilla/5.0 (Windows NT 10.0; Win64; x64) AppleWebKit/537.36 (KHTML, like Gecko) Chrome/148.0.0.0 Safari/537.36','SUCCESS',to_timestamp('26/06/02 18:39:52.992000000','RR/MM/DD HH24:MI:SSXFF'));
Insert into SYSTEM.LOGIN_HISTORY (ID,USER_ID,IP_ADDRESS,USER_AGENT,STATUS,CREATED_AT) values (25,8,'::1','Mozilla/5.0 (Windows NT 10.0; Win64; x64) AppleWebKit/537.36 (KHTML, like Gecko) Chrome/148.0.0.0 Safari/537.36','SUCCESS',to_timestamp('26/06/04 09:32:38.371000000','RR/MM/DD HH24:MI:SSXFF'));
Insert into SYSTEM.LOGIN_HISTORY (ID,USER_ID,IP_ADDRESS,USER_AGENT,STATUS,CREATED_AT) values (26,9,'::1','Mozilla/5.0 (Windows NT 10.0; Win64; x64) AppleWebKit/537.36 (KHTML, like Gecko) Chrome/148.0.0.0 Safari/537.36','SUCCESS',to_timestamp('26/06/04 10:10:44.490000000','RR/MM/DD HH24:MI:SSXFF'));
Insert into SYSTEM.LOGIN_HISTORY (ID,USER_ID,IP_ADDRESS,USER_AGENT,STATUS,CREATED_AT) values (27,11,'::1','Mozilla/5.0 (Windows NT 10.0; Win64; x64) AppleWebKit/537.36 (KHTML, like Gecko) Chrome/148.0.0.0 Safari/537.36','SUCCESS',to_timestamp('26/06/04 10:44:25.571000000','RR/MM/DD HH24:MI:SSXFF'));
Insert into SYSTEM.LOGIN_HISTORY (ID,USER_ID,IP_ADDRESS,USER_AGENT,STATUS,CREATED_AT) values (28,9,'::1','Mozilla/5.0 (Windows NT 10.0; Win64; x64) AppleWebKit/537.36 (KHTML, like Gecko) Chrome/148.0.0.0 Safari/537.36','SUCCESS',to_timestamp('26/06/04 11:38:06.579000000','RR/MM/DD HH24:MI:SSXFF'));
Insert into SYSTEM.LOGIN_HISTORY (ID,USER_ID,IP_ADDRESS,USER_AGENT,STATUS,CREATED_AT) values (29,11,'::1','Mozilla/5.0 (Windows NT 10.0; Win64; x64) AppleWebKit/537.36 (KHTML, like Gecko) Chrome/148.0.0.0 Safari/537.36','SUCCESS',to_timestamp('26/06/04 11:38:38.682000000','RR/MM/DD HH24:MI:SSXFF'));
Insert into SYSTEM.LOGIN_HISTORY (ID,USER_ID,IP_ADDRESS,USER_AGENT,STATUS,CREATED_AT) values (30,8,'::1','Mozilla/5.0 (Windows NT 10.0; Win64; x64) AppleWebKit/537.36 (KHTML, like Gecko) Chrome/148.0.0.0 Safari/537.36','SUCCESS',to_timestamp('26/06/04 12:11:25.477000000','RR/MM/DD HH24:MI:SSXFF'));
Insert into SYSTEM.LOGIN_HISTORY (ID,USER_ID,IP_ADDRESS,USER_AGENT,STATUS,CREATED_AT) values (31,9,'::1','Mozilla/5.0 (Windows NT 10.0; Win64; x64) AppleWebKit/537.36 (KHTML, like Gecko) Chrome/148.0.0.0 Safari/537.36','SUCCESS',to_timestamp('26/06/04 12:16:21.109000000','RR/MM/DD HH24:MI:SSXFF'));
Insert into SYSTEM.LOGIN_HISTORY (ID,USER_ID,IP_ADDRESS,USER_AGENT,STATUS,CREATED_AT) values (32,8,'::1','Mozilla/5.0 (Windows NT 10.0; Win64; x64) AppleWebKit/537.36 (KHTML, like Gecko) Chrome/148.0.0.0 Safari/537.36','SUCCESS',to_timestamp('26/06/04 12:39:32.374000000','RR/MM/DD HH24:MI:SSXFF'));
Insert into SYSTEM.LOGIN_HISTORY (ID,USER_ID,IP_ADDRESS,USER_AGENT,STATUS,CREATED_AT) values (33,10,'::1','Mozilla/5.0 (Windows NT 10.0; Win64; x64) AppleWebKit/537.36 (KHTML, like Gecko) Chrome/148.0.0.0 Safari/537.36','SUCCESS',to_timestamp('26/06/04 13:05:52.193000000','RR/MM/DD HH24:MI:SSXFF'));
Insert into SYSTEM.LOGIN_HISTORY (ID,USER_ID,IP_ADDRESS,USER_AGENT,STATUS,CREATED_AT) values (34,8,'::1','Mozilla/5.0 (Windows NT 10.0; Win64; x64) AppleWebKit/537.36 (KHTML, like Gecko) Chrome/148.0.0.0 Safari/537.36','SUCCESS',to_timestamp('26/06/04 16:46:14.396000000','RR/MM/DD HH24:MI:SSXFF'));
Insert into SYSTEM.LOGIN_HISTORY (ID,USER_ID,IP_ADDRESS,USER_AGENT,STATUS,CREATED_AT) values (35,9,'::1','Mozilla/5.0 (Windows NT 10.0; Win64; x64) AppleWebKit/537.36 (KHTML, like Gecko) Chrome/148.0.0.0 Safari/537.36','SUCCESS',to_timestamp('26/06/04 17:44:35.691000000','RR/MM/DD HH24:MI:SSXFF'));
Insert into SYSTEM.LOGIN_HISTORY (ID,USER_ID,IP_ADDRESS,USER_AGENT,STATUS,CREATED_AT) values (36,8,'::1','Mozilla/5.0 (Windows NT 10.0; Win64; x64) AppleWebKit/537.36 (KHTML, like Gecko) Chrome/148.0.0.0 Safari/537.36','SUCCESS',to_timestamp('26/06/04 18:11:02.873000000','RR/MM/DD HH24:MI:SSXFF'));
Insert into SYSTEM.LOGIN_HISTORY (ID,USER_ID,IP_ADDRESS,USER_AGENT,STATUS,CREATED_AT) values (37,11,'::1','Mozilla/5.0 (Windows NT 10.0; Win64; x64) AppleWebKit/537.36 (KHTML, like Gecko) Chrome/148.0.0.0 Safari/537.36','SUCCESS',to_timestamp('26/06/05 13:18:21.265000000','RR/MM/DD HH24:MI:SSXFF'));
Insert into SYSTEM.LOGIN_HISTORY (ID,USER_ID,IP_ADDRESS,USER_AGENT,STATUS,CREATED_AT) values (38,8,'::1','Mozilla/5.0 (Windows NT 10.0; Win64; x64) AppleWebKit/537.36 (KHTML, like Gecko) Chrome/148.0.0.0 Safari/537.36','SUCCESS',to_timestamp('26/06/05 15:07:51.238000000','RR/MM/DD HH24:MI:SSXFF'));
Insert into SYSTEM.LOGIN_HISTORY (ID,USER_ID,IP_ADDRESS,USER_AGENT,STATUS,CREATED_AT) values (39,10,'::1','Mozilla/5.0 (Windows NT 10.0; Win64; x64) AppleWebKit/537.36 (KHTML, like Gecko) Chrome/148.0.0.0 Safari/537.36','SUCCESS',to_timestamp('26/06/05 16:23:01.621000000','RR/MM/DD HH24:MI:SSXFF'));
Insert into SYSTEM.LOGIN_HISTORY (ID,USER_ID,IP_ADDRESS,USER_AGENT,STATUS,CREATED_AT) values (40,9,'::1','Mozilla/5.0 (Windows NT 10.0; Win64; x64) AppleWebKit/537.36 (KHTML, like Gecko) Chrome/148.0.0.0 Safari/537.36','SUCCESS',to_timestamp('26/06/05 17:45:36.775000000','RR/MM/DD HH24:MI:SSXFF'));
Insert into SYSTEM.LOGIN_HISTORY (ID,USER_ID,IP_ADDRESS,USER_AGENT,STATUS,CREATED_AT) values (41,10,'::1','Mozilla/5.0 (Windows NT 10.0; Win64; x64) AppleWebKit/537.36 (KHTML, like Gecko) Chrome/149.0.0.0 Safari/537.36','SUCCESS',to_timestamp('26/06/08 11:24:38.595000000','RR/MM/DD HH24:MI:SSXFF'));
Insert into SYSTEM.LOGIN_HISTORY (ID,USER_ID,IP_ADDRESS,USER_AGENT,STATUS,CREATED_AT) values (42,8,'::1','Mozilla/5.0 (Windows NT 10.0; Win64; x64) AppleWebKit/537.36 (KHTML, like Gecko) Chrome/149.0.0.0 Safari/537.36','SUCCESS',to_timestamp('26/06/08 12:01:50.810000000','RR/MM/DD HH24:MI:SSXFF'));
Insert into SYSTEM.LOGIN_HISTORY (ID,USER_ID,IP_ADDRESS,USER_AGENT,STATUS,CREATED_AT) values (43,8,'::1','Mozilla/5.0 (Windows NT 10.0; Win64; x64) AppleWebKit/537.36 (KHTML, like Gecko) Chrome/149.0.0.0 Safari/537.36','SUCCESS',to_timestamp('26/06/08 12:28:40.465000000','RR/MM/DD HH24:MI:SSXFF'));
Insert into SYSTEM.LOGIN_HISTORY (ID,USER_ID,IP_ADDRESS,USER_AGENT,STATUS,CREATED_AT) values (44,10,'::1','Mozilla/5.0 (Windows NT 10.0; Win64; x64) AppleWebKit/537.36 (KHTML, like Gecko) Chrome/149.0.0.0 Safari/537.36','SUCCESS',to_timestamp('26/06/08 12:28:51.122000000','RR/MM/DD HH24:MI:SSXFF'));
Insert into SYSTEM.LOGIN_HISTORY (ID,USER_ID,IP_ADDRESS,USER_AGENT,STATUS,CREATED_AT) values (45,9,'::1','Mozilla/5.0 (Windows NT 10.0; Win64; x64) AppleWebKit/537.36 (KHTML, like Gecko) Chrome/149.0.0.0 Safari/537.36','SUCCESS',to_timestamp('26/06/08 12:41:35.279000000','RR/MM/DD HH24:MI:SSXFF'));
Insert into SYSTEM.LOGIN_HISTORY (ID,USER_ID,IP_ADDRESS,USER_AGENT,STATUS,CREATED_AT) values (46,10,'::1','Mozilla/5.0 (Windows NT 10.0; Win64; x64) AppleWebKit/537.36 (KHTML, like Gecko) Chrome/149.0.0.0 Safari/537.36','SUCCESS',to_timestamp('26/06/08 12:41:53.701000000','RR/MM/DD HH24:MI:SSXFF'));
Insert into SYSTEM.LOGIN_HISTORY (ID,USER_ID,IP_ADDRESS,USER_AGENT,STATUS,CREATED_AT) values (47,8,'::1','Mozilla/5.0 (Windows NT 10.0; Win64; x64) AppleWebKit/537.36 (KHTML, like Gecko) Chrome/149.0.0.0 Safari/537.36','SUCCESS',to_timestamp('26/06/08 12:42:13.347000000','RR/MM/DD HH24:MI:SSXFF'));
Insert into SYSTEM.LOGIN_HISTORY (ID,USER_ID,IP_ADDRESS,USER_AGENT,STATUS,CREATED_AT) values (48,9,'::1','Mozilla/5.0 (Windows NT 10.0; Win64; x64) AppleWebKit/537.36 (KHTML, like Gecko) Chrome/149.0.0.0 Safari/537.36','SUCCESS',to_timestamp('26/06/08 12:46:00.516000000','RR/MM/DD HH24:MI:SSXFF'));
Insert into SYSTEM.LOGIN_HISTORY (ID,USER_ID,IP_ADDRESS,USER_AGENT,STATUS,CREATED_AT) values (49,10,'::1','Mozilla/5.0 (Windows NT 10.0; Win64; x64) AppleWebKit/537.36 (KHTML, like Gecko) Chrome/149.0.0.0 Safari/537.36','SUCCESS',to_timestamp('26/06/08 12:47:56.476000000','RR/MM/DD HH24:MI:SSXFF'));
Insert into SYSTEM.LOGIN_HISTORY (ID,USER_ID,IP_ADDRESS,USER_AGENT,STATUS,CREATED_AT) values (50,8,'::1','Mozilla/5.0 (Windows NT 10.0; Win64; x64) AppleWebKit/537.36 (KHTML, like Gecko) Chrome/149.0.0.0 Safari/537.36','SUCCESS',to_timestamp('26/06/08 12:49:08.531000000','RR/MM/DD HH24:MI:SSXFF'));
Insert into SYSTEM.LOGIN_HISTORY (ID,USER_ID,IP_ADDRESS,USER_AGENT,STATUS,CREATED_AT) values (51,10,'::1','Mozilla/5.0 (Windows NT 10.0; Win64; x64) AppleWebKit/537.36 (KHTML, like Gecko) Chrome/149.0.0.0 Safari/537.36','SUCCESS',to_timestamp('26/06/08 12:54:26.525000000','RR/MM/DD HH24:MI:SSXFF'));
Insert into SYSTEM.LOGIN_HISTORY (ID,USER_ID,IP_ADDRESS,USER_AGENT,STATUS,CREATED_AT) values (52,8,'::1','Mozilla/5.0 (Windows NT 10.0; Win64; x64) AppleWebKit/537.36 (KHTML, like Gecko) Chrome/149.0.0.0 Safari/537.36','SUCCESS',to_timestamp('26/06/08 12:55:09.093000000','RR/MM/DD HH24:MI:SSXFF'));
Insert into SYSTEM.LOGIN_HISTORY (ID,USER_ID,IP_ADDRESS,USER_AGENT,STATUS,CREATED_AT) values (53,10,'::1','Mozilla/5.0 (Windows NT 10.0; Win64; x64) AppleWebKit/537.36 (KHTML, like Gecko) Chrome/149.0.0.0 Safari/537.36','SUCCESS',to_timestamp('26/06/08 13:09:15.456000000','RR/MM/DD HH24:MI:SSXFF'));
Insert into SYSTEM.LOGIN_HISTORY (ID,USER_ID,IP_ADDRESS,USER_AGENT,STATUS,CREATED_AT) values (54,9,'::1','Mozilla/5.0 (Windows NT 10.0; Win64; x64) AppleWebKit/537.36 (KHTML, like Gecko) Chrome/149.0.0.0 Safari/537.36','SUCCESS',to_timestamp('26/06/08 16:00:41.832000000','RR/MM/DD HH24:MI:SSXFF'));
Insert into SYSTEM.LOGIN_HISTORY (ID,USER_ID,IP_ADDRESS,USER_AGENT,STATUS,CREATED_AT) values (55,9,'::1','Mozilla/5.0 (Windows NT 10.0; Win64; x64) AppleWebKit/537.36 (KHTML, like Gecko) Chrome/149.0.0.0 Safari/537.36','SUCCESS',to_timestamp('26/06/08 16:05:29.471000000','RR/MM/DD HH24:MI:SSXFF'));
Insert into SYSTEM.LOGIN_HISTORY (ID,USER_ID,IP_ADDRESS,USER_AGENT,STATUS,CREATED_AT) values (56,21,'::1','Mozilla/5.0 (Windows NT 10.0; Win64; x64) AppleWebKit/537.36 (KHTML, like Gecko) Chrome/149.0.0.0 Safari/537.36','SUCCESS',to_timestamp('26/06/08 16:16:49.119000000','RR/MM/DD HH24:MI:SSXFF'));
Insert into SYSTEM.LOGIN_HISTORY (ID,USER_ID,IP_ADDRESS,USER_AGENT,STATUS,CREATED_AT) values (57,21,'::1','Mozilla/5.0 (Windows NT 10.0; Win64; x64) AppleWebKit/537.36 (KHTML, like Gecko) Chrome/149.0.0.0 Safari/537.36','SUCCESS',to_timestamp('26/06/08 16:17:10.334000000','RR/MM/DD HH24:MI:SSXFF'));
Insert into SYSTEM.LOGIN_HISTORY (ID,USER_ID,IP_ADDRESS,USER_AGENT,STATUS,CREATED_AT) values (58,11,'::1','Mozilla/5.0 (Windows NT 10.0; Win64; x64) AppleWebKit/537.36 (KHTML, like Gecko) Chrome/149.0.0.0 Safari/537.36','SUCCESS',to_timestamp('26/06/08 16:26:49.754000000','RR/MM/DD HH24:MI:SSXFF'));
Insert into SYSTEM.LOGIN_HISTORY (ID,USER_ID,IP_ADDRESS,USER_AGENT,STATUS,CREATED_AT) values (59,10,'::1','Mozilla/5.0 (Windows NT 10.0; Win64; x64) AppleWebKit/537.36 (KHTML, like Gecko) Chrome/149.0.0.0 Safari/537.36','SUCCESS',to_timestamp('26/06/08 17:25:00.965000000','RR/MM/DD HH24:MI:SSXFF'));
Insert into SYSTEM.LOGIN_HISTORY (ID,USER_ID,IP_ADDRESS,USER_AGENT,STATUS,CREATED_AT) values (60,11,'::1','Mozilla/5.0 (Windows NT 10.0; Win64; x64) AppleWebKit/537.36 (KHTML, like Gecko) Chrome/149.0.0.0 Safari/537.36','SUCCESS',to_timestamp('26/06/08 17:45:11.545000000','RR/MM/DD HH24:MI:SSXFF'));
Insert into SYSTEM.LOGIN_HISTORY (ID,USER_ID,IP_ADDRESS,USER_AGENT,STATUS,CREATED_AT) values (61,22,'::1','Mozilla/5.0 (Windows NT 10.0; Win64; x64) AppleWebKit/537.36 (KHTML, like Gecko) Chrome/149.0.0.0 Safari/537.36','SUCCESS',to_timestamp('26/06/08 17:46:29.332000000','RR/MM/DD HH24:MI:SSXFF'));
Insert into SYSTEM.LOGIN_HISTORY (ID,USER_ID,IP_ADDRESS,USER_AGENT,STATUS,CREATED_AT) values (62,22,'::1','Mozilla/5.0 (Windows NT 10.0; Win64; x64) AppleWebKit/537.36 (KHTML, like Gecko) Chrome/149.0.0.0 Safari/537.36','SUCCESS',to_timestamp('26/06/08 17:56:25.339000000','RR/MM/DD HH24:MI:SSXFF'));
Insert into SYSTEM.LOGIN_HISTORY (ID,USER_ID,IP_ADDRESS,USER_AGENT,STATUS,CREATED_AT) values (63,22,'::1','Mozilla/5.0 (Windows NT 10.0; Win64; x64) AppleWebKit/537.36 (KHTML, like Gecko) Chrome/149.0.0.0 Safari/537.36','SUCCESS',to_timestamp('26/06/08 18:21:24.284000000','RR/MM/DD HH24:MI:SSXFF'));
Insert into SYSTEM.LOGIN_HISTORY (ID,USER_ID,IP_ADDRESS,USER_AGENT,STATUS,CREATED_AT) values (64,9,'::1','Mozilla/5.0 (Windows NT 10.0; Win64; x64) AppleWebKit/537.36 (KHTML, like Gecko) Chrome/149.0.0.0 Safari/537.36','SUCCESS',to_timestamp('26/06/09 09:35:06.386000000','RR/MM/DD HH24:MI:SSXFF'));
Insert into SYSTEM.LOGIN_HISTORY (ID,USER_ID,IP_ADDRESS,USER_AGENT,STATUS,CREATED_AT) values (65,8,'::1','Mozilla/5.0 (Windows NT 10.0; Win64; x64) AppleWebKit/537.36 (KHTML, like Gecko) Chrome/149.0.0.0 Safari/537.36','SUCCESS',to_timestamp('26/06/09 09:35:26.706000000','RR/MM/DD HH24:MI:SSXFF'));
Insert into SYSTEM.LOGIN_HISTORY (ID,USER_ID,IP_ADDRESS,USER_AGENT,STATUS,CREATED_AT) values (66,10,'::1','Mozilla/5.0 (Windows NT 10.0; Win64; x64) AppleWebKit/537.36 (KHTML, like Gecko) Chrome/149.0.0.0 Safari/537.36','SUCCESS',to_timestamp('26/06/09 09:35:46.541000000','RR/MM/DD HH24:MI:SSXFF'));
Insert into SYSTEM.LOGIN_HISTORY (ID,USER_ID,IP_ADDRESS,USER_AGENT,STATUS,CREATED_AT) values (67,8,'::1','Mozilla/5.0 (Windows NT 10.0; Win64; x64) AppleWebKit/537.36 (KHTML, like Gecko) Chrome/149.0.0.0 Safari/537.36','SUCCESS',to_timestamp('26/06/09 09:40:52.134000000','RR/MM/DD HH24:MI:SSXFF'));
Insert into SYSTEM.LOGIN_HISTORY (ID,USER_ID,IP_ADDRESS,USER_AGENT,STATUS,CREATED_AT) values (68,21,'::1','Mozilla/5.0 (Windows NT 10.0; Win64; x64) AppleWebKit/537.36 (KHTML, like Gecko) Chrome/149.0.0.0 Safari/537.36','SUCCESS',to_timestamp('26/06/09 09:48:32.984000000','RR/MM/DD HH24:MI:SSXFF'));
Insert into SYSTEM.LOGIN_HISTORY (ID,USER_ID,IP_ADDRESS,USER_AGENT,STATUS,CREATED_AT) values (69,11,'::1','Mozilla/5.0 (Windows NT 10.0; Win64; x64) AppleWebKit/537.36 (KHTML, like Gecko) Chrome/149.0.0.0 Safari/537.36','SUCCESS',to_timestamp('26/06/09 09:55:24.783000000','RR/MM/DD HH24:MI:SSXFF'));
Insert into SYSTEM.LOGIN_HISTORY (ID,USER_ID,IP_ADDRESS,USER_AGENT,STATUS,CREATED_AT) values (70,10,'::1','Mozilla/5.0 (Windows NT 10.0; Win64; x64) AppleWebKit/537.36 (KHTML, like Gecko) Chrome/149.0.0.0 Safari/537.36','SUCCESS',to_timestamp('26/06/09 09:59:21.226000000','RR/MM/DD HH24:MI:SSXFF'));
Insert into SYSTEM.LOGIN_HISTORY (ID,USER_ID,IP_ADDRESS,USER_AGENT,STATUS,CREATED_AT) values (71,22,'::1','Mozilla/5.0 (Windows NT 10.0; Win64; x64) AppleWebKit/537.36 (KHTML, like Gecko) Chrome/149.0.0.0 Safari/537.36','SUCCESS',to_timestamp('26/06/09 10:01:46.176000000','RR/MM/DD HH24:MI:SSXFF'));
Insert into SYSTEM.LOGIN_HISTORY (ID,USER_ID,IP_ADDRESS,USER_AGENT,STATUS,CREATED_AT) values (72,21,'::1','Mozilla/5.0 (Windows NT 10.0; Win64; x64) AppleWebKit/537.36 (KHTML, like Gecko) Chrome/149.0.0.0 Safari/537.36','SUCCESS',to_timestamp('26/06/09 10:49:09.830000000','RR/MM/DD HH24:MI:SSXFF'));
Insert into SYSTEM.LOGIN_HISTORY (ID,USER_ID,IP_ADDRESS,USER_AGENT,STATUS,CREATED_AT) values (73,28,'::1','Mozilla/5.0 (Windows NT 10.0; Win64; x64) AppleWebKit/537.36 (KHTML, like Gecko) Chrome/149.0.0.0 Safari/537.36','SUCCESS',to_timestamp('26/06/09 11:14:18.637000000','RR/MM/DD HH24:MI:SSXFF'));
Insert into SYSTEM.LOGIN_HISTORY (ID,USER_ID,IP_ADDRESS,USER_AGENT,STATUS,CREATED_AT) values (74,11,'::1','Mozilla/5.0 (Windows NT 10.0; Win64; x64) AppleWebKit/537.36 (KHTML, like Gecko) Chrome/149.0.0.0 Safari/537.36','SUCCESS',to_timestamp('26/06/09 11:31:01.652000000','RR/MM/DD HH24:MI:SSXFF'));
Insert into SYSTEM.LOGIN_HISTORY (ID,USER_ID,IP_ADDRESS,USER_AGENT,STATUS,CREATED_AT) values (75,10,'::1','Mozilla/5.0 (Windows NT 10.0; Win64; x64) AppleWebKit/537.36 (KHTML, like Gecko) Chrome/149.0.0.0 Safari/537.36','SUCCESS',to_timestamp('26/06/09 11:32:27.038000000','RR/MM/DD HH24:MI:SSXFF'));
Insert into SYSTEM.LOGIN_HISTORY (ID,USER_ID,IP_ADDRESS,USER_AGENT,STATUS,CREATED_AT) values (76,9,'::1','Mozilla/5.0 (Windows NT 10.0; Win64; x64) AppleWebKit/537.36 (KHTML, like Gecko) Chrome/149.0.0.0 Safari/537.36','SUCCESS',to_timestamp('26/06/09 11:33:40.548000000','RR/MM/DD HH24:MI:SSXFF'));
Insert into SYSTEM.LOGIN_HISTORY (ID,USER_ID,IP_ADDRESS,USER_AGENT,STATUS,CREATED_AT) values (77,9,'::1','Mozilla/5.0 (Windows NT 10.0; Win64; x64) AppleWebKit/537.36 (KHTML, like Gecko) Chrome/149.0.0.0 Safari/537.36','SUCCESS',to_timestamp('26/06/09 11:34:24.471000000','RR/MM/DD HH24:MI:SSXFF'));
Insert into SYSTEM.LOGIN_HISTORY (ID,USER_ID,IP_ADDRESS,USER_AGENT,STATUS,CREATED_AT) values (78,9,'::1','Mozilla/5.0 (Windows NT 10.0; Win64; x64) AppleWebKit/537.36 (KHTML, like Gecko) Chrome/149.0.0.0 Safari/537.36','SUCCESS',to_timestamp('26/06/09 12:19:31.052000000','RR/MM/DD HH24:MI:SSXFF'));
Insert into SYSTEM.LOGIN_HISTORY (ID,USER_ID,IP_ADDRESS,USER_AGENT,STATUS,CREATED_AT) values (79,21,'::1','Mozilla/5.0 (Windows NT 10.0; Win64; x64) AppleWebKit/537.36 (KHTML, like Gecko) Chrome/149.0.0.0 Safari/537.36','SUCCESS',to_timestamp('26/06/09 12:35:04.606000000','RR/MM/DD HH24:MI:SSXFF'));
Insert into SYSTEM.LOGIN_HISTORY (ID,USER_ID,IP_ADDRESS,USER_AGENT,STATUS,CREATED_AT) values (80,9,'::1','Mozilla/5.0 (Windows NT 10.0; Win64; x64) AppleWebKit/537.36 (KHTML, like Gecko) Chrome/149.0.0.0 Safari/537.36','SUCCESS',to_timestamp('26/06/09 12:39:14.182000000','RR/MM/DD HH24:MI:SSXFF'));
Insert into SYSTEM.LOGIN_HISTORY (ID,USER_ID,IP_ADDRESS,USER_AGENT,STATUS,CREATED_AT) values (81,10,'::1','Mozilla/5.0 (Windows NT 10.0; Win64; x64) AppleWebKit/537.36 (KHTML, like Gecko) Chrome/149.0.0.0 Safari/537.36','SUCCESS',to_timestamp('26/06/09 12:41:38.170000000','RR/MM/DD HH24:MI:SSXFF'));
Insert into SYSTEM.LOGIN_HISTORY (ID,USER_ID,IP_ADDRESS,USER_AGENT,STATUS,CREATED_AT) values (82,9,'::1','Mozilla/5.0 (Windows NT 10.0; Win64; x64) AppleWebKit/537.36 (KHTML, like Gecko) Chrome/149.0.0.0 Safari/537.36','SUCCESS',to_timestamp('26/06/09 14:01:18.484000000','RR/MM/DD HH24:MI:SSXFF'));
Insert into SYSTEM.LOGIN_HISTORY (ID,USER_ID,IP_ADDRESS,USER_AGENT,STATUS,CREATED_AT) values (83,29,'::1','Mozilla/5.0 (Windows NT 10.0; Win64; x64) AppleWebKit/537.36 (KHTML, like Gecko) Chrome/149.0.0.0 Safari/537.36','SUCCESS',to_timestamp('26/06/09 14:05:25.849000000','RR/MM/DD HH24:MI:SSXFF'));
Insert into SYSTEM.LOGIN_HISTORY (ID,USER_ID,IP_ADDRESS,USER_AGENT,STATUS,CREATED_AT) values (84,9,'::1','Mozilla/5.0 (Windows NT 10.0; Win64; x64) AppleWebKit/537.36 (KHTML, like Gecko) Chrome/149.0.0.0 Safari/537.36','SUCCESS',to_timestamp('26/06/09 14:50:27.492000000','RR/MM/DD HH24:MI:SSXFF'));
Insert into SYSTEM.LOGIN_HISTORY (ID,USER_ID,IP_ADDRESS,USER_AGENT,STATUS,CREATED_AT) values (85,9,'::1','Mozilla/5.0 (Windows NT 10.0; Win64; x64) AppleWebKit/537.36 (KHTML, like Gecko) Chrome/149.0.0.0 Safari/537.36','SUCCESS',to_timestamp('26/06/09 15:48:17.953000000','RR/MM/DD HH24:MI:SSXFF'));
REM INSERTING into SYSTEM.NOTIFICATIONS
SET DEFINE OFF;
Insert into SYSTEM.NOTIFICATIONS (NOTIFICATION_ID,USER_ID,SENDER_ID,TYPE,TARGET_TYPE,TARGET_ID,MESSAGE,IS_READ,CREATED_AT) values (1,8,10,'COMMENT',null,15,'게시물에 댓글이 달렸습니다.','Y',to_timestamp('26/06/08 12:49:01.379000000','RR/MM/DD HH24:MI:SSXFF'));
Insert into SYSTEM.NOTIFICATIONS (NOTIFICATION_ID,USER_ID,SENDER_ID,TYPE,TARGET_TYPE,TARGET_ID,MESSAGE,IS_READ,CREATED_AT) values (2,10,8,'REPLY',null,15,'당신의 댓글에 답글이 달렸습니다.','Y',to_timestamp('26/06/08 12:54:19.218000000','RR/MM/DD HH24:MI:SSXFF'));
Insert into SYSTEM.NOTIFICATIONS (NOTIFICATION_ID,USER_ID,SENDER_ID,TYPE,TARGET_TYPE,TARGET_ID,MESSAGE,IS_READ,CREATED_AT) values (3,10,8,'MENTION',null,15,'댓글에서 당신을 언급했습니다.','Y',to_timestamp('26/06/08 12:54:19.284000000','RR/MM/DD HH24:MI:SSXFF'));
Insert into SYSTEM.NOTIFICATIONS (NOTIFICATION_ID,USER_ID,SENDER_ID,TYPE,TARGET_TYPE,TARGET_ID,MESSAGE,IS_READ,CREATED_AT) values (4,10,8,'REPLY',null,15,'당신의 댓글에 답글이 달렸습니다.','Y',to_timestamp('26/06/08 13:08:56.693000000','RR/MM/DD HH24:MI:SSXFF'));
Insert into SYSTEM.NOTIFICATIONS (NOTIFICATION_ID,USER_ID,SENDER_ID,TYPE,TARGET_TYPE,TARGET_ID,MESSAGE,IS_READ,CREATED_AT) values (5,10,8,'MENTION',null,15,'댓글에서 당신을 언급했습니다.','Y',to_timestamp('26/06/08 13:08:56.698000000','RR/MM/DD HH24:MI:SSXFF'));
Insert into SYSTEM.NOTIFICATIONS (NOTIFICATION_ID,USER_ID,SENDER_ID,TYPE,TARGET_TYPE,TARGET_ID,MESSAGE,IS_READ,CREATED_AT) values (6,10,8,'REPLY',null,15,'당신의 댓글에 답글이 달렸습니다.','Y',to_timestamp('26/06/08 13:09:02.908000000','RR/MM/DD HH24:MI:SSXFF'));
Insert into SYSTEM.NOTIFICATIONS (NOTIFICATION_ID,USER_ID,SENDER_ID,TYPE,TARGET_TYPE,TARGET_ID,MESSAGE,IS_READ,CREATED_AT) values (7,10,8,'MENTION',null,15,'댓글에서 당신을 언급했습니다.','Y',to_timestamp('26/06/08 13:09:02.912000000','RR/MM/DD HH24:MI:SSXFF'));
Insert into SYSTEM.NOTIFICATIONS (NOTIFICATION_ID,USER_ID,SENDER_ID,TYPE,TARGET_TYPE,TARGET_ID,MESSAGE,IS_READ,CREATED_AT) values (8,10,8,'REPLY',null,15,'당신의 댓글에 답글이 달렸습니다.','Y',to_timestamp('26/06/08 13:09:09.074000000','RR/MM/DD HH24:MI:SSXFF'));
Insert into SYSTEM.NOTIFICATIONS (NOTIFICATION_ID,USER_ID,SENDER_ID,TYPE,TARGET_TYPE,TARGET_ID,MESSAGE,IS_READ,CREATED_AT) values (9,10,8,'MENTION',null,15,'댓글에서 당신을 언급했습니다.','Y',to_timestamp('26/06/08 13:09:09.077000000','RR/MM/DD HH24:MI:SSXFF'));
Insert into SYSTEM.NOTIFICATIONS (NOTIFICATION_ID,USER_ID,SENDER_ID,TYPE,TARGET_TYPE,TARGET_ID,MESSAGE,IS_READ,CREATED_AT) values (10,8,10,'MENTION',null,15,'댓글에서 당신을 언급했습니다.','N',to_timestamp('26/06/08 13:16:18.004000000','RR/MM/DD HH24:MI:SSXFF'));
Insert into SYSTEM.NOTIFICATIONS (NOTIFICATION_ID,USER_ID,SENDER_ID,TYPE,TARGET_TYPE,TARGET_ID,MESSAGE,IS_READ,CREATED_AT) values (11,9,21,'COMMENT',null,25,'게시물에 댓글이 달렸습니다.','Y',to_timestamp('26/06/08 16:19:50.458000000','RR/MM/DD HH24:MI:SSXFF'));
Insert into SYSTEM.NOTIFICATIONS (NOTIFICATION_ID,USER_ID,SENDER_ID,TYPE,TARGET_TYPE,TARGET_ID,MESSAGE,IS_READ,CREATED_AT) values (12,10,21,'LIKE',null,24,'누군가 당신의 게시물을 좋아합니다.','Y',to_timestamp('26/06/08 16:19:55.367000000','RR/MM/DD HH24:MI:SSXFF'));
Insert into SYSTEM.NOTIFICATIONS (NOTIFICATION_ID,USER_ID,SENDER_ID,TYPE,TARGET_TYPE,TARGET_ID,MESSAGE,IS_READ,CREATED_AT) values (13,8,21,'LIKE',null,15,'누군가 당신의 게시물을 좋아합니다.','N',to_timestamp('26/06/08 16:19:57.331000000','RR/MM/DD HH24:MI:SSXFF'));
Insert into SYSTEM.NOTIFICATIONS (NOTIFICATION_ID,USER_ID,SENDER_ID,TYPE,TARGET_TYPE,TARGET_ID,MESSAGE,IS_READ,CREATED_AT) values (14,9,21,'LIKE',null,25,'누군가 당신의 게시물을 좋아합니다.','Y',to_timestamp('26/06/08 16:19:59.027000000','RR/MM/DD HH24:MI:SSXFF'));
Insert into SYSTEM.NOTIFICATIONS (NOTIFICATION_ID,USER_ID,SENDER_ID,TYPE,TARGET_TYPE,TARGET_ID,MESSAGE,IS_READ,CREATED_AT) values (15,21,11,'LIKE',null,27,'누군가 당신의 게시물을 좋아합니다.','N',to_timestamp('26/06/08 16:26:59.611000000','RR/MM/DD HH24:MI:SSXFF'));
Insert into SYSTEM.NOTIFICATIONS (NOTIFICATION_ID,USER_ID,SENDER_ID,TYPE,TARGET_TYPE,TARGET_ID,MESSAGE,IS_READ,CREATED_AT) values (16,21,11,'LIKE',null,26,'누군가 당신의 게시물을 좋아합니다.','N',to_timestamp('26/06/08 16:27:02.264000000','RR/MM/DD HH24:MI:SSXFF'));
Insert into SYSTEM.NOTIFICATIONS (NOTIFICATION_ID,USER_ID,SENDER_ID,TYPE,TARGET_TYPE,TARGET_ID,MESSAGE,IS_READ,CREATED_AT) values (17,9,11,'LIKE',null,25,'누군가 당신의 게시물을 좋아합니다.','Y',to_timestamp('26/06/08 16:27:30.406000000','RR/MM/DD HH24:MI:SSXFF'));
Insert into SYSTEM.NOTIFICATIONS (NOTIFICATION_ID,USER_ID,SENDER_ID,TYPE,TARGET_TYPE,TARGET_ID,MESSAGE,IS_READ,CREATED_AT) values (18,10,11,'LIKE',null,24,'누군가 당신의 게시물을 좋아합니다.','Y',to_timestamp('26/06/08 16:27:31.686000000','RR/MM/DD HH24:MI:SSXFF'));
Insert into SYSTEM.NOTIFICATIONS (NOTIFICATION_ID,USER_ID,SENDER_ID,TYPE,TARGET_TYPE,TARGET_ID,MESSAGE,IS_READ,CREATED_AT) values (19,8,11,'LIKE',null,15,'누군가 당신의 게시물을 좋아합니다.','N',to_timestamp('26/06/08 16:27:46.639000000','RR/MM/DD HH24:MI:SSXFF'));
Insert into SYSTEM.NOTIFICATIONS (NOTIFICATION_ID,USER_ID,SENDER_ID,TYPE,TARGET_TYPE,TARGET_ID,MESSAGE,IS_READ,CREATED_AT) values (20,10,11,'COMMENT',null,24,'게시물에 댓글이 달렸습니다.','Y',to_timestamp('26/06/08 16:28:03.672000000','RR/MM/DD HH24:MI:SSXFF'));
Insert into SYSTEM.NOTIFICATIONS (NOTIFICATION_ID,USER_ID,SENDER_ID,TYPE,TARGET_TYPE,TARGET_ID,MESSAGE,IS_READ,CREATED_AT) values (21,11,10,'LIKE',null,31,'누군가 당신의 게시물을 좋아합니다.','N',to_timestamp('26/06/08 17:25:14.338000000','RR/MM/DD HH24:MI:SSXFF'));
Insert into SYSTEM.NOTIFICATIONS (NOTIFICATION_ID,USER_ID,SENDER_ID,TYPE,TARGET_TYPE,TARGET_ID,MESSAGE,IS_READ,CREATED_AT) values (22,11,10,'LIKE',null,30,'누군가 당신의 게시물을 좋아합니다.','N',to_timestamp('26/06/08 17:25:15.567000000','RR/MM/DD HH24:MI:SSXFF'));
Insert into SYSTEM.NOTIFICATIONS (NOTIFICATION_ID,USER_ID,SENDER_ID,TYPE,TARGET_TYPE,TARGET_ID,MESSAGE,IS_READ,CREATED_AT) values (23,11,10,'LIKE',null,28,'누군가 당신의 게시물을 좋아합니다.','N',to_timestamp('26/06/08 17:25:17.567000000','RR/MM/DD HH24:MI:SSXFF'));
Insert into SYSTEM.NOTIFICATIONS (NOTIFICATION_ID,USER_ID,SENDER_ID,TYPE,TARGET_TYPE,TARGET_ID,MESSAGE,IS_READ,CREATED_AT) values (24,21,10,'LIKE',null,27,'누군가 당신의 게시물을 좋아합니다.','N',to_timestamp('26/06/08 17:25:19.225000000','RR/MM/DD HH24:MI:SSXFF'));
Insert into SYSTEM.NOTIFICATIONS (NOTIFICATION_ID,USER_ID,SENDER_ID,TYPE,TARGET_TYPE,TARGET_ID,MESSAGE,IS_READ,CREATED_AT) values (25,21,10,'LIKE',null,26,'누군가 당신의 게시물을 좋아합니다.','N',to_timestamp('26/06/08 17:25:20.406000000','RR/MM/DD HH24:MI:SSXFF'));
Insert into SYSTEM.NOTIFICATIONS (NOTIFICATION_ID,USER_ID,SENDER_ID,TYPE,TARGET_TYPE,TARGET_ID,MESSAGE,IS_READ,CREATED_AT) values (26,9,10,'LIKE',null,25,'누군가 당신의 게시물을 좋아합니다.','Y',to_timestamp('26/06/08 17:25:23.294000000','RR/MM/DD HH24:MI:SSXFF'));
Insert into SYSTEM.NOTIFICATIONS (NOTIFICATION_ID,USER_ID,SENDER_ID,TYPE,TARGET_TYPE,TARGET_ID,MESSAGE,IS_READ,CREATED_AT) values (27,21,10,'COMMENT',null,26,'게시물에 댓글이 달렸습니다.','N',to_timestamp('26/06/08 17:25:35.072000000','RR/MM/DD HH24:MI:SSXFF'));
Insert into SYSTEM.NOTIFICATIONS (NOTIFICATION_ID,USER_ID,SENDER_ID,TYPE,TARGET_TYPE,TARGET_ID,MESSAGE,IS_READ,CREATED_AT) values (28,11,10,'COMMENT',null,28,'게시물에 댓글이 달렸습니다.','Y',to_timestamp('26/06/08 17:26:01.625000000','RR/MM/DD HH24:MI:SSXFF'));
Insert into SYSTEM.NOTIFICATIONS (NOTIFICATION_ID,USER_ID,SENDER_ID,TYPE,TARGET_TYPE,TARGET_ID,MESSAGE,IS_READ,CREATED_AT) values (29,11,10,'REPLY',null,24,'당신의 댓글에 답글이 달렸습니다.','N',to_timestamp('26/06/08 17:27:12.119000000','RR/MM/DD HH24:MI:SSXFF'));
Insert into SYSTEM.NOTIFICATIONS (NOTIFICATION_ID,USER_ID,SENDER_ID,TYPE,TARGET_TYPE,TARGET_ID,MESSAGE,IS_READ,CREATED_AT) values (30,11,10,'MENTION',null,24,'댓글에서 당신을 언급했습니다.','N',to_timestamp('26/06/08 17:27:12.124000000','RR/MM/DD HH24:MI:SSXFF'));
Insert into SYSTEM.NOTIFICATIONS (NOTIFICATION_ID,USER_ID,SENDER_ID,TYPE,TARGET_TYPE,TARGET_ID,MESSAGE,IS_READ,CREATED_AT) values (31,10,22,'LIKE',null,32,'누군가 당신의 게시물을 좋아합니다.','N',to_timestamp('26/06/08 17:47:02.483000000','RR/MM/DD HH24:MI:SSXFF'));
Insert into SYSTEM.NOTIFICATIONS (NOTIFICATION_ID,USER_ID,SENDER_ID,TYPE,TARGET_TYPE,TARGET_ID,MESSAGE,IS_READ,CREATED_AT) values (32,11,22,'LIKE',null,31,'누군가 당신의 게시물을 좋아합니다.','N',to_timestamp('26/06/08 17:47:04.427000000','RR/MM/DD HH24:MI:SSXFF'));
Insert into SYSTEM.NOTIFICATIONS (NOTIFICATION_ID,USER_ID,SENDER_ID,TYPE,TARGET_TYPE,TARGET_ID,MESSAGE,IS_READ,CREATED_AT) values (33,10,22,'LIKE',null,32,'누군가 당신의 게시물을 좋아합니다.','N',to_timestamp('26/06/08 17:57:11.264000000','RR/MM/DD HH24:MI:SSXFF'));
Insert into SYSTEM.NOTIFICATIONS (NOTIFICATION_ID,USER_ID,SENDER_ID,TYPE,TARGET_TYPE,TARGET_ID,MESSAGE,IS_READ,CREATED_AT) values (34,11,22,'LIKE',null,30,'누군가 당신의 게시물을 좋아합니다.','N',to_timestamp('26/06/08 17:57:16.847000000','RR/MM/DD HH24:MI:SSXFF'));
Insert into SYSTEM.NOTIFICATIONS (NOTIFICATION_ID,USER_ID,SENDER_ID,TYPE,TARGET_TYPE,TARGET_ID,MESSAGE,IS_READ,CREATED_AT) values (35,21,22,'LIKE',null,27,'누군가 당신의 게시물을 좋아합니다.','N',to_timestamp('26/06/08 18:20:22.279000000','RR/MM/DD HH24:MI:SSXFF'));
Insert into SYSTEM.NOTIFICATIONS (NOTIFICATION_ID,USER_ID,SENDER_ID,TYPE,TARGET_TYPE,TARGET_ID,MESSAGE,IS_READ,CREATED_AT) values (36,21,22,'LIKE',null,26,'누군가 당신의 게시물을 좋아합니다.','N',to_timestamp('26/06/08 18:20:23.562000000','RR/MM/DD HH24:MI:SSXFF'));
Insert into SYSTEM.NOTIFICATIONS (NOTIFICATION_ID,USER_ID,SENDER_ID,TYPE,TARGET_TYPE,TARGET_ID,MESSAGE,IS_READ,CREATED_AT) values (37,9,22,'LIKE',null,25,'누군가 당신의 게시물을 좋아합니다.','Y',to_timestamp('26/06/08 18:20:27.596000000','RR/MM/DD HH24:MI:SSXFF'));
Insert into SYSTEM.NOTIFICATIONS (NOTIFICATION_ID,USER_ID,SENDER_ID,TYPE,TARGET_TYPE,TARGET_ID,MESSAGE,IS_READ,CREATED_AT) values (38,10,22,'LIKE',null,24,'누군가 당신의 게시물을 좋아합니다.','N',to_timestamp('26/06/08 18:20:29.437000000','RR/MM/DD HH24:MI:SSXFF'));
Insert into SYSTEM.NOTIFICATIONS (NOTIFICATION_ID,USER_ID,SENDER_ID,TYPE,TARGET_TYPE,TARGET_ID,MESSAGE,IS_READ,CREATED_AT) values (39,8,22,'LIKE',null,15,'누군가 당신의 게시물을 좋아합니다.','N',to_timestamp('26/06/08 18:20:30.582000000','RR/MM/DD HH24:MI:SSXFF'));
Insert into SYSTEM.NOTIFICATIONS (NOTIFICATION_ID,USER_ID,SENDER_ID,TYPE,TARGET_TYPE,TARGET_ID,MESSAGE,IS_READ,CREATED_AT) values (40,11,22,'COMMENT',null,30,'게시물에 댓글이 달렸습니다.','N',to_timestamp('26/06/08 18:20:50.030000000','RR/MM/DD HH24:MI:SSXFF'));
Insert into SYSTEM.NOTIFICATIONS (NOTIFICATION_ID,USER_ID,SENDER_ID,TYPE,TARGET_TYPE,TARGET_ID,MESSAGE,IS_READ,CREATED_AT) values (41,21,22,'COMMENT',null,27,'게시물에 댓글이 달렸습니다.','N',to_timestamp('26/06/08 18:21:04.190000000','RR/MM/DD HH24:MI:SSXFF'));
Insert into SYSTEM.NOTIFICATIONS (NOTIFICATION_ID,USER_ID,SENDER_ID,TYPE,TARGET_TYPE,TARGET_ID,MESSAGE,IS_READ,CREATED_AT) values (42,8,21,'LIKE',null,40,'누군가 당신의 게시물을 좋아합니다.','N',to_timestamp('26/06/09 09:54:04.057000000','RR/MM/DD HH24:MI:SSXFF'));
Insert into SYSTEM.NOTIFICATIONS (NOTIFICATION_ID,USER_ID,SENDER_ID,TYPE,TARGET_TYPE,TARGET_ID,MESSAGE,IS_READ,CREATED_AT) values (43,8,21,'LIKE',null,39,'누군가 당신의 게시물을 좋아합니다.','N',to_timestamp('26/06/09 09:54:04.978000000','RR/MM/DD HH24:MI:SSXFF'));
Insert into SYSTEM.NOTIFICATIONS (NOTIFICATION_ID,USER_ID,SENDER_ID,TYPE,TARGET_TYPE,TARGET_ID,MESSAGE,IS_READ,CREATED_AT) values (44,8,21,'LIKE',null,38,'누군가 당신의 게시물을 좋아합니다.','N',to_timestamp('26/06/09 09:54:06.167000000','RR/MM/DD HH24:MI:SSXFF'));
Insert into SYSTEM.NOTIFICATIONS (NOTIFICATION_ID,USER_ID,SENDER_ID,TYPE,TARGET_TYPE,TARGET_ID,MESSAGE,IS_READ,CREATED_AT) values (45,8,21,'COMMENT',null,38,'게시물에 댓글이 달렸습니다.','N',to_timestamp('26/06/09 09:54:29.811000000','RR/MM/DD HH24:MI:SSXFF'));
Insert into SYSTEM.NOTIFICATIONS (NOTIFICATION_ID,USER_ID,SENDER_ID,TYPE,TARGET_TYPE,TARGET_ID,MESSAGE,IS_READ,CREATED_AT) values (46,10,21,'LIKE',null,37,'누군가 당신의 게시물을 좋아합니다.','N',to_timestamp('26/06/09 09:54:32.722000000','RR/MM/DD HH24:MI:SSXFF'));
Insert into SYSTEM.NOTIFICATIONS (NOTIFICATION_ID,USER_ID,SENDER_ID,TYPE,TARGET_TYPE,TARGET_ID,MESSAGE,IS_READ,CREATED_AT) values (47,10,21,'LIKE',null,36,'누군가 당신의 게시물을 좋아합니다.','N',to_timestamp('26/06/09 09:54:34.219000000','RR/MM/DD HH24:MI:SSXFF'));
Insert into SYSTEM.NOTIFICATIONS (NOTIFICATION_ID,USER_ID,SENDER_ID,TYPE,TARGET_TYPE,TARGET_ID,MESSAGE,IS_READ,CREATED_AT) values (48,10,21,'COMMENT',null,37,'게시물에 댓글이 달렸습니다.','N',to_timestamp('26/06/09 09:54:39.579000000','RR/MM/DD HH24:MI:SSXFF'));
Insert into SYSTEM.NOTIFICATIONS (NOTIFICATION_ID,USER_ID,SENDER_ID,TYPE,TARGET_TYPE,TARGET_ID,MESSAGE,IS_READ,CREATED_AT) values (49,22,21,'LIKE',null,35,'누군가 당신의 게시물을 좋아합니다.','N',to_timestamp('26/06/09 09:54:42.905000000','RR/MM/DD HH24:MI:SSXFF'));
Insert into SYSTEM.NOTIFICATIONS (NOTIFICATION_ID,USER_ID,SENDER_ID,TYPE,TARGET_TYPE,TARGET_ID,MESSAGE,IS_READ,CREATED_AT) values (50,22,21,'COMMENT',null,35,'게시물에 댓글이 달렸습니다.','Y',to_timestamp('26/06/09 09:54:49.887000000','RR/MM/DD HH24:MI:SSXFF'));
Insert into SYSTEM.NOTIFICATIONS (NOTIFICATION_ID,USER_ID,SENDER_ID,TYPE,TARGET_TYPE,TARGET_ID,MESSAGE,IS_READ,CREATED_AT) values (51,22,21,'LIKE',null,34,'누군가 당신의 게시물을 좋아합니다.','N',to_timestamp('26/06/09 09:54:52.225000000','RR/MM/DD HH24:MI:SSXFF'));
Insert into SYSTEM.NOTIFICATIONS (NOTIFICATION_ID,USER_ID,SENDER_ID,TYPE,TARGET_TYPE,TARGET_ID,MESSAGE,IS_READ,CREATED_AT) values (52,22,21,'LIKE',null,33,'누군가 당신의 게시물을 좋아합니다.','N',to_timestamp('26/06/09 09:54:54.174000000','RR/MM/DD HH24:MI:SSXFF'));
Insert into SYSTEM.NOTIFICATIONS (NOTIFICATION_ID,USER_ID,SENDER_ID,TYPE,TARGET_TYPE,TARGET_ID,MESSAGE,IS_READ,CREATED_AT) values (53,10,21,'LIKE',null,32,'누군가 당신의 게시물을 좋아합니다.','N',to_timestamp('26/06/09 09:54:56.491000000','RR/MM/DD HH24:MI:SSXFF'));
Insert into SYSTEM.NOTIFICATIONS (NOTIFICATION_ID,USER_ID,SENDER_ID,TYPE,TARGET_TYPE,TARGET_ID,MESSAGE,IS_READ,CREATED_AT) values (54,10,21,'COMMENT',null,32,'게시물에 댓글이 달렸습니다.','Y',to_timestamp('26/06/09 09:55:12.103000000','RR/MM/DD HH24:MI:SSXFF'));
Insert into SYSTEM.NOTIFICATIONS (NOTIFICATION_ID,USER_ID,SENDER_ID,TYPE,TARGET_TYPE,TARGET_ID,MESSAGE,IS_READ,CREATED_AT) values (55,11,21,'LIKE',null,31,'누군가 당신의 게시물을 좋아합니다.','N',to_timestamp('26/06/09 09:55:14.362000000','RR/MM/DD HH24:MI:SSXFF'));
Insert into SYSTEM.NOTIFICATIONS (NOTIFICATION_ID,USER_ID,SENDER_ID,TYPE,TARGET_TYPE,TARGET_ID,MESSAGE,IS_READ,CREATED_AT) values (56,11,21,'LIKE',null,30,'누군가 당신의 게시물을 좋아합니다.','N',to_timestamp('26/06/09 09:55:15.377000000','RR/MM/DD HH24:MI:SSXFF'));
Insert into SYSTEM.NOTIFICATIONS (NOTIFICATION_ID,USER_ID,SENDER_ID,TYPE,TARGET_TYPE,TARGET_ID,MESSAGE,IS_READ,CREATED_AT) values (57,11,21,'LIKE',null,28,'누군가 당신의 게시물을 좋아합니다.','N',to_timestamp('26/06/09 09:55:16.503000000','RR/MM/DD HH24:MI:SSXFF'));
Insert into SYSTEM.NOTIFICATIONS (NOTIFICATION_ID,USER_ID,SENDER_ID,TYPE,TARGET_TYPE,TARGET_ID,MESSAGE,IS_READ,CREATED_AT) values (58,21,11,'LIKE',null,42,'누군가 당신의 게시물을 좋아합니다.','N',to_timestamp('26/06/09 09:59:08.948000000','RR/MM/DD HH24:MI:SSXFF'));
Insert into SYSTEM.NOTIFICATIONS (NOTIFICATION_ID,USER_ID,SENDER_ID,TYPE,TARGET_TYPE,TARGET_ID,MESSAGE,IS_READ,CREATED_AT) values (59,21,11,'COMMENT',null,42,'게시물에 댓글이 달렸습니다.','N',to_timestamp('26/06/09 09:59:17.302000000','RR/MM/DD HH24:MI:SSXFF'));
Insert into SYSTEM.NOTIFICATIONS (NOTIFICATION_ID,USER_ID,SENDER_ID,TYPE,TARGET_TYPE,TARGET_ID,MESSAGE,IS_READ,CREATED_AT) values (60,8,10,'COMMENT',null,15,'게시물에 댓글이 달렸습니다.','N',to_timestamp('26/06/09 09:59:56.980000000','RR/MM/DD HH24:MI:SSXFF'));
Insert into SYSTEM.NOTIFICATIONS (NOTIFICATION_ID,USER_ID,SENDER_ID,TYPE,TARGET_TYPE,TARGET_ID,MESSAGE,IS_READ,CREATED_AT) values (61,11,10,'LIKE',null,44,'누군가 당신의 게시물을 좋아합니다.','N',to_timestamp('26/06/09 09:59:59.804000000','RR/MM/DD HH24:MI:SSXFF'));
Insert into SYSTEM.NOTIFICATIONS (NOTIFICATION_ID,USER_ID,SENDER_ID,TYPE,TARGET_TYPE,TARGET_ID,MESSAGE,IS_READ,CREATED_AT) values (62,21,10,'LIKE',null,42,'누군가 당신의 게시물을 좋아합니다.','N',to_timestamp('26/06/09 10:00:01.604000000','RR/MM/DD HH24:MI:SSXFF'));
Insert into SYSTEM.NOTIFICATIONS (NOTIFICATION_ID,USER_ID,SENDER_ID,TYPE,TARGET_TYPE,TARGET_ID,MESSAGE,IS_READ,CREATED_AT) values (63,21,10,'LIKE',null,41,'누군가 당신의 게시물을 좋아합니다.','N',to_timestamp('26/06/09 10:00:03.085000000','RR/MM/DD HH24:MI:SSXFF'));
Insert into SYSTEM.NOTIFICATIONS (NOTIFICATION_ID,USER_ID,SENDER_ID,TYPE,TARGET_TYPE,TARGET_ID,MESSAGE,IS_READ,CREATED_AT) values (64,8,10,'LIKE',null,40,'누군가 당신의 게시물을 좋아합니다.','N',to_timestamp('26/06/09 10:00:04.227000000','RR/MM/DD HH24:MI:SSXFF'));
Insert into SYSTEM.NOTIFICATIONS (NOTIFICATION_ID,USER_ID,SENDER_ID,TYPE,TARGET_TYPE,TARGET_ID,MESSAGE,IS_READ,CREATED_AT) values (65,8,10,'LIKE',null,39,'누군가 당신의 게시물을 좋아합니다.','N',to_timestamp('26/06/09 10:00:06.667000000','RR/MM/DD HH24:MI:SSXFF'));
Insert into SYSTEM.NOTIFICATIONS (NOTIFICATION_ID,USER_ID,SENDER_ID,TYPE,TARGET_TYPE,TARGET_ID,MESSAGE,IS_READ,CREATED_AT) values (66,8,10,'LIKE',null,38,'누군가 당신의 게시물을 좋아합니다.','N',to_timestamp('26/06/09 10:00:07.924000000','RR/MM/DD HH24:MI:SSXFF'));
Insert into SYSTEM.NOTIFICATIONS (NOTIFICATION_ID,USER_ID,SENDER_ID,TYPE,TARGET_TYPE,TARGET_ID,MESSAGE,IS_READ,CREATED_AT) values (67,22,10,'LIKE',null,35,'누군가 당신의 게시물을 좋아합니다.','N',to_timestamp('26/06/09 10:00:11.922000000','RR/MM/DD HH24:MI:SSXFF'));
Insert into SYSTEM.NOTIFICATIONS (NOTIFICATION_ID,USER_ID,SENDER_ID,TYPE,TARGET_TYPE,TARGET_ID,MESSAGE,IS_READ,CREATED_AT) values (68,21,10,'REPLY',null,32,'당신의 댓글에 답글이 달렸습니다.','N',to_timestamp('26/06/09 10:00:48.540000000','RR/MM/DD HH24:MI:SSXFF'));
Insert into SYSTEM.NOTIFICATIONS (NOTIFICATION_ID,USER_ID,SENDER_ID,TYPE,TARGET_TYPE,TARGET_ID,MESSAGE,IS_READ,CREATED_AT) values (69,21,10,'MENTION',null,32,'댓글에서 당신을 언급했습니다.','N',to_timestamp('26/06/09 10:00:48.548000000','RR/MM/DD HH24:MI:SSXFF'));
Insert into SYSTEM.NOTIFICATIONS (NOTIFICATION_ID,USER_ID,SENDER_ID,TYPE,TARGET_TYPE,TARGET_ID,MESSAGE,IS_READ,CREATED_AT) values (70,11,10,'LIKE',null,43,'누군가 당신의 게시물을 좋아합니다.','N',to_timestamp('26/06/09 10:00:58.501000000','RR/MM/DD HH24:MI:SSXFF'));
Insert into SYSTEM.NOTIFICATIONS (NOTIFICATION_ID,USER_ID,SENDER_ID,TYPE,TARGET_TYPE,TARGET_ID,MESSAGE,IS_READ,CREATED_AT) values (71,21,10,'COMMENT',null,41,'게시물에 댓글이 달렸습니다.','Y',to_timestamp('26/06/09 10:01:20.461000000','RR/MM/DD HH24:MI:SSXFF'));
Insert into SYSTEM.NOTIFICATIONS (NOTIFICATION_ID,USER_ID,SENDER_ID,TYPE,TARGET_TYPE,TARGET_ID,MESSAGE,IS_READ,CREATED_AT) values (72,8,22,'COMMENT',null,15,'게시물에 댓글이 달렸습니다.','N',to_timestamp('26/06/09 10:05:39.473000000','RR/MM/DD HH24:MI:SSXFF'));
Insert into SYSTEM.NOTIFICATIONS (NOTIFICATION_ID,USER_ID,SENDER_ID,TYPE,TARGET_TYPE,TARGET_ID,MESSAGE,IS_READ,CREATED_AT) values (73,11,22,'LIKE',null,43,'누군가 당신의 게시물을 좋아합니다.','N',to_timestamp('26/06/09 10:09:41.484000000','RR/MM/DD HH24:MI:SSXFF'));
Insert into SYSTEM.NOTIFICATIONS (NOTIFICATION_ID,USER_ID,SENDER_ID,TYPE,TARGET_TYPE,TARGET_ID,MESSAGE,IS_READ,CREATED_AT) values (74,11,22,'COMMENT',null,43,'게시물에 댓글이 달렸습니다.','Y',to_timestamp('26/06/09 10:10:00.413000000','RR/MM/DD HH24:MI:SSXFF'));
Insert into SYSTEM.NOTIFICATIONS (NOTIFICATION_ID,USER_ID,SENDER_ID,TYPE,TARGET_TYPE,TARGET_ID,MESSAGE,IS_READ,CREATED_AT) values (75,8,28,'LIKE',null,15,'누군가 당신의 게시물을 좋아합니다.','N',to_timestamp('26/06/09 11:15:05.106000000','RR/MM/DD HH24:MI:SSXFF'));
Insert into SYSTEM.NOTIFICATIONS (NOTIFICATION_ID,USER_ID,SENDER_ID,TYPE,TARGET_TYPE,TARGET_ID,MESSAGE,IS_READ,CREATED_AT) values (76,8,28,'COMMENT',null,15,'게시물에 댓글이 달렸습니다.','N',to_timestamp('26/06/09 11:15:12.815000000','RR/MM/DD HH24:MI:SSXFF'));
Insert into SYSTEM.NOTIFICATIONS (NOTIFICATION_ID,USER_ID,SENDER_ID,TYPE,TARGET_TYPE,TARGET_ID,MESSAGE,IS_READ,CREATED_AT) values (77,10,28,'LIKE',null,24,'누군가 당신의 게시물을 좋아합니다.','N',to_timestamp('26/06/09 11:15:18.892000000','RR/MM/DD HH24:MI:SSXFF'));
Insert into SYSTEM.NOTIFICATIONS (NOTIFICATION_ID,USER_ID,SENDER_ID,TYPE,TARGET_TYPE,TARGET_ID,MESSAGE,IS_READ,CREATED_AT) values (78,22,28,'LIKE',null,46,'누군가 당신의 게시물을 좋아합니다.','N',to_timestamp('26/06/09 11:16:43.623000000','RR/MM/DD HH24:MI:SSXFF'));
Insert into SYSTEM.NOTIFICATIONS (NOTIFICATION_ID,USER_ID,SENDER_ID,TYPE,TARGET_TYPE,TARGET_ID,MESSAGE,IS_READ,CREATED_AT) values (79,22,11,'REPLY',null,43,'당신의 댓글에 답글이 달렸습니다.','N',to_timestamp('26/06/09 11:31:34.429000000','RR/MM/DD HH24:MI:SSXFF'));
Insert into SYSTEM.NOTIFICATIONS (NOTIFICATION_ID,USER_ID,SENDER_ID,TYPE,TARGET_TYPE,TARGET_ID,MESSAGE,IS_READ,CREATED_AT) values (80,22,11,'MENTION',null,43,'댓글에서 당신을 언급했습니다.','N',to_timestamp('26/06/09 11:31:34.438000000','RR/MM/DD HH24:MI:SSXFF'));
Insert into SYSTEM.NOTIFICATIONS (NOTIFICATION_ID,USER_ID,SENDER_ID,TYPE,TARGET_TYPE,TARGET_ID,MESSAGE,IS_READ,CREATED_AT) values (81,10,11,'REPLY',null,28,'당신의 댓글에 답글이 달렸습니다.','N',to_timestamp('26/06/09 11:31:53.876000000','RR/MM/DD HH24:MI:SSXFF'));
Insert into SYSTEM.NOTIFICATIONS (NOTIFICATION_ID,USER_ID,SENDER_ID,TYPE,TARGET_TYPE,TARGET_ID,MESSAGE,IS_READ,CREATED_AT) values (82,10,11,'MENTION',null,28,'댓글에서 당신을 언급했습니다.','N',to_timestamp('26/06/09 11:31:53.883000000','RR/MM/DD HH24:MI:SSXFF'));
Insert into SYSTEM.NOTIFICATIONS (NOTIFICATION_ID,USER_ID,SENDER_ID,TYPE,TARGET_TYPE,TARGET_ID,MESSAGE,IS_READ,CREATED_AT) values (83,28,11,'LIKE',null,47,'누군가 당신의 게시물을 좋아합니다.','N',to_timestamp('26/06/09 11:31:56.603000000','RR/MM/DD HH24:MI:SSXFF'));
Insert into SYSTEM.NOTIFICATIONS (NOTIFICATION_ID,USER_ID,SENDER_ID,TYPE,TARGET_TYPE,TARGET_ID,MESSAGE,IS_READ,CREATED_AT) values (84,22,11,'LIKE',null,46,'누군가 당신의 게시물을 좋아합니다.','N',to_timestamp('26/06/09 11:31:58.549000000','RR/MM/DD HH24:MI:SSXFF'));
Insert into SYSTEM.NOTIFICATIONS (NOTIFICATION_ID,USER_ID,SENDER_ID,TYPE,TARGET_TYPE,TARGET_ID,MESSAGE,IS_READ,CREATED_AT) values (85,22,11,'LIKE',null,45,'누군가 당신의 게시물을 좋아합니다.','N',to_timestamp('26/06/09 11:32:00.286000000','RR/MM/DD HH24:MI:SSXFF'));
Insert into SYSTEM.NOTIFICATIONS (NOTIFICATION_ID,USER_ID,SENDER_ID,TYPE,TARGET_TYPE,TARGET_ID,MESSAGE,IS_READ,CREATED_AT) values (86,10,9,'LIKE',null,24,'누군가 당신의 게시물을 좋아합니다.','N',to_timestamp('26/06/09 12:19:58.593000000','RR/MM/DD HH24:MI:SSXFF'));
Insert into SYSTEM.NOTIFICATIONS (NOTIFICATION_ID,USER_ID,SENDER_ID,TYPE,TARGET_TYPE,TARGET_ID,MESSAGE,IS_READ,CREATED_AT) values (87,11,21,'LIKE',null,44,'누군가 당신의 게시물을 좋아합니다.','N',to_timestamp('26/06/09 12:35:33.434000000','RR/MM/DD HH24:MI:SSXFF'));
Insert into SYSTEM.NOTIFICATIONS (NOTIFICATION_ID,USER_ID,SENDER_ID,TYPE,TARGET_TYPE,TARGET_ID,MESSAGE,IS_READ,CREATED_AT) values (88,11,21,'LIKE',null,43,'누군가 당신의 게시물을 좋아합니다.','N',to_timestamp('26/06/09 12:35:34.265000000','RR/MM/DD HH24:MI:SSXFF'));
Insert into SYSTEM.NOTIFICATIONS (NOTIFICATION_ID,USER_ID,SENDER_ID,TYPE,TARGET_TYPE,TARGET_ID,MESSAGE,IS_READ,CREATED_AT) values (89,10,21,'REPLY',null,41,'당신의 댓글에 답글이 달렸습니다.','N',to_timestamp('26/06/09 12:38:20.661000000','RR/MM/DD HH24:MI:SSXFF'));
Insert into SYSTEM.NOTIFICATIONS (NOTIFICATION_ID,USER_ID,SENDER_ID,TYPE,TARGET_TYPE,TARGET_ID,MESSAGE,IS_READ,CREATED_AT) values (90,10,21,'MENTION',null,41,'댓글에서 당신을 언급했습니다.','N',to_timestamp('26/06/09 12:38:20.666000000','RR/MM/DD HH24:MI:SSXFF'));
Insert into SYSTEM.NOTIFICATIONS (NOTIFICATION_ID,USER_ID,SENDER_ID,TYPE,TARGET_TYPE,TARGET_ID,MESSAGE,IS_READ,CREATED_AT) values (91,28,21,'LIKE',null,47,'누군가 당신의 게시물을 좋아합니다.','N',to_timestamp('26/06/09 12:38:32.102000000','RR/MM/DD HH24:MI:SSXFF'));
Insert into SYSTEM.NOTIFICATIONS (NOTIFICATION_ID,USER_ID,SENDER_ID,TYPE,TARGET_TYPE,TARGET_ID,MESSAGE,IS_READ,CREATED_AT) values (92,28,9,'LIKE',null,47,'누군가 당신의 게시물을 좋아합니다.','N',to_timestamp('26/06/09 14:01:32.818000000','RR/MM/DD HH24:MI:SSXFF'));
Insert into SYSTEM.NOTIFICATIONS (NOTIFICATION_ID,USER_ID,SENDER_ID,TYPE,TARGET_TYPE,TARGET_ID,MESSAGE,IS_READ,CREATED_AT) values (93,28,9,'COMMENT',null,47,'게시물에 댓글이 달렸습니다.','N',to_timestamp('26/06/09 14:01:41.862000000','RR/MM/DD HH24:MI:SSXFF'));
Insert into SYSTEM.NOTIFICATIONS (NOTIFICATION_ID,USER_ID,SENDER_ID,TYPE,TARGET_TYPE,TARGET_ID,MESSAGE,IS_READ,CREATED_AT) values (94,8,9,'LIKE',null,40,'누군가 당신의 게시물을 좋아합니다.','N',to_timestamp('26/06/09 14:02:03.293000000','RR/MM/DD HH24:MI:SSXFF'));
Insert into SYSTEM.NOTIFICATIONS (NOTIFICATION_ID,USER_ID,SENDER_ID,TYPE,TARGET_TYPE,TARGET_ID,MESSAGE,IS_READ,CREATED_AT) values (95,9,29,'COMMENT',null,50,'게시물에 댓글이 달렸습니다.','Y',to_timestamp('26/06/09 14:05:39.283000000','RR/MM/DD HH24:MI:SSXFF'));
Insert into SYSTEM.NOTIFICATIONS (NOTIFICATION_ID,USER_ID,SENDER_ID,TYPE,TARGET_TYPE,TARGET_ID,MESSAGE,IS_READ,CREATED_AT) values (96,8,29,'COMMENT',null,15,'게시물에 댓글이 달렸습니다.','N',to_timestamp('26/06/09 14:08:41.588000000','RR/MM/DD HH24:MI:SSXFF'));
REM INSERTING into SYSTEM.REFRESH_TOKENS
SET DEFINE OFF;
Insert into SYSTEM.REFRESH_TOKENS (REFRESH_TOKEN_ID,USER_ID,REFRESH_TOKEN,EXPIRES_AT,REVOKED,CREATED_AT) values (1,9,'eyJhbGciOiJIUzI1NiIsInR5cCI6IkpXVCJ9.eyJpZCI6OSwiaWF0IjoxNzgwMzY3NzIzLCJleHAiOjE3ODE1NzczMjN9.X77UufnD9HawJSi36dX4HB_H20dqetnA-iRYdDTW1eI',to_timestamp('26/06/16 11:35:23.141000000','RR/MM/DD HH24:MI:SSXFF'),'N',to_timestamp('26/06/02 11:35:23.145000000','RR/MM/DD HH24:MI:SSXFF'));
Insert into SYSTEM.REFRESH_TOKENS (REFRESH_TOKEN_ID,USER_ID,REFRESH_TOKEN,EXPIRES_AT,REVOKED,CREATED_AT) values (2,8,'eyJhbGciOiJIUzI1NiIsInR5cCI6IkpXVCJ9.eyJpZCI6OCwiaWF0IjoxNzgwMzY5Mzg3LCJleHAiOjE3ODE1Nzg5ODd9.YVfh0ai73A-kLT5j0vVkw4YChtTzdj24A1kvm8qZShY',to_timestamp('26/06/16 12:03:07.084000000','RR/MM/DD HH24:MI:SSXFF'),'N',to_timestamp('26/06/02 12:03:07.086000000','RR/MM/DD HH24:MI:SSXFF'));
Insert into SYSTEM.REFRESH_TOKENS (REFRESH_TOKEN_ID,USER_ID,REFRESH_TOKEN,EXPIRES_AT,REVOKED,CREATED_AT) values (3,8,'eyJhbGciOiJIUzI1NiIsInR5cCI6IkpXVCJ9.eyJpZCI6OCwiaWF0IjoxNzgwMzY5NDA5LCJleHAiOjE3ODE1NzkwMDl9.31kIA4VtiIa1tzdk28OedTJRPHK1le5USBtis2ITA6E',to_timestamp('26/06/16 12:03:29.848000000','RR/MM/DD HH24:MI:SSXFF'),'N',to_timestamp('26/06/02 12:03:29.850000000','RR/MM/DD HH24:MI:SSXFF'));
Insert into SYSTEM.REFRESH_TOKENS (REFRESH_TOKEN_ID,USER_ID,REFRESH_TOKEN,EXPIRES_AT,REVOKED,CREATED_AT) values (4,8,'eyJhbGciOiJIUzI1NiIsInR5cCI6IkpXVCJ9.eyJpZCI6OCwiaWF0IjoxNzgwMzY5NjI1LCJleHAiOjE3ODE1NzkyMjV9.YqIVRRA760WB-w_cTxnoOT9JPwIeECNTHAX0EpCjpSc',to_timestamp('26/06/16 12:07:05.237000000','RR/MM/DD HH24:MI:SSXFF'),'N',to_timestamp('26/06/02 12:07:05.238000000','RR/MM/DD HH24:MI:SSXFF'));
Insert into SYSTEM.REFRESH_TOKENS (REFRESH_TOKEN_ID,USER_ID,REFRESH_TOKEN,EXPIRES_AT,REVOKED,CREATED_AT) values (5,11,'eyJhbGciOiJIUzI1NiIsInR5cCI6IkpXVCJ9.eyJpZCI6MTEsImlhdCI6MTc4MDM2OTc1NSwiZXhwIjoxNzgxNTc5MzU1fQ.hYFiYw0mhA6X_6o_yPcnNzQhQZYYjotRtYLSrGh-GVg',to_timestamp('26/06/16 12:09:15.828000000','RR/MM/DD HH24:MI:SSXFF'),'N',to_timestamp('26/06/02 12:09:15.829000000','RR/MM/DD HH24:MI:SSXFF'));
Insert into SYSTEM.REFRESH_TOKENS (REFRESH_TOKEN_ID,USER_ID,REFRESH_TOKEN,EXPIRES_AT,REVOKED,CREATED_AT) values (6,10,'eyJhbGciOiJIUzI1NiIsInR5cCI6IkpXVCJ9.eyJpZCI6MTAsImlhdCI6MTc4MDM2OTc1OSwiZXhwIjoxNzgxNTc5MzU5fQ.nHf5mfjz5-ASv5ARrtYaBOAtCfN7fESOiLANfs0lkM4',to_timestamp('26/06/16 12:09:19.907000000','RR/MM/DD HH24:MI:SSXFF'),'N',to_timestamp('26/06/02 12:09:19.907000000','RR/MM/DD HH24:MI:SSXFF'));
Insert into SYSTEM.REFRESH_TOKENS (REFRESH_TOKEN_ID,USER_ID,REFRESH_TOKEN,EXPIRES_AT,REVOKED,CREATED_AT) values (7,9,'eyJhbGciOiJIUzI1NiIsInR5cCI6IkpXVCJ9.eyJpZCI6OSwiaWF0IjoxNzgwMzY5OTQzLCJleHAiOjE3ODE1Nzk1NDN9.EjG5dpfkQemGcVitQDVi8-PxV15HqF3rf8GHGox4hHM',to_timestamp('26/06/16 12:12:23.952000000','RR/MM/DD HH24:MI:SSXFF'),'N',to_timestamp('26/06/02 12:12:23.952000000','RR/MM/DD HH24:MI:SSXFF'));
Insert into SYSTEM.REFRESH_TOKENS (REFRESH_TOKEN_ID,USER_ID,REFRESH_TOKEN,EXPIRES_AT,REVOKED,CREATED_AT) values (8,9,'eyJhbGciOiJIUzI1NiIsInR5cCI6IkpXVCJ9.eyJpZCI6OSwiaWF0IjoxNzgwMzcxMDcwLCJleHAiOjE3ODE1ODA2NzB9.SwiD-FjkpLT3-329Kn9fkaT5RH8a9iS-mJwZ0cHSSzA',to_timestamp('26/06/16 12:31:10.618000000','RR/MM/DD HH24:MI:SSXFF'),'N',to_timestamp('26/06/02 12:31:10.618000000','RR/MM/DD HH24:MI:SSXFF'));
Insert into SYSTEM.REFRESH_TOKENS (REFRESH_TOKEN_ID,USER_ID,REFRESH_TOKEN,EXPIRES_AT,REVOKED,CREATED_AT) values (9,9,'eyJhbGciOiJIUzI1NiIsInR5cCI6IkpXVCJ9.eyJpZCI6OSwiaWF0IjoxNzgwMzcxNTkzLCJleHAiOjE3ODE1ODExOTN9.SsyQx-hWZ0xaDS6di4Py1gtzv9bTpGCs5kTvblRzBdg',to_timestamp('26/06/16 12:39:53.665000000','RR/MM/DD HH24:MI:SSXFF'),'N',to_timestamp('26/06/02 12:39:53.665000000','RR/MM/DD HH24:MI:SSXFF'));
Insert into SYSTEM.REFRESH_TOKENS (REFRESH_TOKEN_ID,USER_ID,REFRESH_TOKEN,EXPIRES_AT,REVOKED,CREATED_AT) values (10,9,'eyJhbGciOiJIUzI1NiIsInR5cCI6IkpXVCJ9.eyJpZCI6OSwiaWF0IjoxNzgwMzcyMDU3LCJleHAiOjE3ODE1ODE2NTd9.z6ws7DXwFSjRcX0rkmHNoQFY-9iDafEhmbefpROuDXs',to_timestamp('26/06/16 12:47:37.744000000','RR/MM/DD HH24:MI:SSXFF'),'Y',to_timestamp('26/06/02 12:47:37.744000000','RR/MM/DD HH24:MI:SSXFF'));
Insert into SYSTEM.REFRESH_TOKENS (REFRESH_TOKEN_ID,USER_ID,REFRESH_TOKEN,EXPIRES_AT,REVOKED,CREATED_AT) values (11,11,'eyJhbGciOiJIUzI1NiIsInR5cCI6IkpXVCJ9.eyJpZCI6MTEsImlhdCI6MTc4MDM3Mjc0NiwiZXhwIjoxNzgxNTgyMzQ2fQ.q-JmYU1zeIL_G3_U2fNS7ylNvW-fLohnG3o_uDHZsG8',to_timestamp('26/06/16 12:59:06.364000000','RR/MM/DD HH24:MI:SSXFF'),'N',to_timestamp('26/06/02 12:59:06.365000000','RR/MM/DD HH24:MI:SSXFF'));
Insert into SYSTEM.REFRESH_TOKENS (REFRESH_TOKEN_ID,USER_ID,REFRESH_TOKEN,EXPIRES_AT,REVOKED,CREATED_AT) values (12,10,'eyJhbGciOiJIUzI1NiIsInR5cCI6IkpXVCJ9.eyJpZCI6MTAsImlhdCI6MTc4MDM3Mjg0NCwiZXhwIjoxNzgxNTgyNDQ0fQ.kWnCaRhPi7Q_TnHmADx9jvTtHsMkuACFE-8GrIS5BTI',to_timestamp('26/06/16 13:00:44.759000000','RR/MM/DD HH24:MI:SSXFF'),'N',to_timestamp('26/06/02 13:00:44.759000000','RR/MM/DD HH24:MI:SSXFF'));
Insert into SYSTEM.REFRESH_TOKENS (REFRESH_TOKEN_ID,USER_ID,REFRESH_TOKEN,EXPIRES_AT,REVOKED,CREATED_AT) values (13,8,'eyJhbGciOiJIUzI1NiIsInR5cCI6IkpXVCJ9.eyJpZCI6OCwiaWF0IjoxNzgwMzcyODg2LCJleHAiOjE3ODE1ODI0ODZ9.oQt9zgscC1KTgyQwQVqpClADWo3CLGVbf5YOpvUafc8',to_timestamp('26/06/16 13:01:26.877000000','RR/MM/DD HH24:MI:SSXFF'),'N',to_timestamp('26/06/02 13:01:26.877000000','RR/MM/DD HH24:MI:SSXFF'));
Insert into SYSTEM.REFRESH_TOKENS (REFRESH_TOKEN_ID,USER_ID,REFRESH_TOKEN,EXPIRES_AT,REVOKED,CREATED_AT) values (14,8,'eyJhbGciOiJIUzI1NiIsInR5cCI6IkpXVCJ9.eyJpZCI6OCwiaWF0IjoxNzgwMzcyOTkwLCJleHAiOjE3ODE1ODI1OTB9.rNV7Ups3TB-Pwb_WbirSGVKNRsW8TdSlFX9F8PAag1g',to_timestamp('26/06/16 13:03:10.530000000','RR/MM/DD HH24:MI:SSXFF'),'Y',to_timestamp('26/06/02 13:03:10.530000000','RR/MM/DD HH24:MI:SSXFF'));
Insert into SYSTEM.REFRESH_TOKENS (REFRESH_TOKEN_ID,USER_ID,REFRESH_TOKEN,EXPIRES_AT,REVOKED,CREATED_AT) values (15,8,'eyJhbGciOiJIUzI1NiIsInR5cCI6IkpXVCJ9.eyJpZCI6OCwiaWF0IjoxNzgwMzczMzEwLCJleHAiOjE3ODE1ODI5MTB9.4wUP2OHLcgTG6gyTltxmtgJTEH6Umlty6LEfXrSINAU',to_timestamp('26/06/16 13:08:30.085000000','RR/MM/DD HH24:MI:SSXFF'),'Y',to_timestamp('26/06/02 13:08:30.085000000','RR/MM/DD HH24:MI:SSXFF'));
Insert into SYSTEM.REFRESH_TOKENS (REFRESH_TOKEN_ID,USER_ID,REFRESH_TOKEN,EXPIRES_AT,REVOKED,CREATED_AT) values (16,9,'eyJhbGciOiJIUzI1NiIsInR5cCI6IkpXVCJ9.eyJpZCI6OSwiaWF0IjoxNzgwMzczNzA4LCJleHAiOjE3ODE1ODMzMDh9.qPUZbJ-2Sdfmgn9nTwRYao5tjvr0ki-ADPDx6b47wkA',to_timestamp('26/06/16 13:15:08.314000000','RR/MM/DD HH24:MI:SSXFF'),'Y',to_timestamp('26/06/02 13:15:08.314000000','RR/MM/DD HH24:MI:SSXFF'));
Insert into SYSTEM.REFRESH_TOKENS (REFRESH_TOKEN_ID,USER_ID,REFRESH_TOKEN,EXPIRES_AT,REVOKED,CREATED_AT) values (17,9,'eyJhbGciOiJIUzI1NiIsInR5cCI6IkpXVCJ9.eyJpZCI6OSwiaWF0IjoxNzgwMzgzOTk4LCJleHAiOjE3ODE1OTM1OTh9.gulHbjkAJZzAxgvt5CggguhTaHg-UFSxGPywQ15UMNo',to_timestamp('26/06/16 16:06:38.535000000','RR/MM/DD HH24:MI:SSXFF'),'Y',to_timestamp('26/06/02 16:06:38.536000000','RR/MM/DD HH24:MI:SSXFF'));
Insert into SYSTEM.REFRESH_TOKENS (REFRESH_TOKEN_ID,USER_ID,REFRESH_TOKEN,EXPIRES_AT,REVOKED,CREATED_AT) values (18,10,'eyJhbGciOiJIUzI1NiIsInR5cCI6IkpXVCJ9.eyJpZCI6MTAsImlhdCI6MTc4MDM4NTUzMiwiZXhwIjoxNzgxNTk1MTMyfQ.ImgzGLjqv0F3UEN0NMBs0GEfXUbyweZcU92mMD-Ialk',to_timestamp('26/06/16 16:32:12.902000000','RR/MM/DD HH24:MI:SSXFF'),'Y',to_timestamp('26/06/02 16:32:12.904000000','RR/MM/DD HH24:MI:SSXFF'));
Insert into SYSTEM.REFRESH_TOKENS (REFRESH_TOKEN_ID,USER_ID,REFRESH_TOKEN,EXPIRES_AT,REVOKED,CREATED_AT) values (19,11,'eyJhbGciOiJIUzI1NiIsInR5cCI6IkpXVCJ9.eyJpZCI6MTEsImlhdCI6MTc4MDM4NTgwNSwiZXhwIjoxNzgxNTk1NDA1fQ.Ver_PkRv_sngapA8JiVg82bb22U6BEW2a-e_zJXYFWc',to_timestamp('26/06/16 16:36:45.639000000','RR/MM/DD HH24:MI:SSXFF'),'Y',to_timestamp('26/06/02 16:36:45.639000000','RR/MM/DD HH24:MI:SSXFF'));
Insert into SYSTEM.REFRESH_TOKENS (REFRESH_TOKEN_ID,USER_ID,REFRESH_TOKEN,EXPIRES_AT,REVOKED,CREATED_AT) values (20,8,'eyJhbGciOiJIUzI1NiIsInR5cCI6IkpXVCJ9.eyJpZCI6OCwiaWF0IjoxNzgwMzg3MjM1LCJleHAiOjE3ODE1OTY4MzV9.PWV8FW8dE4QBs2aKpWitfdflVFD8ORHtgE3jnE0kNcA',to_timestamp('26/06/16 17:00:35.868000000','RR/MM/DD HH24:MI:SSXFF'),'N',to_timestamp('26/06/02 17:00:35.869000000','RR/MM/DD HH24:MI:SSXFF'));
Insert into SYSTEM.REFRESH_TOKENS (REFRESH_TOKEN_ID,USER_ID,REFRESH_TOKEN,EXPIRES_AT,REVOKED,CREATED_AT) values (21,9,'eyJhbGciOiJIUzI1NiIsInR5cCI6IkpXVCJ9.eyJpZCI6OSwiaWF0IjoxNzgwMzg3NjYyLCJleHAiOjE3ODE1OTcyNjJ9.5GC0MQjcdA2Ek5URqEuO-O7BvIypvNHQxhkuSqjxN-U',to_timestamp('26/06/16 17:07:42.146000000','RR/MM/DD HH24:MI:SSXFF'),'Y',to_timestamp('26/06/02 17:07:42.148000000','RR/MM/DD HH24:MI:SSXFF'));
Insert into SYSTEM.REFRESH_TOKENS (REFRESH_TOKEN_ID,USER_ID,REFRESH_TOKEN,EXPIRES_AT,REVOKED,CREATED_AT) values (22,8,'eyJhbGciOiJIUzI1NiIsInR5cCI6IkpXVCJ9.eyJpZCI6OCwiaWF0IjoxNzgwMzkwMjEyLCJleHAiOjE3ODE1OTk4MTJ9.LJ4xYScdKB3YgpVKTsEKN3SR3P8S5M006EEEhIRW4is',to_timestamp('26/06/16 17:50:12.499000000','RR/MM/DD HH24:MI:SSXFF'),'N',to_timestamp('26/06/02 17:50:12.501000000','RR/MM/DD HH24:MI:SSXFF'));
Insert into SYSTEM.REFRESH_TOKENS (REFRESH_TOKEN_ID,USER_ID,REFRESH_TOKEN,EXPIRES_AT,REVOKED,CREATED_AT) values (23,10,'eyJhbGciOiJIUzI1NiIsInR5cCI6IkpXVCJ9.eyJpZCI6MTAsImlhdCI6MTc4MDM5MjY2MywiZXhwIjoxNzgxNjAyMjYzfQ.WQoP2ZJHogdvDXaVMdKgZF40nHSKPL1zMbicU8KNSJQ',to_timestamp('26/06/16 18:31:03.147000000','RR/MM/DD HH24:MI:SSXFF'),'N',to_timestamp('26/06/02 18:31:03.149000000','RR/MM/DD HH24:MI:SSXFF'));
Insert into SYSTEM.REFRESH_TOKENS (REFRESH_TOKEN_ID,USER_ID,REFRESH_TOKEN,EXPIRES_AT,REVOKED,CREATED_AT) values (24,11,'eyJhbGciOiJIUzI1NiIsInR5cCI6IkpXVCJ9.eyJpZCI6MTEsImlhdCI6MTc4MDM5MzE5MiwiZXhwIjoxNzgxNjAyNzkyfQ.Mz9Gnk-g7brOlxb-d6_El9xq80uUg_SgrQvLdjhxJ7w',to_timestamp('26/06/16 18:39:52.996000000','RR/MM/DD HH24:MI:SSXFF'),'N',to_timestamp('26/06/02 18:39:52.997000000','RR/MM/DD HH24:MI:SSXFF'));
Insert into SYSTEM.REFRESH_TOKENS (REFRESH_TOKEN_ID,USER_ID,REFRESH_TOKEN,EXPIRES_AT,REVOKED,CREATED_AT) values (25,8,'eyJhbGciOiJIUzI1NiIsInR5cCI6IkpXVCJ9.eyJpZCI6OCwiaWF0IjoxNzgwNTMzMTU4LCJleHAiOjE3ODE3NDI3NTh9.D5pCbhdXvZAju-_iaBeydzE35wi_q4t4ucRXye2gYPY',to_timestamp('26/06/18 09:32:38.376000000','RR/MM/DD HH24:MI:SSXFF'),'N',to_timestamp('26/06/04 09:32:38.379000000','RR/MM/DD HH24:MI:SSXFF'));
Insert into SYSTEM.REFRESH_TOKENS (REFRESH_TOKEN_ID,USER_ID,REFRESH_TOKEN,EXPIRES_AT,REVOKED,CREATED_AT) values (26,9,'eyJhbGciOiJIUzI1NiIsInR5cCI6IkpXVCJ9.eyJpZCI6OSwiaWF0IjoxNzgwNTM1NDQ0LCJleHAiOjE3ODE3NDUwNDR9.gg2hudDKoKfSzxwsJhMr8OKJurJ6zRzF0l_Dttg2NKQ',to_timestamp('26/06/18 10:10:44.495000000','RR/MM/DD HH24:MI:SSXFF'),'Y',to_timestamp('26/06/04 10:10:44.497000000','RR/MM/DD HH24:MI:SSXFF'));
Insert into SYSTEM.REFRESH_TOKENS (REFRESH_TOKEN_ID,USER_ID,REFRESH_TOKEN,EXPIRES_AT,REVOKED,CREATED_AT) values (27,11,'eyJhbGciOiJIUzI1NiIsInR5cCI6IkpXVCJ9.eyJpZCI6MTEsImlhdCI6MTc4MDUzNzQ2NSwiZXhwIjoxNzgxNzQ3MDY1fQ.fQk-iBO-MMrHTsQ6wyxQb0qUZRXKInpFP1Ky2kXMaXg',to_timestamp('26/06/18 10:44:25.572000000','RR/MM/DD HH24:MI:SSXFF'),'N',to_timestamp('26/06/04 10:44:25.573000000','RR/MM/DD HH24:MI:SSXFF'));
Insert into SYSTEM.REFRESH_TOKENS (REFRESH_TOKEN_ID,USER_ID,REFRESH_TOKEN,EXPIRES_AT,REVOKED,CREATED_AT) values (28,9,'eyJhbGciOiJIUzI1NiIsInR5cCI6IkpXVCJ9.eyJpZCI6OSwiaWF0IjoxNzgwNTQwNjg2LCJleHAiOjE3ODE3NTAyODZ9.a_4yC8pM2KQbfrI7jUJCqG7b0u3XFEWDG0HPcgR-MUs',to_timestamp('26/06/18 11:38:06.586000000','RR/MM/DD HH24:MI:SSXFF'),'Y',to_timestamp('26/06/04 11:38:06.587000000','RR/MM/DD HH24:MI:SSXFF'));
Insert into SYSTEM.REFRESH_TOKENS (REFRESH_TOKEN_ID,USER_ID,REFRESH_TOKEN,EXPIRES_AT,REVOKED,CREATED_AT) values (29,11,'eyJhbGciOiJIUzI1NiIsInR5cCI6IkpXVCJ9.eyJpZCI6MTEsImlhdCI6MTc4MDU0MDcxOCwiZXhwIjoxNzgxNzUwMzE4fQ.YkgKmQujtCp9DF_32LXFc6iKHD2H7NROTm72n_8jnwk',to_timestamp('26/06/18 11:38:38.683000000','RR/MM/DD HH24:MI:SSXFF'),'N',to_timestamp('26/06/04 11:38:38.684000000','RR/MM/DD HH24:MI:SSXFF'));
Insert into SYSTEM.REFRESH_TOKENS (REFRESH_TOKEN_ID,USER_ID,REFRESH_TOKEN,EXPIRES_AT,REVOKED,CREATED_AT) values (30,8,'eyJhbGciOiJIUzI1NiIsInR5cCI6IkpXVCJ9.eyJpZCI6OCwiaWF0IjoxNzgwNTQyNjg1LCJleHAiOjE3ODE3NTIyODV9.2yl37j-kK2VmDwK3YzFPdds4zuiSQRNQ3kyxnLx5fE4',to_timestamp('26/06/18 12:11:25.484000000','RR/MM/DD HH24:MI:SSXFF'),'Y',to_timestamp('26/06/04 12:11:25.486000000','RR/MM/DD HH24:MI:SSXFF'));
Insert into SYSTEM.REFRESH_TOKENS (REFRESH_TOKEN_ID,USER_ID,REFRESH_TOKEN,EXPIRES_AT,REVOKED,CREATED_AT) values (31,9,'eyJhbGciOiJIUzI1NiIsInR5cCI6IkpXVCJ9.eyJpZCI6OSwiaWF0IjoxNzgwNTQyOTgxLCJleHAiOjE3ODE3NTI1ODF9.kHhxwK91MqlnTWiMllPPu6tkX2LdSlxv6KGLc8rAikQ',to_timestamp('26/06/18 12:16:21.112000000','RR/MM/DD HH24:MI:SSXFF'),'Y',to_timestamp('26/06/04 12:16:21.112000000','RR/MM/DD HH24:MI:SSXFF'));
Insert into SYSTEM.REFRESH_TOKENS (REFRESH_TOKEN_ID,USER_ID,REFRESH_TOKEN,EXPIRES_AT,REVOKED,CREATED_AT) values (32,8,'eyJhbGciOiJIUzI1NiIsInR5cCI6IkpXVCJ9.eyJpZCI6OCwiaWF0IjoxNzgwNTQ0MzcyLCJleHAiOjE3ODE3NTM5NzJ9.H5AYiIqgI3IWmdR2APsvWXVtbBtnPaxUnf34fmdRuiM',to_timestamp('26/06/18 12:39:32.380000000','RR/MM/DD HH24:MI:SSXFF'),'Y',to_timestamp('26/06/04 12:39:32.382000000','RR/MM/DD HH24:MI:SSXFF'));
Insert into SYSTEM.REFRESH_TOKENS (REFRESH_TOKEN_ID,USER_ID,REFRESH_TOKEN,EXPIRES_AT,REVOKED,CREATED_AT) values (33,10,'eyJhbGciOiJIUzI1NiIsInR5cCI6IkpXVCJ9.eyJpZCI6MTAsImlhdCI6MTc4MDU0NTk1MiwiZXhwIjoxNzgxNzU1NTUyfQ.oegqLf_wATymRXrimeFH86DuhL2F7wPsBqq4khmz1bs',to_timestamp('26/06/18 13:05:52.199000000','RR/MM/DD HH24:MI:SSXFF'),'Y',to_timestamp('26/06/04 13:05:52.201000000','RR/MM/DD HH24:MI:SSXFF'));
Insert into SYSTEM.REFRESH_TOKENS (REFRESH_TOKEN_ID,USER_ID,REFRESH_TOKEN,EXPIRES_AT,REVOKED,CREATED_AT) values (34,8,'eyJhbGciOiJIUzI1NiIsInR5cCI6IkpXVCJ9.eyJpZCI6OCwiaWF0IjoxNzgwNTU5MTc0LCJleHAiOjE3ODE3Njg3NzR9.G2Ecwklim91wMo3adbaDXSpmDBruh76zl2cIe1mQgUE',to_timestamp('26/06/18 16:46:14.398000000','RR/MM/DD HH24:MI:SSXFF'),'N',to_timestamp('26/06/04 16:46:14.399000000','RR/MM/DD HH24:MI:SSXFF'));
Insert into SYSTEM.REFRESH_TOKENS (REFRESH_TOKEN_ID,USER_ID,REFRESH_TOKEN,EXPIRES_AT,REVOKED,CREATED_AT) values (35,9,'eyJhbGciOiJIUzI1NiIsInR5cCI6IkpXVCJ9.eyJpZCI6OSwiaWF0IjoxNzgwNTYyNjc1LCJleHAiOjE3ODE3NzIyNzV9.qChnBtHOKJzc8ITD7ysWHbfo2taBBaL5I_BxEcSk41g',to_timestamp('26/06/18 17:44:35.693000000','RR/MM/DD HH24:MI:SSXFF'),'Y',to_timestamp('26/06/04 17:44:35.695000000','RR/MM/DD HH24:MI:SSXFF'));
Insert into SYSTEM.REFRESH_TOKENS (REFRESH_TOKEN_ID,USER_ID,REFRESH_TOKEN,EXPIRES_AT,REVOKED,CREATED_AT) values (36,8,'eyJhbGciOiJIUzI1NiIsInR5cCI6IkpXVCJ9.eyJpZCI6OCwiaWF0IjoxNzgwNTY0MjYyLCJleHAiOjE3ODE3NzM4NjJ9.FBBgHHi25s9YPrf-5GS3YDB0KgWnFgCZ3livL6XGYpQ',to_timestamp('26/06/18 18:11:02.878000000','RR/MM/DD HH24:MI:SSXFF'),'Y',to_timestamp('26/06/04 18:11:02.880000000','RR/MM/DD HH24:MI:SSXFF'));
Insert into SYSTEM.REFRESH_TOKENS (REFRESH_TOKEN_ID,USER_ID,REFRESH_TOKEN,EXPIRES_AT,REVOKED,CREATED_AT) values (37,11,'eyJhbGciOiJIUzI1NiIsInR5cCI6IkpXVCJ9.eyJpZCI6MTEsImlhdCI6MTc4MDYzMzEwMSwiZXhwIjoxNzgxODQyNzAxfQ.fR-GbOUrWEMgez4aoo-SXZN8OzB86vfCQajtuPtarNk',to_timestamp('26/06/19 13:18:21.270000000','RR/MM/DD HH24:MI:SSXFF'),'Y',to_timestamp('26/06/05 13:18:21.273000000','RR/MM/DD HH24:MI:SSXFF'));
Insert into SYSTEM.REFRESH_TOKENS (REFRESH_TOKEN_ID,USER_ID,REFRESH_TOKEN,EXPIRES_AT,REVOKED,CREATED_AT) values (38,8,'eyJhbGciOiJIUzI1NiIsInR5cCI6IkpXVCJ9.eyJpZCI6OCwiaWF0IjoxNzgwNjM5NjcxLCJleHAiOjE3ODE4NDkyNzF9.WzkzdqXsHM6po45LuNWWFfEniojLzryfN-iJK89sJs4',to_timestamp('26/06/19 15:07:51.244000000','RR/MM/DD HH24:MI:SSXFF'),'Y',to_timestamp('26/06/05 15:07:51.246000000','RR/MM/DD HH24:MI:SSXFF'));
Insert into SYSTEM.REFRESH_TOKENS (REFRESH_TOKEN_ID,USER_ID,REFRESH_TOKEN,EXPIRES_AT,REVOKED,CREATED_AT) values (39,10,'eyJhbGciOiJIUzI1NiIsInR5cCI6IkpXVCJ9.eyJpZCI6MTAsImlhdCI6MTc4MDY0NDE4MSwiZXhwIjoxNzgxODUzNzgxfQ.YjbH_oZuO6fRD8HzHtiePwnM5jVJBdIqap4TtKPdO-8',to_timestamp('26/06/19 16:23:01.624000000','RR/MM/DD HH24:MI:SSXFF'),'Y',to_timestamp('26/06/05 16:23:01.624000000','RR/MM/DD HH24:MI:SSXFF'));
Insert into SYSTEM.REFRESH_TOKENS (REFRESH_TOKEN_ID,USER_ID,REFRESH_TOKEN,EXPIRES_AT,REVOKED,CREATED_AT) values (40,9,'eyJhbGciOiJIUzI1NiIsInR5cCI6IkpXVCJ9.eyJpZCI6OSwiaWF0IjoxNzgwNjQ5MTM2LCJleHAiOjE3ODE4NTg3MzZ9.vqDYAUP4i-1aUbpcDBK-OSvCFlGthuDWp736XAojKLc',to_timestamp('26/06/19 17:45:36.777000000','RR/MM/DD HH24:MI:SSXFF'),'Y',to_timestamp('26/06/05 17:45:36.778000000','RR/MM/DD HH24:MI:SSXFF'));
Insert into SYSTEM.REFRESH_TOKENS (REFRESH_TOKEN_ID,USER_ID,REFRESH_TOKEN,EXPIRES_AT,REVOKED,CREATED_AT) values (41,10,'eyJhbGciOiJIUzI1NiIsInR5cCI6IkpXVCJ9.eyJpZCI6MTAsImlhdCI6MTc4MDg4NTQ3OCwiZXhwIjoxNzgyMDk1MDc4fQ.IBQtpWltvuKCuGvdAS7SAOnwn-qVT-xm2STCpXo6Dbc',to_timestamp('26/06/22 11:24:38.597000000','RR/MM/DD HH24:MI:SSXFF'),'Y',to_timestamp('26/06/08 11:24:38.601000000','RR/MM/DD HH24:MI:SSXFF'));
Insert into SYSTEM.REFRESH_TOKENS (REFRESH_TOKEN_ID,USER_ID,REFRESH_TOKEN,EXPIRES_AT,REVOKED,CREATED_AT) values (42,8,'eyJhbGciOiJIUzI1NiIsInR5cCI6IkpXVCJ9.eyJpZCI6OCwiaWF0IjoxNzgwODg3NzEwLCJleHAiOjE3ODIwOTczMTB9.pbQFkzk5_yN1kE0XqpVi2T9o-zlfhr20dL9-rmZYBq4',to_timestamp('26/06/22 12:01:50.812000000','RR/MM/DD HH24:MI:SSXFF'),'Y',to_timestamp('26/06/08 12:01:50.812000000','RR/MM/DD HH24:MI:SSXFF'));
Insert into SYSTEM.REFRESH_TOKENS (REFRESH_TOKEN_ID,USER_ID,REFRESH_TOKEN,EXPIRES_AT,REVOKED,CREATED_AT) values (43,8,'eyJhbGciOiJIUzI1NiIsInR5cCI6IkpXVCJ9.eyJpZCI6OCwiaWF0IjoxNzgwODg5MzIwLCJleHAiOjE3ODIwOTg5MjB9.Df2fWnnJ0j4CnXRix-NEnvZiRV1Cig55zgAXjwDdHp4',to_timestamp('26/06/22 12:28:40.472000000','RR/MM/DD HH24:MI:SSXFF'),'Y',to_timestamp('26/06/08 12:28:40.473000000','RR/MM/DD HH24:MI:SSXFF'));
Insert into SYSTEM.REFRESH_TOKENS (REFRESH_TOKEN_ID,USER_ID,REFRESH_TOKEN,EXPIRES_AT,REVOKED,CREATED_AT) values (44,10,'eyJhbGciOiJIUzI1NiIsInR5cCI6IkpXVCJ9.eyJpZCI6MTAsImlhdCI6MTc4MDg4OTMzMSwiZXhwIjoxNzgyMDk4OTMxfQ.fNVxmvbuH1fAMlaux174nczlWr9ahTorvKdjB4FoXwA',to_timestamp('26/06/22 12:28:51.124000000','RR/MM/DD HH24:MI:SSXFF'),'Y',to_timestamp('26/06/08 12:28:51.124000000','RR/MM/DD HH24:MI:SSXFF'));
Insert into SYSTEM.REFRESH_TOKENS (REFRESH_TOKEN_ID,USER_ID,REFRESH_TOKEN,EXPIRES_AT,REVOKED,CREATED_AT) values (45,9,'eyJhbGciOiJIUzI1NiIsInR5cCI6IkpXVCJ9.eyJpZCI6OSwiaWF0IjoxNzgwODkwMDk1LCJleHAiOjE3ODIwOTk2OTV9.rAz8TCfJ0EDnAYIIrk5juzESj8SXMPm1Ok0BAXn-wGs',to_timestamp('26/06/22 12:41:35.283000000','RR/MM/DD HH24:MI:SSXFF'),'Y',to_timestamp('26/06/08 12:41:35.285000000','RR/MM/DD HH24:MI:SSXFF'));
Insert into SYSTEM.REFRESH_TOKENS (REFRESH_TOKEN_ID,USER_ID,REFRESH_TOKEN,EXPIRES_AT,REVOKED,CREATED_AT) values (46,10,'eyJhbGciOiJIUzI1NiIsInR5cCI6IkpXVCJ9.eyJpZCI6MTAsImlhdCI6MTc4MDg5MDExMywiZXhwIjoxNzgyMDk5NzEzfQ.zBXhq35XBEWjNjJ8Q5Dlz2LREYb7FVfXd17wvObjgLE',to_timestamp('26/06/22 12:41:53.703000000','RR/MM/DD HH24:MI:SSXFF'),'Y',to_timestamp('26/06/08 12:41:53.703000000','RR/MM/DD HH24:MI:SSXFF'));
Insert into SYSTEM.REFRESH_TOKENS (REFRESH_TOKEN_ID,USER_ID,REFRESH_TOKEN,EXPIRES_AT,REVOKED,CREATED_AT) values (47,8,'eyJhbGciOiJIUzI1NiIsInR5cCI6IkpXVCJ9.eyJpZCI6OCwiaWF0IjoxNzgwODkwMTMzLCJleHAiOjE3ODIwOTk3MzN9.-1IfuVebdAhmJrcFVjlTbb_we8srIY1Cjeh3vG3oxS4',to_timestamp('26/06/22 12:42:13.350000000','RR/MM/DD HH24:MI:SSXFF'),'Y',to_timestamp('26/06/08 12:42:13.351000000','RR/MM/DD HH24:MI:SSXFF'));
Insert into SYSTEM.REFRESH_TOKENS (REFRESH_TOKEN_ID,USER_ID,REFRESH_TOKEN,EXPIRES_AT,REVOKED,CREATED_AT) values (48,9,'eyJhbGciOiJIUzI1NiIsInR5cCI6IkpXVCJ9.eyJpZCI6OSwiaWF0IjoxNzgwODkwMzYwLCJleHAiOjE3ODIwOTk5NjB9.bEukCGB0IWTGCEKAzXSxLOgXYfEmBhSvV28Zyh9WF4A',to_timestamp('26/06/22 12:46:00.521000000','RR/MM/DD HH24:MI:SSXFF'),'Y',to_timestamp('26/06/08 12:46:00.522000000','RR/MM/DD HH24:MI:SSXFF'));
Insert into SYSTEM.REFRESH_TOKENS (REFRESH_TOKEN_ID,USER_ID,REFRESH_TOKEN,EXPIRES_AT,REVOKED,CREATED_AT) values (49,10,'eyJhbGciOiJIUzI1NiIsInR5cCI6IkpXVCJ9.eyJpZCI6MTAsImlhdCI6MTc4MDg5MDQ3NiwiZXhwIjoxNzgyMTAwMDc2fQ.wjZ3jI16hiLniWwHB-hbjZx0Wl0U-iiItuMQADW6muM',to_timestamp('26/06/22 12:47:56.481000000','RR/MM/DD HH24:MI:SSXFF'),'Y',to_timestamp('26/06/08 12:47:56.482000000','RR/MM/DD HH24:MI:SSXFF'));
Insert into SYSTEM.REFRESH_TOKENS (REFRESH_TOKEN_ID,USER_ID,REFRESH_TOKEN,EXPIRES_AT,REVOKED,CREATED_AT) values (50,8,'eyJhbGciOiJIUzI1NiIsInR5cCI6IkpXVCJ9.eyJpZCI6OCwiaWF0IjoxNzgwODkwNTQ4LCJleHAiOjE3ODIxMDAxNDh9.zGuTf9HGMpQf4NUSgdlFjxAgkwJFVJ6AzGRjUIJ0f-0',to_timestamp('26/06/22 12:49:08.538000000','RR/MM/DD HH24:MI:SSXFF'),'Y',to_timestamp('26/06/08 12:49:08.540000000','RR/MM/DD HH24:MI:SSXFF'));
Insert into SYSTEM.REFRESH_TOKENS (REFRESH_TOKEN_ID,USER_ID,REFRESH_TOKEN,EXPIRES_AT,REVOKED,CREATED_AT) values (51,10,'eyJhbGciOiJIUzI1NiIsInR5cCI6IkpXVCJ9.eyJpZCI6MTAsImlhdCI6MTc4MDg5MDg2NiwiZXhwIjoxNzgyMTAwNDY2fQ.8T5WbFnPOAhn6rlpWzrN_EBse9mMWwMQ2ljLAXW88Tk',to_timestamp('26/06/22 12:54:26.529000000','RR/MM/DD HH24:MI:SSXFF'),'Y',to_timestamp('26/06/08 12:54:26.531000000','RR/MM/DD HH24:MI:SSXFF'));
Insert into SYSTEM.REFRESH_TOKENS (REFRESH_TOKEN_ID,USER_ID,REFRESH_TOKEN,EXPIRES_AT,REVOKED,CREATED_AT) values (52,8,'eyJhbGciOiJIUzI1NiIsInR5cCI6IkpXVCJ9.eyJpZCI6OCwiaWF0IjoxNzgwODkwOTA5LCJleHAiOjE3ODIxMDA1MDl9.0EYVnQkUMcxdL0A2Spdstj_6R_UjQLI6iLVZYbLwfJ8',to_timestamp('26/06/22 12:55:09.095000000','RR/MM/DD HH24:MI:SSXFF'),'Y',to_timestamp('26/06/08 12:55:09.096000000','RR/MM/DD HH24:MI:SSXFF'));
Insert into SYSTEM.REFRESH_TOKENS (REFRESH_TOKEN_ID,USER_ID,REFRESH_TOKEN,EXPIRES_AT,REVOKED,CREATED_AT) values (53,10,'eyJhbGciOiJIUzI1NiIsInR5cCI6IkpXVCJ9.eyJpZCI6MTAsImlhdCI6MTc4MDg5MTc1NSwiZXhwIjoxNzgyMTAxMzU1fQ.polVh_W7LLhvw0qqeljPY0n68yIloJBuFejAfTplv9I',to_timestamp('26/06/22 13:09:15.461000000','RR/MM/DD HH24:MI:SSXFF'),'Y',to_timestamp('26/06/08 13:09:15.462000000','RR/MM/DD HH24:MI:SSXFF'));
Insert into SYSTEM.REFRESH_TOKENS (REFRESH_TOKEN_ID,USER_ID,REFRESH_TOKEN,EXPIRES_AT,REVOKED,CREATED_AT) values (54,9,'eyJhbGciOiJIUzI1NiIsInR5cCI6IkpXVCJ9.eyJpZCI6OSwiaWF0IjoxNzgwOTAyMDQxLCJleHAiOjE3ODIxMTE2NDF9.e2B319GypkT6aKPKKerxU1Qc2td5KJXb5Tr-Il4osFc',to_timestamp('26/06/22 16:00:41.836000000','RR/MM/DD HH24:MI:SSXFF'),'Y',to_timestamp('26/06/08 16:00:41.838000000','RR/MM/DD HH24:MI:SSXFF'));
Insert into SYSTEM.REFRESH_TOKENS (REFRESH_TOKEN_ID,USER_ID,REFRESH_TOKEN,EXPIRES_AT,REVOKED,CREATED_AT) values (55,9,'eyJhbGciOiJIUzI1NiIsInR5cCI6IkpXVCJ9.eyJpZCI6OSwiaWF0IjoxNzgwOTAyMzI5LCJleHAiOjE3ODIxMTE5Mjl9.pJCy7-KF8UMZ_uYW9TYVOCWKRI0q-jw0LSaAyRwIR8E',to_timestamp('26/06/22 16:05:29.474000000','RR/MM/DD HH24:MI:SSXFF'),'Y',to_timestamp('26/06/08 16:05:29.474000000','RR/MM/DD HH24:MI:SSXFF'));
Insert into SYSTEM.REFRESH_TOKENS (REFRESH_TOKEN_ID,USER_ID,REFRESH_TOKEN,EXPIRES_AT,REVOKED,CREATED_AT) values (56,21,'eyJhbGciOiJIUzI1NiIsInR5cCI6IkpXVCJ9.eyJpZCI6MjEsImlhdCI6MTc4MDkwMzAwOSwiZXhwIjoxNzgyMTEyNjA5fQ.GwC2frEdbhlJPVFtHxyOerBX7HQpk18ueGGeY0hv1RM',to_timestamp('26/06/22 16:16:49.123000000','RR/MM/DD HH24:MI:SSXFF'),'Y',to_timestamp('26/06/08 16:16:49.124000000','RR/MM/DD HH24:MI:SSXFF'));
Insert into SYSTEM.REFRESH_TOKENS (REFRESH_TOKEN_ID,USER_ID,REFRESH_TOKEN,EXPIRES_AT,REVOKED,CREATED_AT) values (57,21,'eyJhbGciOiJIUzI1NiIsInR5cCI6IkpXVCJ9.eyJpZCI6MjEsImlhdCI6MTc4MDkwMzAzMCwiZXhwIjoxNzgyMTEyNjMwfQ._wQLwG5euye2yz-F1BWV0qbgJxyi1ZVI3EzeKxsy8nc',to_timestamp('26/06/22 16:17:10.337000000','RR/MM/DD HH24:MI:SSXFF'),'Y',to_timestamp('26/06/08 16:17:10.337000000','RR/MM/DD HH24:MI:SSXFF'));
Insert into SYSTEM.REFRESH_TOKENS (REFRESH_TOKEN_ID,USER_ID,REFRESH_TOKEN,EXPIRES_AT,REVOKED,CREATED_AT) values (58,11,'eyJhbGciOiJIUzI1NiIsInR5cCI6IkpXVCJ9.eyJpZCI6MTEsImlhdCI6MTc4MDkwMzYwOSwiZXhwIjoxNzgyMTEzMjA5fQ.no1h0G_VpYN6-zdxs2KAN6RZnEHA1NDvJSGUAJjEbDw',to_timestamp('26/06/22 16:26:49.757000000','RR/MM/DD HH24:MI:SSXFF'),'Y',to_timestamp('26/06/08 16:26:49.757000000','RR/MM/DD HH24:MI:SSXFF'));
Insert into SYSTEM.REFRESH_TOKENS (REFRESH_TOKEN_ID,USER_ID,REFRESH_TOKEN,EXPIRES_AT,REVOKED,CREATED_AT) values (59,10,'eyJhbGciOiJIUzI1NiIsInR5cCI6IkpXVCJ9.eyJpZCI6MTAsImlhdCI6MTc4MDkwNzEwMCwiZXhwIjoxNzgyMTE2NzAwfQ.mfvQaSIpmsUjKyYgV7KPxQ7bBKTq9Ml_gVnoDfMCV1U',to_timestamp('26/06/22 17:25:00.971000000','RR/MM/DD HH24:MI:SSXFF'),'Y',to_timestamp('26/06/08 17:25:00.971000000','RR/MM/DD HH24:MI:SSXFF'));
Insert into SYSTEM.REFRESH_TOKENS (REFRESH_TOKEN_ID,USER_ID,REFRESH_TOKEN,EXPIRES_AT,REVOKED,CREATED_AT) values (60,11,'eyJhbGciOiJIUzI1NiIsInR5cCI6IkpXVCJ9.eyJpZCI6MTEsImlhdCI6MTc4MDkwODMxMSwiZXhwIjoxNzgyMTE3OTExfQ.dPdnTCHwJqI5A4XTA4HNk84M21zU6eNbWE8jPofbEKE',to_timestamp('26/06/22 17:45:11.547000000','RR/MM/DD HH24:MI:SSXFF'),'Y',to_timestamp('26/06/08 17:45:11.548000000','RR/MM/DD HH24:MI:SSXFF'));
Insert into SYSTEM.REFRESH_TOKENS (REFRESH_TOKEN_ID,USER_ID,REFRESH_TOKEN,EXPIRES_AT,REVOKED,CREATED_AT) values (61,22,'eyJhbGciOiJIUzI1NiIsInR5cCI6IkpXVCJ9.eyJpZCI6MjIsImlhdCI6MTc4MDkwODM4OSwiZXhwIjoxNzgyMTE3OTg5fQ.r1WjwD_-C3eekQ2I2D8HiBhIW5Wp4bzxwQxgJicPIHw',to_timestamp('26/06/22 17:46:29.334000000','RR/MM/DD HH24:MI:SSXFF'),'Y',to_timestamp('26/06/08 17:46:29.334000000','RR/MM/DD HH24:MI:SSXFF'));
Insert into SYSTEM.REFRESH_TOKENS (REFRESH_TOKEN_ID,USER_ID,REFRESH_TOKEN,EXPIRES_AT,REVOKED,CREATED_AT) values (62,22,'eyJhbGciOiJIUzI1NiIsInR5cCI6IkpXVCJ9.eyJpZCI6MjIsImlhdCI6MTc4MDkwODk4NSwiZXhwIjoxNzgyMTE4NTg1fQ.O1bdiqaQ6TeEd7hrOgc3RzUAYcd8Wo88_lJ5rFYEcq8',to_timestamp('26/06/22 17:56:25.343000000','RR/MM/DD HH24:MI:SSXFF'),'Y',to_timestamp('26/06/08 17:56:25.345000000','RR/MM/DD HH24:MI:SSXFF'));
Insert into SYSTEM.REFRESH_TOKENS (REFRESH_TOKEN_ID,USER_ID,REFRESH_TOKEN,EXPIRES_AT,REVOKED,CREATED_AT) values (63,22,'eyJhbGciOiJIUzI1NiIsInR5cCI6IkpXVCJ9.eyJpZCI6MjIsImlhdCI6MTc4MDkxMDQ4NCwiZXhwIjoxNzgyMTIwMDg0fQ.JFrgqv4Uizpp6aMU7r1544D6CkWbuDpoAhHVUigW7b8',to_timestamp('26/06/22 18:21:24.287000000','RR/MM/DD HH24:MI:SSXFF'),'N',to_timestamp('26/06/08 18:21:24.288000000','RR/MM/DD HH24:MI:SSXFF'));
Insert into SYSTEM.REFRESH_TOKENS (REFRESH_TOKEN_ID,USER_ID,REFRESH_TOKEN,EXPIRES_AT,REVOKED,CREATED_AT) values (64,9,'eyJhbGciOiJIUzI1NiIsInR5cCI6IkpXVCJ9.eyJpZCI6OSwiaWF0IjoxNzgwOTY1MzA2LCJleHAiOjE3ODIxNzQ5MDZ9.EkbZPVuP1M55DX6wA8K0u-dFsrEwuRLhaI3hqY8v4a0',to_timestamp('26/06/23 09:35:06.393000000','RR/MM/DD HH24:MI:SSXFF'),'Y',to_timestamp('26/06/09 09:35:06.397000000','RR/MM/DD HH24:MI:SSXFF'));
Insert into SYSTEM.REFRESH_TOKENS (REFRESH_TOKEN_ID,USER_ID,REFRESH_TOKEN,EXPIRES_AT,REVOKED,CREATED_AT) values (65,8,'eyJhbGciOiJIUzI1NiIsInR5cCI6IkpXVCJ9.eyJpZCI6OCwiaWF0IjoxNzgwOTY1MzI2LCJleHAiOjE3ODIxNzQ5MjZ9.1x9453mIYf-XZawcWhqeyEXgWPnbXU2OND-tUfPAYHI',to_timestamp('26/06/23 09:35:26.709000000','RR/MM/DD HH24:MI:SSXFF'),'Y',to_timestamp('26/06/09 09:35:26.709000000','RR/MM/DD HH24:MI:SSXFF'));
Insert into SYSTEM.REFRESH_TOKENS (REFRESH_TOKEN_ID,USER_ID,REFRESH_TOKEN,EXPIRES_AT,REVOKED,CREATED_AT) values (66,10,'eyJhbGciOiJIUzI1NiIsInR5cCI6IkpXVCJ9.eyJpZCI6MTAsImlhdCI6MTc4MDk2NTM0NiwiZXhwIjoxNzgyMTc0OTQ2fQ.NSCcYX9E6iaaqtCAL8NLylp9A1p-dLJT3G-X4MvRgrU',to_timestamp('26/06/23 09:35:46.543000000','RR/MM/DD HH24:MI:SSXFF'),'Y',to_timestamp('26/06/09 09:35:46.544000000','RR/MM/DD HH24:MI:SSXFF'));
Insert into SYSTEM.REFRESH_TOKENS (REFRESH_TOKEN_ID,USER_ID,REFRESH_TOKEN,EXPIRES_AT,REVOKED,CREATED_AT) values (67,8,'eyJhbGciOiJIUzI1NiIsInR5cCI6IkpXVCJ9.eyJpZCI6OCwiaWF0IjoxNzgwOTY1NjUyLCJleHAiOjE3ODIxNzUyNTJ9.u7C7Xf0vRNUvwoSvNz5wYA2u57Wu6bEMNC5-bm8X5VI',to_timestamp('26/06/23 09:40:52.137000000','RR/MM/DD HH24:MI:SSXFF'),'Y',to_timestamp('26/06/09 09:40:52.137000000','RR/MM/DD HH24:MI:SSXFF'));
Insert into SYSTEM.REFRESH_TOKENS (REFRESH_TOKEN_ID,USER_ID,REFRESH_TOKEN,EXPIRES_AT,REVOKED,CREATED_AT) values (68,21,'eyJhbGciOiJIUzI1NiIsInR5cCI6IkpXVCJ9.eyJpZCI6MjEsImlhdCI6MTc4MDk2NjExMiwiZXhwIjoxNzgyMTc1NzEyfQ.BLSlTWCCg1FG96nJlY5wM530CK8AOqO-6M7-nfGcNL8',to_timestamp('26/06/23 09:48:32.986000000','RR/MM/DD HH24:MI:SSXFF'),'Y',to_timestamp('26/06/09 09:48:32.987000000','RR/MM/DD HH24:MI:SSXFF'));
Insert into SYSTEM.REFRESH_TOKENS (REFRESH_TOKEN_ID,USER_ID,REFRESH_TOKEN,EXPIRES_AT,REVOKED,CREATED_AT) values (69,11,'eyJhbGciOiJIUzI1NiIsInR5cCI6IkpXVCJ9.eyJpZCI6MTEsImlhdCI6MTc4MDk2NjUyNCwiZXhwIjoxNzgyMTc2MTI0fQ.OqccV1JQADrxnIwTrn7WfJcEae1X8fQA-tnBrRY_9-8',to_timestamp('26/06/23 09:55:24.785000000','RR/MM/DD HH24:MI:SSXFF'),'Y',to_timestamp('26/06/09 09:55:24.786000000','RR/MM/DD HH24:MI:SSXFF'));
Insert into SYSTEM.REFRESH_TOKENS (REFRESH_TOKEN_ID,USER_ID,REFRESH_TOKEN,EXPIRES_AT,REVOKED,CREATED_AT) values (70,10,'eyJhbGciOiJIUzI1NiIsInR5cCI6IkpXVCJ9.eyJpZCI6MTAsImlhdCI6MTc4MDk2Njc2MSwiZXhwIjoxNzgyMTc2MzYxfQ.iBoqk0UIiFX497u7_66x8Q96ab6m0ZzZ0UneI4-zK2Y',to_timestamp('26/06/23 09:59:21.228000000','RR/MM/DD HH24:MI:SSXFF'),'Y',to_timestamp('26/06/09 09:59:21.229000000','RR/MM/DD HH24:MI:SSXFF'));
Insert into SYSTEM.REFRESH_TOKENS (REFRESH_TOKEN_ID,USER_ID,REFRESH_TOKEN,EXPIRES_AT,REVOKED,CREATED_AT) values (71,22,'eyJhbGciOiJIUzI1NiIsInR5cCI6IkpXVCJ9.eyJpZCI6MjIsImlhdCI6MTc4MDk2NjkwNiwiZXhwIjoxNzgyMTc2NTA2fQ.Fbrab9bvKdhhdS6tKwIoXurcE-AbXWicHJmgzuN1xIA',to_timestamp('26/06/23 10:01:46.179000000','RR/MM/DD HH24:MI:SSXFF'),'N',to_timestamp('26/06/09 10:01:46.179000000','RR/MM/DD HH24:MI:SSXFF'));
Insert into SYSTEM.REFRESH_TOKENS (REFRESH_TOKEN_ID,USER_ID,REFRESH_TOKEN,EXPIRES_AT,REVOKED,CREATED_AT) values (72,21,'eyJhbGciOiJIUzI1NiIsInR5cCI6IkpXVCJ9.eyJpZCI6MjEsImlhdCI6MTc4MDk2OTc0OSwiZXhwIjoxNzgyMTc5MzQ5fQ.RVqwDFgIL2aX215aw-R02UpimKIV5Cu4zS6eUhwvK2g',to_timestamp('26/06/23 10:49:09.833000000','RR/MM/DD HH24:MI:SSXFF'),'N',to_timestamp('26/06/09 10:49:09.833000000','RR/MM/DD HH24:MI:SSXFF'));
Insert into SYSTEM.REFRESH_TOKENS (REFRESH_TOKEN_ID,USER_ID,REFRESH_TOKEN,EXPIRES_AT,REVOKED,CREATED_AT) values (73,28,'eyJhbGciOiJIUzI1NiIsInR5cCI6IkpXVCJ9.eyJpZCI6MjgsImlhdCI6MTc4MDk3MTI1OCwiZXhwIjoxNzgyMTgwODU4fQ.SPtrb1h8y9F9234W31bA9Tn6Y5JqIOhWydoNThQPmh0',to_timestamp('26/06/23 11:14:18.646000000','RR/MM/DD HH24:MI:SSXFF'),'Y',to_timestamp('26/06/09 11:14:18.649000000','RR/MM/DD HH24:MI:SSXFF'));
Insert into SYSTEM.REFRESH_TOKENS (REFRESH_TOKEN_ID,USER_ID,REFRESH_TOKEN,EXPIRES_AT,REVOKED,CREATED_AT) values (74,11,'eyJhbGciOiJIUzI1NiIsInR5cCI6IkpXVCJ9.eyJpZCI6MTEsImlhdCI6MTc4MDk3MjI2MSwiZXhwIjoxNzgyMTgxODYxfQ.HfAV6scCparc4DIB2NrpyRHTIbWzH0CwHjoukqsFtWQ',to_timestamp('26/06/23 11:31:01.657000000','RR/MM/DD HH24:MI:SSXFF'),'N',to_timestamp('26/06/09 11:31:01.658000000','RR/MM/DD HH24:MI:SSXFF'));
Insert into SYSTEM.REFRESH_TOKENS (REFRESH_TOKEN_ID,USER_ID,REFRESH_TOKEN,EXPIRES_AT,REVOKED,CREATED_AT) values (75,10,'eyJhbGciOiJIUzI1NiIsInR5cCI6IkpXVCJ9.eyJpZCI6MTAsImlhdCI6MTc4MDk3MjM0NywiZXhwIjoxNzgyMTgxOTQ3fQ.HCaurUKEE_67yzIdTWQeWcmrwiZqy1xR9__v7ibGc5g',to_timestamp('26/06/23 11:32:27.041000000','RR/MM/DD HH24:MI:SSXFF'),'Y',to_timestamp('26/06/09 11:32:27.042000000','RR/MM/DD HH24:MI:SSXFF'));
Insert into SYSTEM.REFRESH_TOKENS (REFRESH_TOKEN_ID,USER_ID,REFRESH_TOKEN,EXPIRES_AT,REVOKED,CREATED_AT) values (76,9,'eyJhbGciOiJIUzI1NiIsInR5cCI6IkpXVCJ9.eyJpZCI6OSwiaWF0IjoxNzgwOTcyNDIwLCJleHAiOjE3ODIxODIwMjB9.iyX0c33xtzyejlyl6tDI-n-7ztGDQFrM8ue06bBJOeU',to_timestamp('26/06/23 11:33:40.552000000','RR/MM/DD HH24:MI:SSXFF'),'Y',to_timestamp('26/06/09 11:33:40.552000000','RR/MM/DD HH24:MI:SSXFF'));
Insert into SYSTEM.REFRESH_TOKENS (REFRESH_TOKEN_ID,USER_ID,REFRESH_TOKEN,EXPIRES_AT,REVOKED,CREATED_AT) values (77,9,'eyJhbGciOiJIUzI1NiIsInR5cCI6IkpXVCJ9.eyJpZCI6OSwiaWF0IjoxNzgwOTcyNDY0LCJleHAiOjE3ODIxODIwNjR9.tNywJzZjKLmVorTZDhGc9KiF_kcsGFf3bj6e6-nn2VI',to_timestamp('26/06/23 11:34:24.473000000','RR/MM/DD HH24:MI:SSXFF'),'N',to_timestamp('26/06/09 11:34:24.473000000','RR/MM/DD HH24:MI:SSXFF'));
Insert into SYSTEM.REFRESH_TOKENS (REFRESH_TOKEN_ID,USER_ID,REFRESH_TOKEN,EXPIRES_AT,REVOKED,CREATED_AT) values (78,9,'eyJhbGciOiJIUzI1NiIsInR5cCI6IkpXVCJ9.eyJpZCI6OSwiaWF0IjoxNzgwOTc1MTcxLCJleHAiOjE3ODIxODQ3NzF9.he9Zq3OodDX_pnRdpquyk-1ka4Hvya6IVV7Th5UyvH0',to_timestamp('26/06/23 12:19:31.053000000','RR/MM/DD HH24:MI:SSXFF'),'N',to_timestamp('26/06/09 12:19:31.055000000','RR/MM/DD HH24:MI:SSXFF'));
Insert into SYSTEM.REFRESH_TOKENS (REFRESH_TOKEN_ID,USER_ID,REFRESH_TOKEN,EXPIRES_AT,REVOKED,CREATED_AT) values (79,21,'eyJhbGciOiJIUzI1NiIsInR5cCI6IkpXVCJ9.eyJpZCI6MjEsImlhdCI6MTc4MDk3NjEwNCwiZXhwIjoxNzgyMTg1NzA0fQ.kUWL8k6HmZf4AhXtNBs0taJJsW-rx6LZLyhjdDhelT8',to_timestamp('26/06/23 12:35:04.609000000','RR/MM/DD HH24:MI:SSXFF'),'Y',to_timestamp('26/06/09 12:35:04.610000000','RR/MM/DD HH24:MI:SSXFF'));
Insert into SYSTEM.REFRESH_TOKENS (REFRESH_TOKEN_ID,USER_ID,REFRESH_TOKEN,EXPIRES_AT,REVOKED,CREATED_AT) values (80,9,'eyJhbGciOiJIUzI1NiIsInR5cCI6IkpXVCJ9.eyJpZCI6OSwiaWF0IjoxNzgwOTc2MzU0LCJleHAiOjE3ODIxODU5NTR9.upoM9YJtL-wag_BD7-wsBSDPGITfjsX31qaJ4-TC4Es',to_timestamp('26/06/23 12:39:14.183000000','RR/MM/DD HH24:MI:SSXFF'),'Y',to_timestamp('26/06/09 12:39:14.184000000','RR/MM/DD HH24:MI:SSXFF'));
Insert into SYSTEM.REFRESH_TOKENS (REFRESH_TOKEN_ID,USER_ID,REFRESH_TOKEN,EXPIRES_AT,REVOKED,CREATED_AT) values (81,10,'eyJhbGciOiJIUzI1NiIsInR5cCI6IkpXVCJ9.eyJpZCI6MTAsImlhdCI6MTc4MDk3NjQ5OCwiZXhwIjoxNzgyMTg2MDk4fQ.9eqZoQltfRmeADt2HMNGhW5T7JuPS9DmbiEPxYi0q_o',to_timestamp('26/06/23 12:41:38.174000000','RR/MM/DD HH24:MI:SSXFF'),'Y',to_timestamp('26/06/09 12:41:38.173000000','RR/MM/DD HH24:MI:SSXFF'));
Insert into SYSTEM.REFRESH_TOKENS (REFRESH_TOKEN_ID,USER_ID,REFRESH_TOKEN,EXPIRES_AT,REVOKED,CREATED_AT) values (82,9,'eyJhbGciOiJIUzI1NiIsInR5cCI6IkpXVCJ9.eyJpZCI6OSwiaWF0IjoxNzgwOTgxMjc4LCJleHAiOjE3ODIxOTA4Nzh9.xC0C1gVvfj3yDpLRKJAM87xmHx-ev23zQabUsn_xfmg',to_timestamp('26/06/23 14:01:18.486000000','RR/MM/DD HH24:MI:SSXFF'),'Y',to_timestamp('26/06/09 14:01:18.486000000','RR/MM/DD HH24:MI:SSXFF'));
Insert into SYSTEM.REFRESH_TOKENS (REFRESH_TOKEN_ID,USER_ID,REFRESH_TOKEN,EXPIRES_AT,REVOKED,CREATED_AT) values (83,29,'eyJhbGciOiJIUzI1NiIsInR5cCI6IkpXVCJ9.eyJpZCI6MjksImlhdCI6MTc4MDk4MTUyNSwiZXhwIjoxNzgyMTkxMTI1fQ.E7UjcaGc6NMSu1MQmyiyIpLN0tU5czM3jmDYKxOfd1g',to_timestamp('26/06/23 14:05:25.851000000','RR/MM/DD HH24:MI:SSXFF'),'Y',to_timestamp('26/06/09 14:05:25.851000000','RR/MM/DD HH24:MI:SSXFF'));
Insert into SYSTEM.REFRESH_TOKENS (REFRESH_TOKEN_ID,USER_ID,REFRESH_TOKEN,EXPIRES_AT,REVOKED,CREATED_AT) values (84,9,'eyJhbGciOiJIUzI1NiIsInR5cCI6IkpXVCJ9.eyJpZCI6OSwiaWF0IjoxNzgwOTg0MjI3LCJleHAiOjE3ODIxOTM4Mjd9.eH75x0DZhpuEzFQsahBLFupZV06Y1UY9ASsuXU8ptoI',to_timestamp('26/06/23 14:50:27.495000000','RR/MM/DD HH24:MI:SSXFF'),'N',to_timestamp('26/06/09 14:50:27.494000000','RR/MM/DD HH24:MI:SSXFF'));
Insert into SYSTEM.REFRESH_TOKENS (REFRESH_TOKEN_ID,USER_ID,REFRESH_TOKEN,EXPIRES_AT,REVOKED,CREATED_AT) values (85,9,'eyJhbGciOiJIUzI1NiIsInR5cCI6IkpXVCJ9.eyJpZCI6OSwiaWF0IjoxNzgwOTg3Njk3LCJleHAiOjE3ODIxOTcyOTd9.FEDQtRv2NuApIFMFPkhk4oeFZJoe88X1UMhuw5y0Fco',to_timestamp('26/06/23 15:48:17.960000000','RR/MM/DD HH24:MI:SSXFF'),'N',to_timestamp('26/06/09 15:48:17.962000000','RR/MM/DD HH24:MI:SSXFF'));
REM INSERTING into SYSTEM.LIKES
SET DEFINE OFF;
Insert into SYSTEM.LIKES (ID,USER_ID,POST_ID,CREATED_AT) values (20,10,15,to_timestamp('26/06/08 12:41:16.835000000','RR/MM/DD HH24:MI:SSXFF'));
Insert into SYSTEM.LIKES (ID,USER_ID,POST_ID,CREATED_AT) values (22,21,24,to_timestamp('26/06/08 16:19:55.351000000','RR/MM/DD HH24:MI:SSXFF'));
Insert into SYSTEM.LIKES (ID,USER_ID,POST_ID,CREATED_AT) values (17,9,15,to_timestamp('26/06/05 17:45:47.083000000','RR/MM/DD HH24:MI:SSXFF'));
Insert into SYSTEM.LIKES (ID,USER_ID,POST_ID,CREATED_AT) values (19,8,15,to_timestamp('26/06/08 12:25:46.273000000','RR/MM/DD HH24:MI:SSXFF'));
Insert into SYSTEM.LIKES (ID,USER_ID,POST_ID,CREATED_AT) values (21,10,24,to_timestamp('26/06/08 13:42:06.317000000','RR/MM/DD HH24:MI:SSXFF'));
Insert into SYSTEM.LIKES (ID,USER_ID,POST_ID,CREATED_AT) values (23,21,15,to_timestamp('26/06/08 16:19:57.327000000','RR/MM/DD HH24:MI:SSXFF'));
Insert into SYSTEM.LIKES (ID,USER_ID,POST_ID,CREATED_AT) values (24,21,25,to_timestamp('26/06/08 16:19:59.024000000','RR/MM/DD HH24:MI:SSXFF'));
Insert into SYSTEM.LIKES (ID,USER_ID,POST_ID,CREATED_AT) values (25,11,27,to_timestamp('26/06/08 16:26:59.608000000','RR/MM/DD HH24:MI:SSXFF'));
Insert into SYSTEM.LIKES (ID,USER_ID,POST_ID,CREATED_AT) values (26,11,26,to_timestamp('26/06/08 16:27:02.262000000','RR/MM/DD HH24:MI:SSXFF'));
Insert into SYSTEM.LIKES (ID,USER_ID,POST_ID,CREATED_AT) values (27,11,25,to_timestamp('26/06/08 16:27:30.390000000','RR/MM/DD HH24:MI:SSXFF'));
Insert into SYSTEM.LIKES (ID,USER_ID,POST_ID,CREATED_AT) values (28,11,24,to_timestamp('26/06/08 16:27:31.670000000','RR/MM/DD HH24:MI:SSXFF'));
Insert into SYSTEM.LIKES (ID,USER_ID,POST_ID,CREATED_AT) values (29,11,15,to_timestamp('26/06/08 16:27:46.622000000','RR/MM/DD HH24:MI:SSXFF'));
Insert into SYSTEM.LIKES (ID,USER_ID,POST_ID,CREATED_AT) values (30,10,31,to_timestamp('26/06/08 17:25:14.332000000','RR/MM/DD HH24:MI:SSXFF'));
Insert into SYSTEM.LIKES (ID,USER_ID,POST_ID,CREATED_AT) values (31,10,30,to_timestamp('26/06/08 17:25:15.564000000','RR/MM/DD HH24:MI:SSXFF'));
Insert into SYSTEM.LIKES (ID,USER_ID,POST_ID,CREATED_AT) values (32,10,28,to_timestamp('26/06/08 17:25:17.563000000','RR/MM/DD HH24:MI:SSXFF'));
Insert into SYSTEM.LIKES (ID,USER_ID,POST_ID,CREATED_AT) values (33,10,27,to_timestamp('26/06/08 17:25:19.221000000','RR/MM/DD HH24:MI:SSXFF'));
Insert into SYSTEM.LIKES (ID,USER_ID,POST_ID,CREATED_AT) values (34,10,26,to_timestamp('26/06/08 17:25:20.404000000','RR/MM/DD HH24:MI:SSXFF'));
Insert into SYSTEM.LIKES (ID,USER_ID,POST_ID,CREATED_AT) values (35,10,25,to_timestamp('26/06/08 17:25:23.290000000','RR/MM/DD HH24:MI:SSXFF'));
Insert into SYSTEM.LIKES (ID,USER_ID,POST_ID,CREATED_AT) values (39,22,30,to_timestamp('26/06/08 17:57:16.843000000','RR/MM/DD HH24:MI:SSXFF'));
Insert into SYSTEM.LIKES (ID,USER_ID,POST_ID,CREATED_AT) values (37,22,31,to_timestamp('26/06/08 17:47:04.423000000','RR/MM/DD HH24:MI:SSXFF'));
Insert into SYSTEM.LIKES (ID,USER_ID,POST_ID,CREATED_AT) values (38,22,32,to_timestamp('26/06/08 17:57:11.183000000','RR/MM/DD HH24:MI:SSXFF'));
Insert into SYSTEM.LIKES (ID,USER_ID,POST_ID,CREATED_AT) values (40,22,27,to_timestamp('26/06/08 18:20:22.192000000','RR/MM/DD HH24:MI:SSXFF'));
Insert into SYSTEM.LIKES (ID,USER_ID,POST_ID,CREATED_AT) values (41,22,26,to_timestamp('26/06/08 18:20:23.558000000','RR/MM/DD HH24:MI:SSXFF'));
Insert into SYSTEM.LIKES (ID,USER_ID,POST_ID,CREATED_AT) values (42,22,25,to_timestamp('26/06/08 18:20:27.591000000','RR/MM/DD HH24:MI:SSXFF'));
Insert into SYSTEM.LIKES (ID,USER_ID,POST_ID,CREATED_AT) values (43,22,24,to_timestamp('26/06/08 18:20:29.421000000','RR/MM/DD HH24:MI:SSXFF'));
Insert into SYSTEM.LIKES (ID,USER_ID,POST_ID,CREATED_AT) values (44,22,15,to_timestamp('26/06/08 18:20:30.566000000','RR/MM/DD HH24:MI:SSXFF'));
Insert into SYSTEM.LIKES (ID,USER_ID,POST_ID,CREATED_AT) values (45,21,42,to_timestamp('26/06/09 09:54:01.108000000','RR/MM/DD HH24:MI:SSXFF'));
Insert into SYSTEM.LIKES (ID,USER_ID,POST_ID,CREATED_AT) values (46,21,40,to_timestamp('26/06/09 09:54:04.051000000','RR/MM/DD HH24:MI:SSXFF'));
Insert into SYSTEM.LIKES (ID,USER_ID,POST_ID,CREATED_AT) values (47,21,39,to_timestamp('26/06/09 09:54:04.976000000','RR/MM/DD HH24:MI:SSXFF'));
Insert into SYSTEM.LIKES (ID,USER_ID,POST_ID,CREATED_AT) values (48,21,38,to_timestamp('26/06/09 09:54:06.164000000','RR/MM/DD HH24:MI:SSXFF'));
Insert into SYSTEM.LIKES (ID,USER_ID,POST_ID,CREATED_AT) values (49,21,37,to_timestamp('26/06/09 09:54:32.706000000','RR/MM/DD HH24:MI:SSXFF'));
Insert into SYSTEM.LIKES (ID,USER_ID,POST_ID,CREATED_AT) values (50,21,36,to_timestamp('26/06/09 09:54:34.202000000','RR/MM/DD HH24:MI:SSXFF'));
Insert into SYSTEM.LIKES (ID,USER_ID,POST_ID,CREATED_AT) values (51,21,35,to_timestamp('26/06/09 09:54:42.889000000','RR/MM/DD HH24:MI:SSXFF'));
Insert into SYSTEM.LIKES (ID,USER_ID,POST_ID,CREATED_AT) values (52,21,34,to_timestamp('26/06/09 09:54:52.209000000','RR/MM/DD HH24:MI:SSXFF'));
Insert into SYSTEM.LIKES (ID,USER_ID,POST_ID,CREATED_AT) values (53,21,33,to_timestamp('26/06/09 09:54:54.171000000','RR/MM/DD HH24:MI:SSXFF'));
Insert into SYSTEM.LIKES (ID,USER_ID,POST_ID,CREATED_AT) values (54,21,32,to_timestamp('26/06/09 09:54:56.489000000','RR/MM/DD HH24:MI:SSXFF'));
Insert into SYSTEM.LIKES (ID,USER_ID,POST_ID,CREATED_AT) values (55,21,31,to_timestamp('26/06/09 09:55:14.346000000','RR/MM/DD HH24:MI:SSXFF'));
Insert into SYSTEM.LIKES (ID,USER_ID,POST_ID,CREATED_AT) values (56,21,30,to_timestamp('26/06/09 09:55:15.361000000','RR/MM/DD HH24:MI:SSXFF'));
Insert into SYSTEM.LIKES (ID,USER_ID,POST_ID,CREATED_AT) values (57,21,28,to_timestamp('26/06/09 09:55:16.500000000','RR/MM/DD HH24:MI:SSXFF'));
Insert into SYSTEM.LIKES (ID,USER_ID,POST_ID,CREATED_AT) values (58,21,27,to_timestamp('26/06/09 09:55:17.618000000','RR/MM/DD HH24:MI:SSXFF'));
Insert into SYSTEM.LIKES (ID,USER_ID,POST_ID,CREATED_AT) values (59,11,43,to_timestamp('26/06/09 09:59:04.924000000','RR/MM/DD HH24:MI:SSXFF'));
Insert into SYSTEM.LIKES (ID,USER_ID,POST_ID,CREATED_AT) values (60,11,42,to_timestamp('26/06/09 09:59:08.946000000','RR/MM/DD HH24:MI:SSXFF'));
Insert into SYSTEM.LIKES (ID,USER_ID,POST_ID,CREATED_AT) values (61,10,44,to_timestamp('26/06/09 09:59:59.801000000','RR/MM/DD HH24:MI:SSXFF'));
Insert into SYSTEM.LIKES (ID,USER_ID,POST_ID,CREATED_AT) values (62,10,42,to_timestamp('26/06/09 10:00:01.601000000','RR/MM/DD HH24:MI:SSXFF'));
Insert into SYSTEM.LIKES (ID,USER_ID,POST_ID,CREATED_AT) values (63,10,41,to_timestamp('26/06/09 10:00:03.082000000','RR/MM/DD HH24:MI:SSXFF'));
Insert into SYSTEM.LIKES (ID,USER_ID,POST_ID,CREATED_AT) values (64,10,40,to_timestamp('26/06/09 10:00:04.225000000','RR/MM/DD HH24:MI:SSXFF'));
Insert into SYSTEM.LIKES (ID,USER_ID,POST_ID,CREATED_AT) values (65,10,39,to_timestamp('26/06/09 10:00:06.665000000','RR/MM/DD HH24:MI:SSXFF'));
Insert into SYSTEM.LIKES (ID,USER_ID,POST_ID,CREATED_AT) values (66,10,38,to_timestamp('26/06/09 10:00:07.922000000','RR/MM/DD HH24:MI:SSXFF'));
Insert into SYSTEM.LIKES (ID,USER_ID,POST_ID,CREATED_AT) values (67,10,37,to_timestamp('26/06/09 10:00:09.057000000','RR/MM/DD HH24:MI:SSXFF'));
Insert into SYSTEM.LIKES (ID,USER_ID,POST_ID,CREATED_AT) values (68,10,35,to_timestamp('26/06/09 10:00:11.920000000','RR/MM/DD HH24:MI:SSXFF'));
Insert into SYSTEM.LIKES (ID,USER_ID,POST_ID,CREATED_AT) values (69,10,32,to_timestamp('26/06/09 10:00:19.067000000','RR/MM/DD HH24:MI:SSXFF'));
Insert into SYSTEM.LIKES (ID,USER_ID,POST_ID,CREATED_AT) values (70,10,43,to_timestamp('26/06/09 10:00:58.498000000','RR/MM/DD HH24:MI:SSXFF'));
Insert into SYSTEM.LIKES (ID,USER_ID,POST_ID,CREATED_AT) values (71,22,43,to_timestamp('26/06/09 10:09:41.482000000','RR/MM/DD HH24:MI:SSXFF'));
Insert into SYSTEM.LIKES (ID,USER_ID,POST_ID,CREATED_AT) values (72,22,45,to_timestamp('26/06/09 10:35:28.043000000','RR/MM/DD HH24:MI:SSXFF'));
Insert into SYSTEM.LIKES (ID,USER_ID,POST_ID,CREATED_AT) values (73,28,15,to_timestamp('26/06/09 11:15:05.096000000','RR/MM/DD HH24:MI:SSXFF'));
Insert into SYSTEM.LIKES (ID,USER_ID,POST_ID,CREATED_AT) values (74,28,24,to_timestamp('26/06/09 11:15:18.876000000','RR/MM/DD HH24:MI:SSXFF'));
Insert into SYSTEM.LIKES (ID,USER_ID,POST_ID,CREATED_AT) values (75,28,47,to_timestamp('26/06/09 11:16:26.159000000','RR/MM/DD HH24:MI:SSXFF'));
Insert into SYSTEM.LIKES (ID,USER_ID,POST_ID,CREATED_AT) values (76,28,46,to_timestamp('26/06/09 11:16:43.605000000','RR/MM/DD HH24:MI:SSXFF'));
Insert into SYSTEM.LIKES (ID,USER_ID,POST_ID,CREATED_AT) values (77,11,47,to_timestamp('26/06/09 11:31:56.596000000','RR/MM/DD HH24:MI:SSXFF'));
Insert into SYSTEM.LIKES (ID,USER_ID,POST_ID,CREATED_AT) values (78,11,46,to_timestamp('26/06/09 11:31:58.532000000','RR/MM/DD HH24:MI:SSXFF'));
Insert into SYSTEM.LIKES (ID,USER_ID,POST_ID,CREATED_AT) values (79,11,45,to_timestamp('26/06/09 11:32:00.282000000','RR/MM/DD HH24:MI:SSXFF'));
Insert into SYSTEM.LIKES (ID,USER_ID,POST_ID,CREATED_AT) values (80,11,44,to_timestamp('26/06/09 11:32:02.953000000','RR/MM/DD HH24:MI:SSXFF'));
Insert into SYSTEM.LIKES (ID,USER_ID,POST_ID,CREATED_AT) values (81,9,25,to_timestamp('26/06/09 12:19:50.503000000','RR/MM/DD HH24:MI:SSXFF'));
Insert into SYSTEM.LIKES (ID,USER_ID,POST_ID,CREATED_AT) values (82,9,24,to_timestamp('26/06/09 12:19:58.576000000','RR/MM/DD HH24:MI:SSXFF'));
Insert into SYSTEM.LIKES (ID,USER_ID,POST_ID,CREATED_AT) values (83,21,44,to_timestamp('26/06/09 12:35:33.431000000','RR/MM/DD HH24:MI:SSXFF'));
Insert into SYSTEM.LIKES (ID,USER_ID,POST_ID,CREATED_AT) values (84,21,43,to_timestamp('26/06/09 12:35:34.261000000','RR/MM/DD HH24:MI:SSXFF'));
Insert into SYSTEM.LIKES (ID,USER_ID,POST_ID,CREATED_AT) values (85,21,47,to_timestamp('26/06/09 12:38:32.086000000','RR/MM/DD HH24:MI:SSXFF'));
Insert into SYSTEM.LIKES (ID,USER_ID,POST_ID,CREATED_AT) values (86,9,47,to_timestamp('26/06/09 14:01:32.814000000','RR/MM/DD HH24:MI:SSXFF'));
Insert into SYSTEM.LIKES (ID,USER_ID,POST_ID,CREATED_AT) values (87,9,40,to_timestamp('26/06/09 14:02:03.277000000','RR/MM/DD HH24:MI:SSXFF'));
Insert into SYSTEM.LIKES (ID,USER_ID,POST_ID,CREATED_AT) values (88,29,51,to_timestamp('26/06/09 14:06:27.308000000','RR/MM/DD HH24:MI:SSXFF'));
REM INSERTING into SYSTEM.POST_IMAGES
SET DEFINE OFF;
Insert into SYSTEM.POST_IMAGES (ID,POST_ID,IMAGE_URL,SORT_ORDER,CREATED_AT) values (42,22,'http://localhost:3010/uploads/1780881038869-94174990-662b-41cf-96a7-da7bc4ab764d.webp',1,to_timestamp('26/06/08 10:10:38.908000000','RR/MM/DD HH24:MI:SSXFF'));
Insert into SYSTEM.POST_IMAGES (ID,POST_ID,IMAGE_URL,SORT_ORDER,CREATED_AT) values (43,23,'http://localhost:3010/uploads/1780881299475-900_20260528_234642.jpg',1,to_timestamp('26/06/08 10:14:59.516000000','RR/MM/DD HH24:MI:SSXFF'));
Insert into SYSTEM.POST_IMAGES (ID,POST_ID,IMAGE_URL,SORT_ORDER,CREATED_AT) values (44,23,'http://localhost:3010/uploads/1780881299485-900_20260528_235154.jpg',2,to_timestamp('26/06/08 10:14:59.517000000','RR/MM/DD HH24:MI:SSXFF'));
Insert into SYSTEM.POST_IMAGES (ID,POST_ID,IMAGE_URL,SORT_ORDER,CREATED_AT) values (45,23,'http://localhost:3010/uploads/1780881299493-900_20260528_235303.jpg',3,to_timestamp('26/06/08 10:14:59.518000000','RR/MM/DD HH24:MI:SSXFF'));
Insert into SYSTEM.POST_IMAGES (ID,POST_ID,IMAGE_URL,SORT_ORDER,CREATED_AT) values (46,23,'http://localhost:3010/uploads/1780881299502-900_20260528_235309.jpg',4,to_timestamp('26/06/08 10:14:59.519000000','RR/MM/DD HH24:MI:SSXFF'));
Insert into SYSTEM.POST_IMAGES (ID,POST_ID,IMAGE_URL,SORT_ORDER,CREATED_AT) values (47,24,'http://localhost:3010/uploads/1780892493458-900_20260528_234642.jpg',1,to_timestamp('26/06/08 13:21:33.516000000','RR/MM/DD HH24:MI:SSXFF'));
Insert into SYSTEM.POST_IMAGES (ID,POST_ID,IMAGE_URL,SORT_ORDER,CREATED_AT) values (48,24,'http://localhost:3010/uploads/1780892493471-900_20260528_235154.jpg',2,to_timestamp('26/06/08 13:21:33.517000000','RR/MM/DD HH24:MI:SSXFF'));
Insert into SYSTEM.POST_IMAGES (ID,POST_ID,IMAGE_URL,SORT_ORDER,CREATED_AT) values (49,24,'http://localhost:3010/uploads/1780892493484-900_20260528_235303.jpg',3,to_timestamp('26/06/08 13:21:33.518000000','RR/MM/DD HH24:MI:SSXFF'));
Insert into SYSTEM.POST_IMAGES (ID,POST_ID,IMAGE_URL,SORT_ORDER,CREATED_AT) values (50,24,'http://localhost:3010/uploads/1780892493491-900_20260528_235309.jpg',4,to_timestamp('26/06/08 13:21:33.519000000','RR/MM/DD HH24:MI:SSXFF'));
Insert into SYSTEM.POST_IMAGES (ID,POST_ID,IMAGE_URL,SORT_ORDER,CREATED_AT) values (51,24,'http://localhost:3010/uploads/1780892493497-94174990-662b-41cf-96a7-da7bc4ab764d.webp',5,to_timestamp('26/06/08 13:21:33.521000000','RR/MM/DD HH24:MI:SSXFF'));
Insert into SYSTEM.POST_IMAGES (ID,POST_ID,IMAGE_URL,SORT_ORDER,CREATED_AT) values (52,25,'http://localhost:3010/uploads/1780902746691-KakaoTalk_20260605_121547152_11.jpg',1,to_timestamp('26/06/08 16:12:26.827000000','RR/MM/DD HH24:MI:SSXFF'));
Insert into SYSTEM.POST_IMAGES (ID,POST_ID,IMAGE_URL,SORT_ORDER,CREATED_AT) values (53,25,'http://localhost:3010/uploads/1780902746737-KakaoTalk_20260605_121547152_12.jpg',2,to_timestamp('26/06/08 16:12:26.829000000','RR/MM/DD HH24:MI:SSXFF'));
Insert into SYSTEM.POST_IMAGES (ID,POST_ID,IMAGE_URL,SORT_ORDER,CREATED_AT) values (54,25,'http://localhost:3010/uploads/1780902746765-KakaoTalk_20260605_121547152_13.jpg',3,to_timestamp('26/06/08 16:12:26.831000000','RR/MM/DD HH24:MI:SSXFF'));
Insert into SYSTEM.POST_IMAGES (ID,POST_ID,IMAGE_URL,SORT_ORDER,CREATED_AT) values (55,26,'http://localhost:3010/uploads/1780903165361-KakaoTalk_20260605_121505453_14.jpg',1,to_timestamp('26/06/08 16:19:25.411000000','RR/MM/DD HH24:MI:SSXFF'));
Insert into SYSTEM.POST_IMAGES (ID,POST_ID,IMAGE_URL,SORT_ORDER,CREATED_AT) values (56,27,'http://localhost:3010/uploads/1780903561858-KakaoTalk_20260605_121505453_11.jpg',1,to_timestamp('26/06/08 16:26:01.888000000','RR/MM/DD HH24:MI:SSXFF'));
Insert into SYSTEM.POST_IMAGES (ID,POST_ID,IMAGE_URL,SORT_ORDER,CREATED_AT) values (25,15,'http://localhost:3010/uploads/1780630529592-KakaoTalk_20260605_121505453.jpg',1,to_timestamp('26/06/05 12:35:29.728000000','RR/MM/DD HH24:MI:SSXFF'));
Insert into SYSTEM.POST_IMAGES (ID,POST_ID,IMAGE_URL,SORT_ORDER,CREATED_AT) values (26,15,'http://localhost:3010/uploads/1780630529662-KakaoTalk_20260605_121505453_01.jpg',2,to_timestamp('26/06/05 12:35:29.729000000','RR/MM/DD HH24:MI:SSXFF'));
Insert into SYSTEM.POST_IMAGES (ID,POST_ID,IMAGE_URL,SORT_ORDER,CREATED_AT) values (57,28,'http://localhost:3010/uploads/1780903753594-KakaoTalk_20260605_121505453_15.jpg',1,to_timestamp('26/06/08 16:29:13.650000000','RR/MM/DD HH24:MI:SSXFF'));
Insert into SYSTEM.POST_IMAGES (ID,POST_ID,IMAGE_URL,SORT_ORDER,CREATED_AT) values (58,29,'http://localhost:3010/uploads/1780905462261-KakaoTalk_20260605_121505453_09.jpg',1,to_timestamp('26/06/08 16:57:42.347000000','RR/MM/DD HH24:MI:SSXFF'));
Insert into SYSTEM.POST_IMAGES (ID,POST_ID,IMAGE_URL,SORT_ORDER,CREATED_AT) values (59,29,'http://localhost:3010/uploads/1780905462301-KakaoTalk_20260605_121505453_10.jpg',2,to_timestamp('26/06/08 16:57:42.350000000','RR/MM/DD HH24:MI:SSXFF'));
Insert into SYSTEM.POST_IMAGES (ID,POST_ID,IMAGE_URL,SORT_ORDER,CREATED_AT) values (60,30,'http://localhost:3010/uploads/1780906990158-KakaoTalk_20260605_121547152_06.jpg',1,to_timestamp('26/06/08 17:23:10.326000000','RR/MM/DD HH24:MI:SSXFF'));
Insert into SYSTEM.POST_IMAGES (ID,POST_ID,IMAGE_URL,SORT_ORDER,CREATED_AT) values (61,30,'http://localhost:3010/uploads/1780906990255-KakaoTalk_20260605_121547152_07.jpg',2,to_timestamp('26/06/08 17:23:10.329000000','RR/MM/DD HH24:MI:SSXFF'));
Insert into SYSTEM.POST_IMAGES (ID,POST_ID,IMAGE_URL,SORT_ORDER,CREATED_AT) values (62,31,'http://localhost:3010/uploads/1780907093693-KakaoTalk_20260605_121547152_15.jpg',1,to_timestamp('26/06/08 17:24:53.798000000','RR/MM/DD HH24:MI:SSXFF'));
Insert into SYSTEM.POST_IMAGES (ID,POST_ID,IMAGE_URL,SORT_ORDER,CREATED_AT) values (63,31,'http://localhost:3010/uploads/1780907093757-KakaoTalk_20260605_121547152_17.jpg',2,to_timestamp('26/06/08 17:24:53.799000000','RR/MM/DD HH24:MI:SSXFF'));
Insert into SYSTEM.POST_IMAGES (ID,POST_ID,IMAGE_URL,SORT_ORDER,CREATED_AT) values (64,32,'http://localhost:3010/uploads/1780907221750-KakaoTalk_20260605_121505453_24.jpg',1,to_timestamp('26/06/08 17:27:01.798000000','RR/MM/DD HH24:MI:SSXFF'));
Insert into SYSTEM.POST_IMAGES (ID,POST_ID,IMAGE_URL,SORT_ORDER,CREATED_AT) values (65,33,'http://localhost:3010/uploads/1780909475403-KakaoTalk_20260605_121505453_29.jpg',1,to_timestamp('26/06/08 18:04:35.634000000','RR/MM/DD HH24:MI:SSXFF'));
Insert into SYSTEM.POST_IMAGES (ID,POST_ID,IMAGE_URL,SORT_ORDER,CREATED_AT) values (66,33,'http://localhost:3010/uploads/1780909475514-KakaoTalk_20260605_121505453_28.jpg',2,to_timestamp('26/06/08 18:04:35.635000000','RR/MM/DD HH24:MI:SSXFF'));
Insert into SYSTEM.POST_IMAGES (ID,POST_ID,IMAGE_URL,SORT_ORDER,CREATED_AT) values (67,34,'http://localhost:3010/uploads/1780909773419-image.png',1,to_timestamp('26/06/08 18:09:33.463000000','RR/MM/DD HH24:MI:SSXFF'));
Insert into SYSTEM.POST_IMAGES (ID,POST_ID,IMAGE_URL,SORT_ORDER,CREATED_AT) values (68,34,'http://localhost:3010/uploads/1780909773452-IMG＿1953.jfif',2,to_timestamp('26/06/08 18:09:33.497000000','RR/MM/DD HH24:MI:SSXFF'));
Insert into SYSTEM.POST_IMAGES (ID,POST_ID,IMAGE_URL,SORT_ORDER,CREATED_AT) values (69,35,'http://localhost:3010/uploads/1780910236741-IMG＿2114.jpg',1,to_timestamp('26/06/08 18:17:16.786000000','RR/MM/DD HH24:MI:SSXFF'));
Insert into SYSTEM.POST_IMAGES (ID,POST_ID,IMAGE_URL,SORT_ORDER,CREATED_AT) values (70,35,'http://localhost:3010/uploads/1780910236748-IMG＿2096.jpg',2,to_timestamp('26/06/08 18:17:16.788000000','RR/MM/DD HH24:MI:SSXFF'));
Insert into SYSTEM.POST_IMAGES (ID,POST_ID,IMAGE_URL,SORT_ORDER,CREATED_AT) values (71,35,'http://localhost:3010/uploads/1780910236760-IMG＿2101.jpg',3,to_timestamp('26/06/08 18:17:16.790000000','RR/MM/DD HH24:MI:SSXFF'));
Insert into SYSTEM.POST_IMAGES (ID,POST_ID,IMAGE_URL,SORT_ORDER,CREATED_AT) values (72,35,'http://localhost:3010/uploads/1780910236765-IMG＿2104 (1).jpg',4,to_timestamp('26/06/08 18:17:16.791000000','RR/MM/DD HH24:MI:SSXFF'));
Insert into SYSTEM.POST_IMAGES (ID,POST_ID,IMAGE_URL,SORT_ORDER,CREATED_AT) values (73,36,'http://localhost:3010/uploads/1780965578807-IMG_1575.jpg',1,to_timestamp('26/06/09 09:39:38.835000000','RR/MM/DD HH24:MI:SSXFF'));
Insert into SYSTEM.POST_IMAGES (ID,POST_ID,IMAGE_URL,SORT_ORDER,CREATED_AT) values (74,36,'http://localhost:3010/uploads/1780965578810-IMG_1565.jpg',2,to_timestamp('26/06/09 09:39:38.836000000','RR/MM/DD HH24:MI:SSXFF'));
Insert into SYSTEM.POST_IMAGES (ID,POST_ID,IMAGE_URL,SORT_ORDER,CREATED_AT) values (75,36,'http://localhost:3010/uploads/1780965578815-IMG_1576.jpg',3,to_timestamp('26/06/09 09:39:38.837000000','RR/MM/DD HH24:MI:SSXFF'));
Insert into SYSTEM.POST_IMAGES (ID,POST_ID,IMAGE_URL,SORT_ORDER,CREATED_AT) values (76,37,'http://localhost:3010/uploads/1780965642584-SE-2bcb7405-1d15-487e-89a4-fe0457982c17.jpg',1,to_timestamp('26/06/09 09:40:42.595000000','RR/MM/DD HH24:MI:SSXFF'));
Insert into SYSTEM.POST_IMAGES (ID,POST_ID,IMAGE_URL,SORT_ORDER,CREATED_AT) values (77,37,'http://localhost:3010/uploads/1780965642585-20260430_204036.jpg',2,to_timestamp('26/06/09 09:40:42.596000000','RR/MM/DD HH24:MI:SSXFF'));
Insert into SYSTEM.POST_IMAGES (ID,POST_ID,IMAGE_URL,SORT_ORDER,CREATED_AT) values (78,38,'http://localhost:3010/uploads/1780965778019-IMG＿1764.jfif',1,to_timestamp('26/06/09 09:42:58.041000000','RR/MM/DD HH24:MI:SSXFF'));
Insert into SYSTEM.POST_IMAGES (ID,POST_ID,IMAGE_URL,SORT_ORDER,CREATED_AT) values (79,38,'http://localhost:3010/uploads/1780965778022-IMG＿1766.jfif',2,to_timestamp('26/06/09 09:42:58.043000000','RR/MM/DD HH24:MI:SSXFF'));
Insert into SYSTEM.POST_IMAGES (ID,POST_ID,IMAGE_URL,SORT_ORDER,CREATED_AT) values (80,38,'http://localhost:3010/uploads/1780965778026-IMG＿8888.jfif',3,to_timestamp('26/06/09 09:42:58.044000000','RR/MM/DD HH24:MI:SSXFF'));
Insert into SYSTEM.POST_IMAGES (ID,POST_ID,IMAGE_URL,SORT_ORDER,CREATED_AT) values (81,39,'http://localhost:3010/uploads/1780965958511-IMG＿1895.jpg',1,to_timestamp('26/06/09 09:45:58.532000000','RR/MM/DD HH24:MI:SSXFF'));
Insert into SYSTEM.POST_IMAGES (ID,POST_ID,IMAGE_URL,SORT_ORDER,CREATED_AT) values (82,39,'http://localhost:3010/uploads/1780965958517-IMG＿1845.jpg',2,to_timestamp('26/06/09 09:45:58.534000000','RR/MM/DD HH24:MI:SSXFF'));
Insert into SYSTEM.POST_IMAGES (ID,POST_ID,IMAGE_URL,SORT_ORDER,CREATED_AT) values (83,39,'http://localhost:3010/uploads/1780965958522-IMG＿1909.jpg',3,to_timestamp('26/06/09 09:45:58.535000000','RR/MM/DD HH24:MI:SSXFF'));
Insert into SYSTEM.POST_IMAGES (ID,POST_ID,IMAGE_URL,SORT_ORDER,CREATED_AT) values (84,40,'http://localhost:3010/uploads/1780966080231-KakaoTalk_20260605_121547152_04.jpg',1,to_timestamp('26/06/09 09:48:00.347000000','RR/MM/DD HH24:MI:SSXFF'));
Insert into SYSTEM.POST_IMAGES (ID,POST_ID,IMAGE_URL,SORT_ORDER,CREATED_AT) values (85,40,'http://localhost:3010/uploads/1780966080296-KakaoTalk_20260605_121547152_05.jpg',2,to_timestamp('26/06/09 09:48:00.348000000','RR/MM/DD HH24:MI:SSXFF'));
Insert into SYSTEM.POST_IMAGES (ID,POST_ID,IMAGE_URL,SORT_ORDER,CREATED_AT) values (86,41,'http://localhost:3010/uploads/1780966226553-KakaoTalk_20260605_121505453_04.jpg',1,to_timestamp('26/06/09 09:50:26.701000000','RR/MM/DD HH24:MI:SSXFF'));
Insert into SYSTEM.POST_IMAGES (ID,POST_ID,IMAGE_URL,SORT_ORDER,CREATED_AT) values (87,41,'http://localhost:3010/uploads/1780966226593-KakaoTalk_20260605_121505453_02.jpg',2,to_timestamp('26/06/09 09:50:26.702000000','RR/MM/DD HH24:MI:SSXFF'));
Insert into SYSTEM.POST_IMAGES (ID,POST_ID,IMAGE_URL,SORT_ORDER,CREATED_AT) values (88,41,'http://localhost:3010/uploads/1780966226638-KakaoTalk_20260605_121505453_03.jpg',3,to_timestamp('26/06/09 09:50:26.703000000','RR/MM/DD HH24:MI:SSXFF'));
Insert into SYSTEM.POST_IMAGES (ID,POST_ID,IMAGE_URL,SORT_ORDER,CREATED_AT) values (89,42,'http://localhost:3010/uploads/1780966430000-KakaoTalk_20260605_121505453_22.jpg',1,to_timestamp('26/06/09 09:53:50.223000000','RR/MM/DD HH24:MI:SSXFF'));
Insert into SYSTEM.POST_IMAGES (ID,POST_ID,IMAGE_URL,SORT_ORDER,CREATED_AT) values (90,42,'http://localhost:3010/uploads/1780966430051-KakaoTalk_20260605_121505453_20.jpg',2,to_timestamp('26/06/09 09:53:50.224000000','RR/MM/DD HH24:MI:SSXFF'));
Insert into SYSTEM.POST_IMAGES (ID,POST_ID,IMAGE_URL,SORT_ORDER,CREATED_AT) values (91,42,'http://localhost:3010/uploads/1780966430110-KakaoTalk_20260605_121505453_23.jpg',3,to_timestamp('26/06/09 09:53:50.225000000','RR/MM/DD HH24:MI:SSXFF'));
Insert into SYSTEM.POST_IMAGES (ID,POST_ID,IMAGE_URL,SORT_ORDER,CREATED_AT) values (92,42,'http://localhost:3010/uploads/1780966430151-KakaoTalk_20260605_121505453_21.jpg',4,to_timestamp('26/06/09 09:53:50.226000000','RR/MM/DD HH24:MI:SSXFF'));
Insert into SYSTEM.POST_IMAGES (ID,POST_ID,IMAGE_URL,SORT_ORDER,CREATED_AT) values (93,43,'http://localhost:3010/uploads/1780966614775-KakaoTalk_20260605_121505453_26.jpg',1,to_timestamp('26/06/09 09:56:54.843000000','RR/MM/DD HH24:MI:SSXFF'));
Insert into SYSTEM.POST_IMAGES (ID,POST_ID,IMAGE_URL,SORT_ORDER,CREATED_AT) values (94,43,'http://localhost:3010/uploads/1780966614816-KakaoTalk_20260605_121505453_27.jpg',2,to_timestamp('26/06/09 09:56:54.844000000','RR/MM/DD HH24:MI:SSXFF'));
Insert into SYSTEM.POST_IMAGES (ID,POST_ID,IMAGE_URL,SORT_ORDER,CREATED_AT) values (95,44,'http://localhost:3010/uploads/1780966725377-다운로드 (1).jfif',1,to_timestamp('26/06/09 09:58:45.391000000','RR/MM/DD HH24:MI:SSXFF'));
Insert into SYSTEM.POST_IMAGES (ID,POST_ID,IMAGE_URL,SORT_ORDER,CREATED_AT) values (96,44,'http://localhost:3010/uploads/1780966725382-다운로드.jfif',2,to_timestamp('26/06/09 09:58:45.392000000','RR/MM/DD HH24:MI:SSXFF'));
Insert into SYSTEM.POST_IMAGES (ID,POST_ID,IMAGE_URL,SORT_ORDER,CREATED_AT) values (97,45,'http://localhost:3010/uploads/1780967029224-20260604_101355661.jpg',1,to_timestamp('26/06/09 10:03:49.276000000','RR/MM/DD HH24:MI:SSXFF'));
Insert into SYSTEM.POST_IMAGES (ID,POST_ID,IMAGE_URL,SORT_ORDER,CREATED_AT) values (98,46,'http://localhost:3010/uploads/1780967095756-KakaoTalk_20260605_121547152_03.jpg',1,to_timestamp('26/06/09 10:04:55.799000000','RR/MM/DD HH24:MI:SSXFF'));
Insert into SYSTEM.POST_IMAGES (ID,POST_ID,IMAGE_URL,SORT_ORDER,CREATED_AT) values (99,47,'http://localhost:3010/uploads/1780971374974-KakaoTalk_20260605_121547152_02.jpg',1,to_timestamp('26/06/09 11:16:15.081000000','RR/MM/DD HH24:MI:SSXFF'));
Insert into SYSTEM.POST_IMAGES (ID,POST_ID,IMAGE_URL,SORT_ORDER,CREATED_AT) values (100,47,'http://localhost:3010/uploads/1780971375028-KakaoTalk_20260605_121505453_25.jpg',2,to_timestamp('26/06/09 11:16:15.082000000','RR/MM/DD HH24:MI:SSXFF'));
Insert into SYSTEM.POST_IMAGES (ID,POST_ID,IMAGE_URL,SORT_ORDER,CREATED_AT) values (101,48,'http://localhost:3010/uploads/1780971421890-KakaoTalk_20260605_121505453_28.jpg',1,to_timestamp('26/06/09 11:17:01.954000000','RR/MM/DD HH24:MI:SSXFF'));
Insert into SYSTEM.POST_IMAGES (ID,POST_ID,IMAGE_URL,SORT_ORDER,CREATED_AT) values (102,49,'http://localhost:3010/uploads/1780972179704-KakaoTalk_20260605_121547152.jpg',1,to_timestamp('26/06/09 11:29:39.795000000','RR/MM/DD HH24:MI:SSXFF'));
Insert into SYSTEM.POST_IMAGES (ID,POST_ID,IMAGE_URL,SORT_ORDER,CREATED_AT) values (103,49,'http://localhost:3010/uploads/1780972179744-KakaoTalk_20260605_121547152_02.jpg',2,to_timestamp('26/06/09 11:29:39.798000000','RR/MM/DD HH24:MI:SSXFF'));
Insert into SYSTEM.POST_IMAGES (ID,POST_ID,IMAGE_URL,SORT_ORDER,CREATED_AT) values (104,50,'http://localhost:3010/uploads/1780981368078-KakaoTalk_20260605_121505453_03.jpg',1,to_timestamp('26/06/09 14:02:48.178000000','RR/MM/DD HH24:MI:SSXFF'));
Insert into SYSTEM.POST_IMAGES (ID,POST_ID,IMAGE_URL,SORT_ORDER,CREATED_AT) values (105,50,'http://localhost:3010/uploads/1780981368118-KakaoTalk_20260605_121505453_06.jpg',2,to_timestamp('26/06/09 14:02:48.179000000','RR/MM/DD HH24:MI:SSXFF'));
Insert into SYSTEM.POST_IMAGES (ID,POST_ID,IMAGE_URL,SORT_ORDER,CREATED_AT) values (106,50,'http://localhost:3010/uploads/1780981368141-KakaoTalk_20260605_121505453_08.jpg',3,to_timestamp('26/06/09 14:02:48.180000000','RR/MM/DD HH24:MI:SSXFF'));
Insert into SYSTEM.POST_IMAGES (ID,POST_ID,IMAGE_URL,SORT_ORDER,CREATED_AT) values (107,51,'http://localhost:3010/uploads/1780981581499-KakaoTalk_20260605_121505453_03.jpg',1,to_timestamp('26/06/09 14:06:21.544000000','RR/MM/DD HH24:MI:SSXFF'));
REM INSERTING into SYSTEM.POSTS
SET DEFINE OFF;
Insert into SYSTEM.POSTS (ID,USER_ID,TITLE,CATEGORY,THUMBNAIL_URL,VIEW_COUNT,LIKE_COUNT,SCRAP_COUNT,COMMENT_COUNT,IS_PUBLIC,STATUS,CREATED_AT,UPDATED_AT,DELETED_AT,PARENT_POST_ID) values (22,9,'키스미 카시스 - 데일리샷','DISCOUNT','http://localhost:3010/uploads/1780881038869-94174990-662b-41cf-96a7-da7bc4ab764d.webp',0,0,0,0,1,'DELETED',to_timestamp('26/06/08 10:10:38.901000000','RR/MM/DD HH24:MI:SSXFF'),to_timestamp('26/06/08 10:10:49.902000000','RR/MM/DD HH24:MI:SSXFF'),to_timestamp('26/06/08 10:11:01.236000000','RR/MM/DD HH24:MI:SSXFF'),null);
Insert into SYSTEM.POSTS (ID,USER_ID,TITLE,CATEGORY,THUMBNAIL_URL,VIEW_COUNT,LIKE_COUNT,SCRAP_COUNT,COMMENT_COUNT,IS_PUBLIC,STATUS,CREATED_AT,UPDATED_AT,DELETED_AT,PARENT_POST_ID) values (23,9,'키스미 카시스!! 칵테일','MIXOLOGY','http://localhost:3010/uploads/1780881299475-900_20260528_234642.jpg',0,0,0,0,1,'DELETED',to_timestamp('26/06/08 10:14:59.514000000','RR/MM/DD HH24:MI:SSXFF'),to_timestamp('26/06/08 11:06:40.817000000','RR/MM/DD HH24:MI:SSXFF'),to_timestamp('26/06/08 11:08:44.407000000','RR/MM/DD HH24:MI:SSXFF'),null);
Insert into SYSTEM.POSTS (ID,USER_ID,TITLE,CATEGORY,THUMBNAIL_URL,VIEW_COUNT,LIKE_COUNT,SCRAP_COUNT,COMMENT_COUNT,IS_PUBLIC,STATUS,CREATED_AT,UPDATED_AT,DELETED_AT,PARENT_POST_ID) values (24,10,'제목 없음','DISCOUNT','http://localhost:3010/uploads/1780892493458-900_20260528_234642.jpg',6,0,0,0,1,'PUBLISHED',to_timestamp('26/06/08 13:21:33.513000000','RR/MM/DD HH24:MI:SSXFF'),to_timestamp('26/06/08 13:47:40.433000000','RR/MM/DD HH24:MI:SSXFF'),null,null);
Insert into SYSTEM.POSTS (ID,USER_ID,TITLE,CATEGORY,THUMBNAIL_URL,VIEW_COUNT,LIKE_COUNT,SCRAP_COUNT,COMMENT_COUNT,IS_PUBLIC,STATUS,CREATED_AT,UPDATED_AT,DELETED_AT,PARENT_POST_ID) values (25,9,'제목 없음','PLACE','http://localhost:3010/uploads/1780902746691-KakaoTalk_20260605_121547152_11.jpg',0,0,0,0,1,'PUBLISHED',to_timestamp('26/06/08 16:12:26.824000000','RR/MM/DD HH24:MI:SSXFF'),null,null,null);
Insert into SYSTEM.POSTS (ID,USER_ID,TITLE,CATEGORY,THUMBNAIL_URL,VIEW_COUNT,LIKE_COUNT,SCRAP_COUNT,COMMENT_COUNT,IS_PUBLIC,STATUS,CREATED_AT,UPDATED_AT,DELETED_AT,PARENT_POST_ID) values (26,21,'제목 없음','DAILY','http://localhost:3010/uploads/1780903165361-KakaoTalk_20260605_121505453_14.jpg',0,0,0,0,1,'PUBLISHED',to_timestamp('26/06/08 16:19:25.409000000','RR/MM/DD HH24:MI:SSXFF'),null,null,null);
Insert into SYSTEM.POSTS (ID,USER_ID,TITLE,CATEGORY,THUMBNAIL_URL,VIEW_COUNT,LIKE_COUNT,SCRAP_COUNT,COMMENT_COUNT,IS_PUBLIC,STATUS,CREATED_AT,UPDATED_AT,DELETED_AT,PARENT_POST_ID) values (27,21,'제목 없음','DAILY','http://localhost:3010/uploads/1780903561858-KakaoTalk_20260605_121505453_11.jpg',0,0,0,0,1,'PUBLISHED',to_timestamp('26/06/08 16:26:01.886000000','RR/MM/DD HH24:MI:SSXFF'),null,null,null);
Insert into SYSTEM.POSTS (ID,USER_ID,TITLE,CATEGORY,THUMBNAIL_URL,VIEW_COUNT,LIKE_COUNT,SCRAP_COUNT,COMMENT_COUNT,IS_PUBLIC,STATUS,CREATED_AT,UPDATED_AT,DELETED_AT,PARENT_POST_ID) values (28,11,'제목 없음','FOOD','http://localhost:3010/uploads/1780903753594-KakaoTalk_20260605_121505453_15.jpg',0,0,0,0,1,'PUBLISHED',to_timestamp('26/06/08 16:29:13.647000000','RR/MM/DD HH24:MI:SSXFF'),null,null,null);
Insert into SYSTEM.POSTS (ID,USER_ID,TITLE,CATEGORY,THUMBNAIL_URL,VIEW_COUNT,LIKE_COUNT,SCRAP_COUNT,COMMENT_COUNT,IS_PUBLIC,STATUS,CREATED_AT,UPDATED_AT,DELETED_AT,PARENT_POST_ID) values (29,11,'제목 없음','PLACE','http://localhost:3010/uploads/1780905462261-KakaoTalk_20260605_121505453_09.jpg',0,0,0,0,1,'DELETED',to_timestamp('26/06/08 16:57:42.341000000','RR/MM/DD HH24:MI:SSXFF'),null,to_timestamp('26/06/08 17:04:43.122000000','RR/MM/DD HH24:MI:SSXFF'),null);
Insert into SYSTEM.POSTS (ID,USER_ID,TITLE,CATEGORY,THUMBNAIL_URL,VIEW_COUNT,LIKE_COUNT,SCRAP_COUNT,COMMENT_COUNT,IS_PUBLIC,STATUS,CREATED_AT,UPDATED_AT,DELETED_AT,PARENT_POST_ID) values (30,11,'제목 없음','DAILY','http://localhost:3010/uploads/1780906990158-KakaoTalk_20260605_121547152_06.jpg',0,0,0,0,1,'PUBLISHED',to_timestamp('26/06/08 17:23:10.321000000','RR/MM/DD HH24:MI:SSXFF'),null,null,null);
Insert into SYSTEM.POSTS (ID,USER_ID,TITLE,CATEGORY,THUMBNAIL_URL,VIEW_COUNT,LIKE_COUNT,SCRAP_COUNT,COMMENT_COUNT,IS_PUBLIC,STATUS,CREATED_AT,UPDATED_AT,DELETED_AT,PARENT_POST_ID) values (15,8,'인천 주안 쿠시노아!','PLACE','http://localhost:3010/uploads/1780630529592-KakaoTalk_20260605_121505453.jpg',0,0,0,0,1,'PUBLISHED',to_timestamp('26/06/05 12:35:29.724000000','RR/MM/DD HH24:MI:SSXFF'),null,null,null);
Insert into SYSTEM.POSTS (ID,USER_ID,TITLE,CATEGORY,THUMBNAIL_URL,VIEW_COUNT,LIKE_COUNT,SCRAP_COUNT,COMMENT_COUNT,IS_PUBLIC,STATUS,CREATED_AT,UPDATED_AT,DELETED_AT,PARENT_POST_ID) values (31,11,'제목 없음','PLACE','http://localhost:3010/uploads/1780907093693-KakaoTalk_20260605_121547152_15.jpg',0,0,0,0,1,'PUBLISHED',to_timestamp('26/06/08 17:24:53.796000000','RR/MM/DD HH24:MI:SSXFF'),null,null,null);
Insert into SYSTEM.POSTS (ID,USER_ID,TITLE,CATEGORY,THUMBNAIL_URL,VIEW_COUNT,LIKE_COUNT,SCRAP_COUNT,COMMENT_COUNT,IS_PUBLIC,STATUS,CREATED_AT,UPDATED_AT,DELETED_AT,PARENT_POST_ID) values (32,10,'제목 없음','DAILY','http://localhost:3010/uploads/1780907221750-KakaoTalk_20260605_121505453_24.jpg',0,0,0,0,1,'PUBLISHED',to_timestamp('26/06/08 17:27:01.795000000','RR/MM/DD HH24:MI:SSXFF'),null,null,30);
Insert into SYSTEM.POSTS (ID,USER_ID,TITLE,CATEGORY,THUMBNAIL_URL,VIEW_COUNT,LIKE_COUNT,SCRAP_COUNT,COMMENT_COUNT,IS_PUBLIC,STATUS,CREATED_AT,UPDATED_AT,DELETED_AT,PARENT_POST_ID) values (33,22,'제목 없음','PLACE','http://localhost:3010/uploads/1780909475403-KakaoTalk_20260605_121505453_29.jpg',0,0,0,0,1,'PUBLISHED',to_timestamp('26/06/08 18:04:35.591000000','RR/MM/DD HH24:MI:SSXFF'),null,null,null);
Insert into SYSTEM.POSTS (ID,USER_ID,TITLE,CATEGORY,THUMBNAIL_URL,VIEW_COUNT,LIKE_COUNT,SCRAP_COUNT,COMMENT_COUNT,IS_PUBLIC,STATUS,CREATED_AT,UPDATED_AT,DELETED_AT,PARENT_POST_ID) values (34,22,'제목 없음','FOOD','http://localhost:3010/uploads/1780909773419-image.png',0,0,0,0,1,'PUBLISHED',to_timestamp('26/06/08 18:09:33.461000000','RR/MM/DD HH24:MI:SSXFF'),null,null,null);
Insert into SYSTEM.POSTS (ID,USER_ID,TITLE,CATEGORY,THUMBNAIL_URL,VIEW_COUNT,LIKE_COUNT,SCRAP_COUNT,COMMENT_COUNT,IS_PUBLIC,STATUS,CREATED_AT,UPDATED_AT,DELETED_AT,PARENT_POST_ID) values (35,22,'제목 없음','MIXOLOGY','http://localhost:3010/uploads/1780910236741-IMG＿2114.jpg',0,0,0,0,1,'PUBLISHED',to_timestamp('26/06/08 18:17:16.784000000','RR/MM/DD HH24:MI:SSXFF'),null,null,null);
Insert into SYSTEM.POSTS (ID,USER_ID,TITLE,CATEGORY,THUMBNAIL_URL,VIEW_COUNT,LIKE_COUNT,SCRAP_COUNT,COMMENT_COUNT,IS_PUBLIC,STATUS,CREATED_AT,UPDATED_AT,DELETED_AT,PARENT_POST_ID) values (36,10,'제목 없음','DAILY','http://localhost:3010/uploads/1780965578807-IMG_1575.jpg',0,0,0,0,1,'PUBLISHED',to_timestamp('26/06/09 09:39:38.829000000','RR/MM/DD HH24:MI:SSXFF'),null,null,null);
Insert into SYSTEM.POSTS (ID,USER_ID,TITLE,CATEGORY,THUMBNAIL_URL,VIEW_COUNT,LIKE_COUNT,SCRAP_COUNT,COMMENT_COUNT,IS_PUBLIC,STATUS,CREATED_AT,UPDATED_AT,DELETED_AT,PARENT_POST_ID) values (37,10,'제목 없음','DAILY','http://localhost:3010/uploads/1780965642584-SE-2bcb7405-1d15-487e-89a4-fe0457982c17.jpg',0,0,0,0,1,'PUBLISHED',to_timestamp('26/06/09 09:40:42.592000000','RR/MM/DD HH24:MI:SSXFF'),null,null,null);
Insert into SYSTEM.POSTS (ID,USER_ID,TITLE,CATEGORY,THUMBNAIL_URL,VIEW_COUNT,LIKE_COUNT,SCRAP_COUNT,COMMENT_COUNT,IS_PUBLIC,STATUS,CREATED_AT,UPDATED_AT,DELETED_AT,PARENT_POST_ID) values (38,8,'제목 없음','MIXOLOGY','http://localhost:3010/uploads/1780965778019-IMG＿1764.jfif',0,0,0,0,1,'PUBLISHED',to_timestamp('26/06/09 09:42:58.039000000','RR/MM/DD HH24:MI:SSXFF'),null,null,null);
Insert into SYSTEM.POSTS (ID,USER_ID,TITLE,CATEGORY,THUMBNAIL_URL,VIEW_COUNT,LIKE_COUNT,SCRAP_COUNT,COMMENT_COUNT,IS_PUBLIC,STATUS,CREATED_AT,UPDATED_AT,DELETED_AT,PARENT_POST_ID) values (39,8,'제목 없음','FOOD','http://localhost:3010/uploads/1780965958511-IMG＿1895.jpg',0,0,0,0,1,'PUBLISHED',to_timestamp('26/06/09 09:45:58.530000000','RR/MM/DD HH24:MI:SSXFF'),null,null,null);
Insert into SYSTEM.POSTS (ID,USER_ID,TITLE,CATEGORY,THUMBNAIL_URL,VIEW_COUNT,LIKE_COUNT,SCRAP_COUNT,COMMENT_COUNT,IS_PUBLIC,STATUS,CREATED_AT,UPDATED_AT,DELETED_AT,PARENT_POST_ID) values (40,8,'제목 없음','PLACE','http://localhost:3010/uploads/1780966080231-KakaoTalk_20260605_121547152_04.jpg',0,0,0,0,1,'PUBLISHED',to_timestamp('26/06/09 09:48:00.320000000','RR/MM/DD HH24:MI:SSXFF'),to_timestamp('26/06/09 09:48:07.673000000','RR/MM/DD HH24:MI:SSXFF'),null,null);
Insert into SYSTEM.POSTS (ID,USER_ID,TITLE,CATEGORY,THUMBNAIL_URL,VIEW_COUNT,LIKE_COUNT,SCRAP_COUNT,COMMENT_COUNT,IS_PUBLIC,STATUS,CREATED_AT,UPDATED_AT,DELETED_AT,PARENT_POST_ID) values (41,21,'제목 없음','PLACE','http://localhost:3010/uploads/1780966226553-KakaoTalk_20260605_121505453_04.jpg',0,0,0,0,1,'PUBLISHED',to_timestamp('26/06/09 09:50:26.685000000','RR/MM/DD HH24:MI:SSXFF'),null,null,null);
Insert into SYSTEM.POSTS (ID,USER_ID,TITLE,CATEGORY,THUMBNAIL_URL,VIEW_COUNT,LIKE_COUNT,SCRAP_COUNT,COMMENT_COUNT,IS_PUBLIC,STATUS,CREATED_AT,UPDATED_AT,DELETED_AT,PARENT_POST_ID) values (42,21,'제목 없음','PLACE','http://localhost:3010/uploads/1780966430000-KakaoTalk_20260605_121505453_22.jpg',0,0,0,0,1,'PUBLISHED',to_timestamp('26/06/09 09:53:50.222000000','RR/MM/DD HH24:MI:SSXFF'),null,null,null);
Insert into SYSTEM.POSTS (ID,USER_ID,TITLE,CATEGORY,THUMBNAIL_URL,VIEW_COUNT,LIKE_COUNT,SCRAP_COUNT,COMMENT_COUNT,IS_PUBLIC,STATUS,CREATED_AT,UPDATED_AT,DELETED_AT,PARENT_POST_ID) values (43,11,'제목 없음','PLACE','http://localhost:3010/uploads/1780966614775-KakaoTalk_20260605_121505453_26.jpg',0,0,0,0,1,'PUBLISHED',to_timestamp('26/06/09 09:56:54.841000000','RR/MM/DD HH24:MI:SSXFF'),null,null,null);
Insert into SYSTEM.POSTS (ID,USER_ID,TITLE,CATEGORY,THUMBNAIL_URL,VIEW_COUNT,LIKE_COUNT,SCRAP_COUNT,COMMENT_COUNT,IS_PUBLIC,STATUS,CREATED_AT,UPDATED_AT,DELETED_AT,PARENT_POST_ID) values (44,11,'제목 없음','PLACE','http://localhost:3010/uploads/1780966725377-다운로드 (1).jfif',0,0,0,0,1,'PUBLISHED',to_timestamp('26/06/09 09:58:45.389000000','RR/MM/DD HH24:MI:SSXFF'),null,null,15);
Insert into SYSTEM.POSTS (ID,USER_ID,TITLE,CATEGORY,THUMBNAIL_URL,VIEW_COUNT,LIKE_COUNT,SCRAP_COUNT,COMMENT_COUNT,IS_PUBLIC,STATUS,CREATED_AT,UPDATED_AT,DELETED_AT,PARENT_POST_ID) values (45,22,'제목 없음','PLACE','http://localhost:3010/uploads/1780967029224-20260604_101355661.jpg',0,0,0,0,1,'PUBLISHED',to_timestamp('26/06/09 10:03:49.275000000','RR/MM/DD HH24:MI:SSXFF'),null,null,null);
Insert into SYSTEM.POSTS (ID,USER_ID,TITLE,CATEGORY,THUMBNAIL_URL,VIEW_COUNT,LIKE_COUNT,SCRAP_COUNT,COMMENT_COUNT,IS_PUBLIC,STATUS,CREATED_AT,UPDATED_AT,DELETED_AT,PARENT_POST_ID) values (46,22,'제목 없음','FOOD','http://localhost:3010/uploads/1780967095756-KakaoTalk_20260605_121547152_03.jpg',0,0,0,0,1,'PUBLISHED',to_timestamp('26/06/09 10:04:55.797000000','RR/MM/DD HH24:MI:SSXFF'),null,null,null);
Insert into SYSTEM.POSTS (ID,USER_ID,TITLE,CATEGORY,THUMBNAIL_URL,VIEW_COUNT,LIKE_COUNT,SCRAP_COUNT,COMMENT_COUNT,IS_PUBLIC,STATUS,CREATED_AT,UPDATED_AT,DELETED_AT,PARENT_POST_ID) values (47,28,'제목 없음','FOOD','http://localhost:3010/uploads/1780971374974-KakaoTalk_20260605_121547152_02.jpg',0,0,0,0,1,'PUBLISHED',to_timestamp('26/06/09 11:16:15.079000000','RR/MM/DD HH24:MI:SSXFF'),to_timestamp('26/06/09 11:29:08.385000000','RR/MM/DD HH24:MI:SSXFF'),null,null);
Insert into SYSTEM.POSTS (ID,USER_ID,TITLE,CATEGORY,THUMBNAIL_URL,VIEW_COUNT,LIKE_COUNT,SCRAP_COUNT,COMMENT_COUNT,IS_PUBLIC,STATUS,CREATED_AT,UPDATED_AT,DELETED_AT,PARENT_POST_ID) values (48,28,'제목 없음','DAILY','http://localhost:3010/uploads/1780971421890-KakaoTalk_20260605_121505453_28.jpg',0,0,0,0,1,'DELETED',to_timestamp('26/06/09 11:17:01.952000000','RR/MM/DD HH24:MI:SSXFF'),to_timestamp('26/06/09 11:24:48.717000000','RR/MM/DD HH24:MI:SSXFF'),to_timestamp('26/06/09 11:27:19.446000000','RR/MM/DD HH24:MI:SSXFF'),46);
Insert into SYSTEM.POSTS (ID,USER_ID,TITLE,CATEGORY,THUMBNAIL_URL,VIEW_COUNT,LIKE_COUNT,SCRAP_COUNT,COMMENT_COUNT,IS_PUBLIC,STATUS,CREATED_AT,UPDATED_AT,DELETED_AT,PARENT_POST_ID) values (49,28,'제목 없음','PLACE','http://localhost:3010/uploads/1780972179704-KakaoTalk_20260605_121547152.jpg',0,0,0,0,1,'DELETED',to_timestamp('26/06/09 11:29:39.794000000','RR/MM/DD HH24:MI:SSXFF'),null,to_timestamp('26/06/09 11:29:51.099000000','RR/MM/DD HH24:MI:SSXFF'),44);
Insert into SYSTEM.POSTS (ID,USER_ID,TITLE,CATEGORY,THUMBNAIL_URL,VIEW_COUNT,LIKE_COUNT,SCRAP_COUNT,COMMENT_COUNT,IS_PUBLIC,STATUS,CREATED_AT,UPDATED_AT,DELETED_AT,PARENT_POST_ID) values (50,9,'제목 없음','FOOD','http://localhost:3010/uploads/1780981368078-KakaoTalk_20260605_121505453_03.jpg',0,0,0,0,1,'DELETED',to_timestamp('26/06/09 14:02:48.175000000','RR/MM/DD HH24:MI:SSXFF'),null,to_timestamp('26/06/09 14:50:37.454000000','RR/MM/DD HH24:MI:SSXFF'),null);
Insert into SYSTEM.POSTS (ID,USER_ID,TITLE,CATEGORY,THUMBNAIL_URL,VIEW_COUNT,LIKE_COUNT,SCRAP_COUNT,COMMENT_COUNT,IS_PUBLIC,STATUS,CREATED_AT,UPDATED_AT,DELETED_AT,PARENT_POST_ID) values (51,29,'제목 없음','DAILY','http://localhost:3010/uploads/1780981581499-KakaoTalk_20260605_121505453_03.jpg',0,0,0,0,1,'DELETED',to_timestamp('26/06/09 14:06:21.542000000','RR/MM/DD HH24:MI:SSXFF'),null,to_timestamp('26/06/09 14:50:11.957000000','RR/MM/DD HH24:MI:SSXFF'),null);
REM INSERTING into SYSTEM.POST_HASHTAGS
SET DEFINE OFF;
Insert into SYSTEM.POST_HASHTAGS (ID,POST_ID,HASHTAG_ID,CREATED_AT) values (54,25,44,to_timestamp('26/06/08 16:12:26.835000000','RR/MM/DD HH24:MI:SSXFF'));
Insert into SYSTEM.POST_HASHTAGS (ID,POST_ID,HASHTAG_ID,CREATED_AT) values (55,25,47,to_timestamp('26/06/08 16:12:26.840000000','RR/MM/DD HH24:MI:SSXFF'));
Insert into SYSTEM.POST_HASHTAGS (ID,POST_ID,HASHTAG_ID,CREATED_AT) values (59,26,51,to_timestamp('26/06/08 16:19:25.422000000','RR/MM/DD HH24:MI:SSXFF'));
Insert into SYSTEM.POST_HASHTAGS (ID,POST_ID,HASHTAG_ID,CREATED_AT) values (60,26,52,to_timestamp('26/06/08 16:19:25.426000000','RR/MM/DD HH24:MI:SSXFF'));
Insert into SYSTEM.POST_HASHTAGS (ID,POST_ID,HASHTAG_ID,CREATED_AT) values (61,27,53,to_timestamp('26/06/08 16:26:01.894000000','RR/MM/DD HH24:MI:SSXFF'));
Insert into SYSTEM.POST_HASHTAGS (ID,POST_ID,HASHTAG_ID,CREATED_AT) values (56,25,48,to_timestamp('26/06/08 16:12:26.844000000','RR/MM/DD HH24:MI:SSXFF'));
Insert into SYSTEM.POST_HASHTAGS (ID,POST_ID,HASHTAG_ID,CREATED_AT) values (57,25,49,to_timestamp('26/06/08 16:12:26.848000000','RR/MM/DD HH24:MI:SSXFF'));
Insert into SYSTEM.POST_HASHTAGS (ID,POST_ID,HASHTAG_ID,CREATED_AT) values (58,26,50,to_timestamp('26/06/08 16:19:25.417000000','RR/MM/DD HH24:MI:SSXFF'));
Insert into SYSTEM.POST_HASHTAGS (ID,POST_ID,HASHTAG_ID,CREATED_AT) values (62,27,54,to_timestamp('26/06/08 16:26:01.898000000','RR/MM/DD HH24:MI:SSXFF'));
Insert into SYSTEM.POST_HASHTAGS (ID,POST_ID,HASHTAG_ID,CREATED_AT) values (63,28,55,to_timestamp('26/06/08 16:29:13.655000000','RR/MM/DD HH24:MI:SSXFF'));
Insert into SYSTEM.POST_HASHTAGS (ID,POST_ID,HASHTAG_ID,CREATED_AT) values (64,28,56,to_timestamp('26/06/08 16:29:13.658000000','RR/MM/DD HH24:MI:SSXFF'));
Insert into SYSTEM.POST_HASHTAGS (ID,POST_ID,HASHTAG_ID,CREATED_AT) values (65,30,57,to_timestamp('26/06/08 17:23:10.337000000','RR/MM/DD HH24:MI:SSXFF'));
Insert into SYSTEM.POST_HASHTAGS (ID,POST_ID,HASHTAG_ID,CREATED_AT) values (66,30,58,to_timestamp('26/06/08 17:23:10.341000000','RR/MM/DD HH24:MI:SSXFF'));
Insert into SYSTEM.POST_HASHTAGS (ID,POST_ID,HASHTAG_ID,CREATED_AT) values (67,30,59,to_timestamp('26/06/08 17:23:10.345000000','RR/MM/DD HH24:MI:SSXFF'));
Insert into SYSTEM.POST_HASHTAGS (ID,POST_ID,HASHTAG_ID,CREATED_AT) values (68,31,60,to_timestamp('26/06/08 17:24:53.804000000','RR/MM/DD HH24:MI:SSXFF'));
Insert into SYSTEM.POST_HASHTAGS (ID,POST_ID,HASHTAG_ID,CREATED_AT) values (69,31,61,to_timestamp('26/06/08 17:24:53.808000000','RR/MM/DD HH24:MI:SSXFF'));
Insert into SYSTEM.POST_HASHTAGS (ID,POST_ID,HASHTAG_ID,CREATED_AT) values (70,31,62,to_timestamp('26/06/08 17:24:53.812000000','RR/MM/DD HH24:MI:SSXFF'));
Insert into SYSTEM.POST_HASHTAGS (ID,POST_ID,HASHTAG_ID,CREATED_AT) values (71,32,57,to_timestamp('26/06/08 17:27:01.801000000','RR/MM/DD HH24:MI:SSXFF'));
Insert into SYSTEM.POST_HASHTAGS (ID,POST_ID,HASHTAG_ID,CREATED_AT) values (72,32,63,to_timestamp('26/06/08 17:27:01.804000000','RR/MM/DD HH24:MI:SSXFF'));
Insert into SYSTEM.POST_HASHTAGS (ID,POST_ID,HASHTAG_ID,CREATED_AT) values (73,32,64,to_timestamp('26/06/08 17:27:01.808000000','RR/MM/DD HH24:MI:SSXFF'));
Insert into SYSTEM.POST_HASHTAGS (ID,POST_ID,HASHTAG_ID,CREATED_AT) values (24,15,24,to_timestamp('26/06/05 12:35:29.735000000','RR/MM/DD HH24:MI:SSXFF'));
Insert into SYSTEM.POST_HASHTAGS (ID,POST_ID,HASHTAG_ID,CREATED_AT) values (25,15,25,to_timestamp('26/06/05 12:35:29.739000000','RR/MM/DD HH24:MI:SSXFF'));
Insert into SYSTEM.POST_HASHTAGS (ID,POST_ID,HASHTAG_ID,CREATED_AT) values (26,15,26,to_timestamp('26/06/05 12:35:29.742000000','RR/MM/DD HH24:MI:SSXFF'));
Insert into SYSTEM.POST_HASHTAGS (ID,POST_ID,HASHTAG_ID,CREATED_AT) values (74,33,65,to_timestamp('26/06/08 18:04:35.639000000','RR/MM/DD HH24:MI:SSXFF'));
Insert into SYSTEM.POST_HASHTAGS (ID,POST_ID,HASHTAG_ID,CREATED_AT) values (75,33,66,to_timestamp('26/06/08 18:04:35.643000000','RR/MM/DD HH24:MI:SSXFF'));
Insert into SYSTEM.POST_HASHTAGS (ID,POST_ID,HASHTAG_ID,CREATED_AT) values (76,33,67,to_timestamp('26/06/08 18:04:35.647000000','RR/MM/DD HH24:MI:SSXFF'));
Insert into SYSTEM.POST_HASHTAGS (ID,POST_ID,HASHTAG_ID,CREATED_AT) values (77,34,68,to_timestamp('26/06/08 18:09:33.502000000','RR/MM/DD HH24:MI:SSXFF'));
Insert into SYSTEM.POST_HASHTAGS (ID,POST_ID,HASHTAG_ID,CREATED_AT) values (78,34,69,to_timestamp('26/06/08 18:09:33.507000000','RR/MM/DD HH24:MI:SSXFF'));
Insert into SYSTEM.POST_HASHTAGS (ID,POST_ID,HASHTAG_ID,CREATED_AT) values (79,35,70,to_timestamp('26/06/08 18:17:16.797000000','RR/MM/DD HH24:MI:SSXFF'));
Insert into SYSTEM.POST_HASHTAGS (ID,POST_ID,HASHTAG_ID,CREATED_AT) values (80,35,71,to_timestamp('26/06/08 18:17:16.801000000','RR/MM/DD HH24:MI:SSXFF'));
Insert into SYSTEM.POST_HASHTAGS (ID,POST_ID,HASHTAG_ID,CREATED_AT) values (81,36,72,to_timestamp('26/06/09 09:39:38.848000000','RR/MM/DD HH24:MI:SSXFF'));
Insert into SYSTEM.POST_HASHTAGS (ID,POST_ID,HASHTAG_ID,CREATED_AT) values (82,36,73,to_timestamp('26/06/09 09:39:38.853000000','RR/MM/DD HH24:MI:SSXFF'));
Insert into SYSTEM.POST_HASHTAGS (ID,POST_ID,HASHTAG_ID,CREATED_AT) values (83,36,74,to_timestamp('26/06/09 09:39:38.856000000','RR/MM/DD HH24:MI:SSXFF'));
Insert into SYSTEM.POST_HASHTAGS (ID,POST_ID,HASHTAG_ID,CREATED_AT) values (84,37,75,to_timestamp('26/06/09 09:40:42.601000000','RR/MM/DD HH24:MI:SSXFF'));
Insert into SYSTEM.POST_HASHTAGS (ID,POST_ID,HASHTAG_ID,CREATED_AT) values (85,37,72,to_timestamp('26/06/09 09:40:42.604000000','RR/MM/DD HH24:MI:SSXFF'));
Insert into SYSTEM.POST_HASHTAGS (ID,POST_ID,HASHTAG_ID,CREATED_AT) values (86,37,76,to_timestamp('26/06/09 09:40:42.609000000','RR/MM/DD HH24:MI:SSXFF'));
Insert into SYSTEM.POST_HASHTAGS (ID,POST_ID,HASHTAG_ID,CREATED_AT) values (87,38,77,to_timestamp('26/06/09 09:42:58.050000000','RR/MM/DD HH24:MI:SSXFF'));
Insert into SYSTEM.POST_HASHTAGS (ID,POST_ID,HASHTAG_ID,CREATED_AT) values (88,38,78,to_timestamp('26/06/09 09:42:58.055000000','RR/MM/DD HH24:MI:SSXFF'));
Insert into SYSTEM.POST_HASHTAGS (ID,POST_ID,HASHTAG_ID,CREATED_AT) values (89,38,42,to_timestamp('26/06/09 09:42:58.058000000','RR/MM/DD HH24:MI:SSXFF'));
Insert into SYSTEM.POST_HASHTAGS (ID,POST_ID,HASHTAG_ID,CREATED_AT) values (90,38,79,to_timestamp('26/06/09 09:42:58.062000000','RR/MM/DD HH24:MI:SSXFF'));
Insert into SYSTEM.POST_HASHTAGS (ID,POST_ID,HASHTAG_ID,CREATED_AT) values (91,39,80,to_timestamp('26/06/09 09:45:58.539000000','RR/MM/DD HH24:MI:SSXFF'));
Insert into SYSTEM.POST_HASHTAGS (ID,POST_ID,HASHTAG_ID,CREATED_AT) values (92,39,81,to_timestamp('26/06/09 09:45:58.542000000','RR/MM/DD HH24:MI:SSXFF'));
Insert into SYSTEM.POST_HASHTAGS (ID,POST_ID,HASHTAG_ID,CREATED_AT) values (99,42,88,to_timestamp('26/06/09 09:53:50.262000000','RR/MM/DD HH24:MI:SSXFF'));
Insert into SYSTEM.POST_HASHTAGS (ID,POST_ID,HASHTAG_ID,CREATED_AT) values (100,42,89,to_timestamp('26/06/09 09:53:50.265000000','RR/MM/DD HH24:MI:SSXFF'));
Insert into SYSTEM.POST_HASHTAGS (ID,POST_ID,HASHTAG_ID,CREATED_AT) values (95,41,84,to_timestamp('26/06/09 09:50:26.707000000','RR/MM/DD HH24:MI:SSXFF'));
Insert into SYSTEM.POST_HASHTAGS (ID,POST_ID,HASHTAG_ID,CREATED_AT) values (96,41,85,to_timestamp('26/06/09 09:50:26.709000000','RR/MM/DD HH24:MI:SSXFF'));
Insert into SYSTEM.POST_HASHTAGS (ID,POST_ID,HASHTAG_ID,CREATED_AT) values (97,41,86,to_timestamp('26/06/09 09:50:26.712000000','RR/MM/DD HH24:MI:SSXFF'));
Insert into SYSTEM.POST_HASHTAGS (ID,POST_ID,HASHTAG_ID,CREATED_AT) values (98,42,87,to_timestamp('26/06/09 09:53:50.231000000','RR/MM/DD HH24:MI:SSXFF'));
Insert into SYSTEM.POST_HASHTAGS (ID,POST_ID,HASHTAG_ID,CREATED_AT) values (101,42,90,to_timestamp('26/06/09 09:53:50.268000000','RR/MM/DD HH24:MI:SSXFF'));
Insert into SYSTEM.POST_HASHTAGS (ID,POST_ID,HASHTAG_ID,CREATED_AT) values (102,43,91,to_timestamp('26/06/09 09:56:54.850000000','RR/MM/DD HH24:MI:SSXFF'));
Insert into SYSTEM.POST_HASHTAGS (ID,POST_ID,HASHTAG_ID,CREATED_AT) values (103,43,92,to_timestamp('26/06/09 09:56:54.854000000','RR/MM/DD HH24:MI:SSXFF'));
Insert into SYSTEM.POST_HASHTAGS (ID,POST_ID,HASHTAG_ID,CREATED_AT) values (104,43,93,to_timestamp('26/06/09 09:56:54.857000000','RR/MM/DD HH24:MI:SSXFF'));
Insert into SYSTEM.POST_HASHTAGS (ID,POST_ID,HASHTAG_ID,CREATED_AT) values (105,44,94,to_timestamp('26/06/09 09:58:45.399000000','RR/MM/DD HH24:MI:SSXFF'));
Insert into SYSTEM.POST_HASHTAGS (ID,POST_ID,HASHTAG_ID,CREATED_AT) values (106,44,24,to_timestamp('26/06/09 09:58:45.402000000','RR/MM/DD HH24:MI:SSXFF'));
Insert into SYSTEM.POST_HASHTAGS (ID,POST_ID,HASHTAG_ID,CREATED_AT) values (107,44,26,to_timestamp('26/06/09 09:58:45.404000000','RR/MM/DD HH24:MI:SSXFF'));
Insert into SYSTEM.POST_HASHTAGS (ID,POST_ID,HASHTAG_ID,CREATED_AT) values (108,44,95,to_timestamp('26/06/09 09:58:45.407000000','RR/MM/DD HH24:MI:SSXFF'));
Insert into SYSTEM.POST_HASHTAGS (ID,POST_ID,HASHTAG_ID,CREATED_AT) values (109,45,96,to_timestamp('26/06/09 10:03:49.282000000','RR/MM/DD HH24:MI:SSXFF'));
Insert into SYSTEM.POST_HASHTAGS (ID,POST_ID,HASHTAG_ID,CREATED_AT) values (110,45,97,to_timestamp('26/06/09 10:03:49.285000000','RR/MM/DD HH24:MI:SSXFF'));
Insert into SYSTEM.POST_HASHTAGS (ID,POST_ID,HASHTAG_ID,CREATED_AT) values (111,45,98,to_timestamp('26/06/09 10:03:49.289000000','RR/MM/DD HH24:MI:SSXFF'));
Insert into SYSTEM.POST_HASHTAGS (ID,POST_ID,HASHTAG_ID,CREATED_AT) values (112,46,99,to_timestamp('26/06/09 10:04:55.802000000','RR/MM/DD HH24:MI:SSXFF'));
Insert into SYSTEM.POST_HASHTAGS (ID,POST_ID,HASHTAG_ID,CREATED_AT) values (113,46,100,to_timestamp('26/06/09 10:04:55.805000000','RR/MM/DD HH24:MI:SSXFF'));
Insert into SYSTEM.POST_HASHTAGS (ID,POST_ID,HASHTAG_ID,CREATED_AT) values (114,46,101,to_timestamp('26/06/09 10:04:55.809000000','RR/MM/DD HH24:MI:SSXFF'));
Insert into SYSTEM.POST_HASHTAGS (ID,POST_ID,HASHTAG_ID,CREATED_AT) values (121,49,106,to_timestamp('26/06/09 11:29:39.803000000','RR/MM/DD HH24:MI:SSXFF'));
Insert into SYSTEM.POST_HASHTAGS (ID,POST_ID,HASHTAG_ID,CREATED_AT) values (122,49,26,to_timestamp('26/06/09 11:29:39.806000000','RR/MM/DD HH24:MI:SSXFF'));
Insert into SYSTEM.POST_HASHTAGS (ID,POST_ID,HASHTAG_ID,CREATED_AT) values (123,50,107,to_timestamp('26/06/09 14:02:48.184000000','RR/MM/DD HH24:MI:SSXFF'));
Insert into SYSTEM.POST_HASHTAGS (ID,POST_ID,HASHTAG_ID,CREATED_AT) values (124,51,108,to_timestamp('26/06/09 14:06:21.548000000','RR/MM/DD HH24:MI:SSXFF'));
Insert into SYSTEM.POST_HASHTAGS (ID,POST_ID,HASHTAG_ID,CREATED_AT) values (125,51,49,to_timestamp('26/06/09 14:06:21.550000000','RR/MM/DD HH24:MI:SSXFF'));
REM INSERTING into SYSTEM.FOLLOWS
SET DEFINE OFF;
Insert into SYSTEM.FOLLOWS (ID,FOLLOWER_ID,FOLLOWING_ID,CREATED_AT) values (13,10,9,to_timestamp('26/06/08 12:55:02.325000000','RR/MM/DD HH24:MI:SSXFF'));
Insert into SYSTEM.FOLLOWS (ID,FOLLOWER_ID,FOLLOWING_ID,CREATED_AT) values (2,8,9,to_timestamp('26/06/05 10:42:46.107000000','RR/MM/DD HH24:MI:SSXFF'));
Insert into SYSTEM.FOLLOWS (ID,FOLLOWER_ID,FOLLOWING_ID,CREATED_AT) values (3,8,11,to_timestamp('26/06/05 10:42:49.228000000','RR/MM/DD HH24:MI:SSXFF'));
Insert into SYSTEM.FOLLOWS (ID,FOLLOWER_ID,FOLLOWING_ID,CREATED_AT) values (4,8,10,to_timestamp('26/06/05 10:44:15.261000000','RR/MM/DD HH24:MI:SSXFF'));
Insert into SYSTEM.FOLLOWS (ID,FOLLOWER_ID,FOLLOWING_ID,CREATED_AT) values (16,9,10,to_timestamp('26/06/08 16:09:31.310000000','RR/MM/DD HH24:MI:SSXFF'));
Insert into SYSTEM.FOLLOWS (ID,FOLLOWER_ID,FOLLOWING_ID,CREATED_AT) values (15,10,8,to_timestamp('26/06/08 14:41:01.576000000','RR/MM/DD HH24:MI:SSXFF'));
Insert into SYSTEM.FOLLOWS (ID,FOLLOWER_ID,FOLLOWING_ID,CREATED_AT) values (9,9,8,to_timestamp('26/06/05 17:45:42.036000000','RR/MM/DD HH24:MI:SSXFF'));
Insert into SYSTEM.FOLLOWS (ID,FOLLOWER_ID,FOLLOWING_ID,CREATED_AT) values (21,21,22,to_timestamp('26/06/09 09:51:03.705000000','RR/MM/DD HH24:MI:SSXFF'));
Insert into SYSTEM.FOLLOWS (ID,FOLLOWER_ID,FOLLOWING_ID,CREATED_AT) values (17,22,10,to_timestamp('26/06/08 17:57:20.460000000','RR/MM/DD HH24:MI:SSXFF'));
Insert into SYSTEM.FOLLOWS (ID,FOLLOWER_ID,FOLLOWING_ID,CREATED_AT) values (24,28,10,to_timestamp('26/06/09 11:14:51.455000000','RR/MM/DD HH24:MI:SSXFF'));
Insert into SYSTEM.FOLLOWS (ID,FOLLOWER_ID,FOLLOWING_ID,CREATED_AT) values (20,22,21,to_timestamp('26/06/08 17:57:25.120000000','RR/MM/DD HH24:MI:SSXFF'));
Insert into SYSTEM.FOLLOWS (ID,FOLLOWER_ID,FOLLOWING_ID,CREATED_AT) values (22,10,11,to_timestamp('26/06/09 10:00:22.899000000','RR/MM/DD HH24:MI:SSXFF'));
Insert into SYSTEM.FOLLOWS (ID,FOLLOWER_ID,FOLLOWING_ID,CREATED_AT) values (23,28,22,to_timestamp('26/06/09 11:14:46.833000000','RR/MM/DD HH24:MI:SSXFF'));
Insert into SYSTEM.FOLLOWS (ID,FOLLOWER_ID,FOLLOWING_ID,CREATED_AT) values (25,28,11,to_timestamp('26/06/09 11:14:53.709000000','RR/MM/DD HH24:MI:SSXFF'));
Insert into SYSTEM.FOLLOWS (ID,FOLLOWER_ID,FOLLOWING_ID,CREATED_AT) values (26,28,9,to_timestamp('26/06/09 11:14:55.957000000','RR/MM/DD HH24:MI:SSXFF'));
Insert into SYSTEM.FOLLOWS (ID,FOLLOWER_ID,FOLLOWING_ID,CREATED_AT) values (27,11,10,to_timestamp('26/06/09 11:31:12.876000000','RR/MM/DD HH24:MI:SSXFF'));
Insert into SYSTEM.FOLLOWS (ID,FOLLOWER_ID,FOLLOWING_ID,CREATED_AT) values (28,11,8,to_timestamp('26/06/09 11:31:13.572000000','RR/MM/DD HH24:MI:SSXFF'));
Insert into SYSTEM.FOLLOWS (ID,FOLLOWER_ID,FOLLOWING_ID,CREATED_AT) values (29,11,28,to_timestamp('26/06/09 11:31:14.092000000','RR/MM/DD HH24:MI:SSXFF'));
Insert into SYSTEM.FOLLOWS (ID,FOLLOWER_ID,FOLLOWING_ID,CREATED_AT) values (30,11,21,to_timestamp('26/06/09 11:31:20.130000000','RR/MM/DD HH24:MI:SSXFF'));
Insert into SYSTEM.FOLLOWS (ID,FOLLOWER_ID,FOLLOWING_ID,CREATED_AT) values (31,9,11,to_timestamp('26/06/09 11:34:30.084000000','RR/MM/DD HH24:MI:SSXFF'));
Insert into SYSTEM.FOLLOWS (ID,FOLLOWER_ID,FOLLOWING_ID,CREATED_AT) values (32,9,21,to_timestamp('26/06/09 11:34:31.274000000','RR/MM/DD HH24:MI:SSXFF'));
Insert into SYSTEM.FOLLOWS (ID,FOLLOWER_ID,FOLLOWING_ID,CREATED_AT) values (33,9,22,to_timestamp('26/06/09 11:34:32.739000000','RR/MM/DD HH24:MI:SSXFF'));
Insert into SYSTEM.FOLLOWS (ID,FOLLOWER_ID,FOLLOWING_ID,CREATED_AT) values (41,29,10,to_timestamp('26/06/09 14:05:30.131000000','RR/MM/DD HH24:MI:SSXFF'));
Insert into SYSTEM.FOLLOWS (ID,FOLLOWER_ID,FOLLOWING_ID,CREATED_AT) values (35,21,10,to_timestamp('26/06/09 12:38:59.784000000','RR/MM/DD HH24:MI:SSXFF'));
Insert into SYSTEM.FOLLOWS (ID,FOLLOWER_ID,FOLLOWING_ID,CREATED_AT) values (36,21,8,to_timestamp('26/06/09 12:39:00.926000000','RR/MM/DD HH24:MI:SSXFF'));
Insert into SYSTEM.FOLLOWS (ID,FOLLOWER_ID,FOLLOWING_ID,CREATED_AT) values (37,21,9,to_timestamp('26/06/09 12:39:02.006000000','RR/MM/DD HH24:MI:SSXFF'));
Insert into SYSTEM.FOLLOWS (ID,FOLLOWER_ID,FOLLOWING_ID,CREATED_AT) values (43,29,9,to_timestamp('26/06/09 14:05:31.257000000','RR/MM/DD HH24:MI:SSXFF'));
Insert into SYSTEM.FOLLOWS (ID,FOLLOWER_ID,FOLLOWING_ID,CREATED_AT) values (42,29,11,to_timestamp('26/06/09 14:05:30.784000000','RR/MM/DD HH24:MI:SSXFF'));
Insert into SYSTEM.FOLLOWS (ID,FOLLOWER_ID,FOLLOWING_ID,CREATED_AT) values (44,29,8,to_timestamp('26/06/09 14:05:31.778000000','RR/MM/DD HH24:MI:SSXFF'));
Insert into SYSTEM.FOLLOWS (ID,FOLLOWER_ID,FOLLOWING_ID,CREATED_AT) values (45,29,28,to_timestamp('26/06/09 14:05:32.920000000','RR/MM/DD HH24:MI:SSXFF'));
Insert into SYSTEM.FOLLOWS (ID,FOLLOWER_ID,FOLLOWING_ID,CREATED_AT) values (46,29,22,to_timestamp('26/06/09 14:05:33.319000000','RR/MM/DD HH24:MI:SSXFF'));
Insert into SYSTEM.FOLLOWS (ID,FOLLOWER_ID,FOLLOWING_ID,CREATED_AT) values (47,29,21,to_timestamp('26/06/09 14:05:33.803000000','RR/MM/DD HH24:MI:SSXFF'));
Insert into SYSTEM.FOLLOWS (ID,FOLLOWER_ID,FOLLOWING_ID,CREATED_AT) values (48,9,28,to_timestamp('26/06/09 15:55:33.261000000','RR/MM/DD HH24:MI:SSXFF'));
Insert into SYSTEM.FOLLOWS (ID,FOLLOWER_ID,FOLLOWING_ID,CREATED_AT) values (49,9,29,to_timestamp('26/06/09 15:55:35.483000000','RR/MM/DD HH24:MI:SSXFF'));
REM INSERTING into SYSTEM.COMMENTS
SET DEFINE OFF;
Insert into SYSTEM.COMMENTS (ID,POST_ID,USER_ID,PARENT_COMMENT_ID,LIKE_COUNT,STATUS,CREATED_AT,UPDATED_AT,DELETED_AT) values (19,15,8,14,0,'DELETED',to_timestamp('26/06/08 12:26:22.230000000','RR/MM/DD HH24:MI:SSXFF'),to_timestamp('26/06/08 12:45:44.731000000','RR/MM/DD HH24:MI:SSXFF'),null);
Insert into SYSTEM.COMMENTS (ID,POST_ID,USER_ID,PARENT_COMMENT_ID,LIKE_COUNT,STATUS,CREATED_AT,UPDATED_AT,DELETED_AT) values (20,15,10,null,0,'DELETED',to_timestamp('26/06/08 12:41:24.874000000','RR/MM/DD HH24:MI:SSXFF'),to_timestamp('26/06/08 13:19:39.749000000','RR/MM/DD HH24:MI:SSXFF'),null);
Insert into SYSTEM.COMMENTS (ID,POST_ID,USER_ID,PARENT_COMMENT_ID,LIKE_COUNT,STATUS,CREATED_AT,UPDATED_AT,DELETED_AT) values (21,15,9,20,0,'DELETED',to_timestamp('26/06/08 12:41:44.564000000','RR/MM/DD HH24:MI:SSXFF'),to_timestamp('26/06/09 09:35:16.815000000','RR/MM/DD HH24:MI:SSXFF'),null);
Insert into SYSTEM.COMMENTS (ID,POST_ID,USER_ID,PARENT_COMMENT_ID,LIKE_COUNT,STATUS,CREATED_AT,UPDATED_AT,DELETED_AT) values (18,15,8,13,0,'DELETED',to_timestamp('26/06/08 12:26:16.500000000','RR/MM/DD HH24:MI:SSXFF'),to_timestamp('26/06/08 13:08:46.791000000','RR/MM/DD HH24:MI:SSXFF'),null);
Insert into SYSTEM.COMMENTS (ID,POST_ID,USER_ID,PARENT_COMMENT_ID,LIKE_COUNT,STATUS,CREATED_AT,UPDATED_AT,DELETED_AT) values (22,15,8,14,0,'DELETED',to_timestamp('26/06/08 12:45:52.443000000','RR/MM/DD HH24:MI:SSXFF'),to_timestamp('26/06/08 13:08:48.101000000','RR/MM/DD HH24:MI:SSXFF'),null);
Insert into SYSTEM.COMMENTS (ID,POST_ID,USER_ID,PARENT_COMMENT_ID,LIKE_COUNT,STATUS,CREATED_AT,UPDATED_AT,DELETED_AT) values (23,15,9,13,0,'DELETED',to_timestamp('26/06/08 12:47:45.661000000','RR/MM/DD HH24:MI:SSXFF'),to_timestamp('26/06/09 09:35:15.916000000','RR/MM/DD HH24:MI:SSXFF'),null);
Insert into SYSTEM.COMMENTS (ID,POST_ID,USER_ID,PARENT_COMMENT_ID,LIKE_COUNT,STATUS,CREATED_AT,UPDATED_AT,DELETED_AT) values (24,15,10,null,0,'DELETED',to_timestamp('26/06/08 12:49:01.299000000','RR/MM/DD HH24:MI:SSXFF'),to_timestamp('26/06/08 13:19:36.387000000','RR/MM/DD HH24:MI:SSXFF'),null);
Insert into SYSTEM.COMMENTS (ID,POST_ID,USER_ID,PARENT_COMMENT_ID,LIKE_COUNT,STATUS,CREATED_AT,UPDATED_AT,DELETED_AT) values (25,15,8,20,0,'DELETED',to_timestamp('26/06/08 12:54:19.210000000','RR/MM/DD HH24:MI:SSXFF'),to_timestamp('26/06/08 13:08:49.027000000','RR/MM/DD HH24:MI:SSXFF'),null);
Insert into SYSTEM.COMMENTS (ID,POST_ID,USER_ID,PARENT_COMMENT_ID,LIKE_COUNT,STATUS,CREATED_AT,UPDATED_AT,DELETED_AT) values (26,15,8,13,0,'DELETED',to_timestamp('26/06/08 13:08:56.602000000','RR/MM/DD HH24:MI:SSXFF'),to_timestamp('26/06/09 09:35:30.980000000','RR/MM/DD HH24:MI:SSXFF'),null);
Insert into SYSTEM.COMMENTS (ID,POST_ID,USER_ID,PARENT_COMMENT_ID,LIKE_COUNT,STATUS,CREATED_AT,UPDATED_AT,DELETED_AT) values (27,15,8,20,0,'DELETED',to_timestamp('26/06/08 13:09:02.900000000','RR/MM/DD HH24:MI:SSXFF'),to_timestamp('26/06/09 09:35:31.688000000','RR/MM/DD HH24:MI:SSXFF'),null);
Insert into SYSTEM.COMMENTS (ID,POST_ID,USER_ID,PARENT_COMMENT_ID,LIKE_COUNT,STATUS,CREATED_AT,UPDATED_AT,DELETED_AT) values (28,15,8,24,0,'DELETED',to_timestamp('26/06/08 13:09:09.067000000','RR/MM/DD HH24:MI:SSXFF'),to_timestamp('26/06/09 09:35:32.272000000','RR/MM/DD HH24:MI:SSXFF'),null);
Insert into SYSTEM.COMMENTS (ID,POST_ID,USER_ID,PARENT_COMMENT_ID,LIKE_COUNT,STATUS,CREATED_AT,UPDATED_AT,DELETED_AT) values (29,15,10,24,0,'DELETED',to_timestamp('26/06/08 13:16:17.844000000','RR/MM/DD HH24:MI:SSXFF'),to_timestamp('26/06/09 09:59:34.309000000','RR/MM/DD HH24:MI:SSXFF'),null);
Insert into SYSTEM.COMMENTS (ID,POST_ID,USER_ID,PARENT_COMMENT_ID,LIKE_COUNT,STATUS,CREATED_AT,UPDATED_AT,DELETED_AT) values (13,15,10,null,0,'DELETED',to_timestamp('26/06/05 17:05:47.400000000','RR/MM/DD HH24:MI:SSXFF'),to_timestamp('26/06/08 13:19:41.627000000','RR/MM/DD HH24:MI:SSXFF'),null);
Insert into SYSTEM.COMMENTS (ID,POST_ID,USER_ID,PARENT_COMMENT_ID,LIKE_COUNT,STATUS,CREATED_AT,UPDATED_AT,DELETED_AT) values (14,15,9,null,0,'DELETED',to_timestamp('26/06/05 17:46:04.380000000','RR/MM/DD HH24:MI:SSXFF'),to_timestamp('26/06/08 12:47:28.470000000','RR/MM/DD HH24:MI:SSXFF'),null);
Insert into SYSTEM.COMMENTS (ID,POST_ID,USER_ID,PARENT_COMMENT_ID,LIKE_COUNT,STATUS,CREATED_AT,UPDATED_AT,DELETED_AT) values (30,25,21,null,0,'PUBLISHED',to_timestamp('26/06/08 16:19:50.439000000','RR/MM/DD HH24:MI:SSXFF'),null,null);
Insert into SYSTEM.COMMENTS (ID,POST_ID,USER_ID,PARENT_COMMENT_ID,LIKE_COUNT,STATUS,CREATED_AT,UPDATED_AT,DELETED_AT) values (31,24,11,null,0,'PUBLISHED',to_timestamp('26/06/08 16:28:03.668000000','RR/MM/DD HH24:MI:SSXFF'),null,null);
Insert into SYSTEM.COMMENTS (ID,POST_ID,USER_ID,PARENT_COMMENT_ID,LIKE_COUNT,STATUS,CREATED_AT,UPDATED_AT,DELETED_AT) values (32,26,10,null,0,'PUBLISHED',to_timestamp('26/06/08 17:25:35.053000000','RR/MM/DD HH24:MI:SSXFF'),null,null);
Insert into SYSTEM.COMMENTS (ID,POST_ID,USER_ID,PARENT_COMMENT_ID,LIKE_COUNT,STATUS,CREATED_AT,UPDATED_AT,DELETED_AT) values (33,28,10,null,0,'PUBLISHED',to_timestamp('26/06/08 17:26:01.607000000','RR/MM/DD HH24:MI:SSXFF'),null,null);
Insert into SYSTEM.COMMENTS (ID,POST_ID,USER_ID,PARENT_COMMENT_ID,LIKE_COUNT,STATUS,CREATED_AT,UPDATED_AT,DELETED_AT) values (34,24,10,31,0,'PUBLISHED',to_timestamp('26/06/08 17:27:12.113000000','RR/MM/DD HH24:MI:SSXFF'),null,null);
Insert into SYSTEM.COMMENTS (ID,POST_ID,USER_ID,PARENT_COMMENT_ID,LIKE_COUNT,STATUS,CREATED_AT,UPDATED_AT,DELETED_AT) values (35,30,22,null,0,'PUBLISHED',to_timestamp('26/06/08 18:20:50.012000000','RR/MM/DD HH24:MI:SSXFF'),null,null);
Insert into SYSTEM.COMMENTS (ID,POST_ID,USER_ID,PARENT_COMMENT_ID,LIKE_COUNT,STATUS,CREATED_AT,UPDATED_AT,DELETED_AT) values (36,27,22,null,0,'PUBLISHED',to_timestamp('26/06/08 18:21:04.186000000','RR/MM/DD HH24:MI:SSXFF'),null,null);
Insert into SYSTEM.COMMENTS (ID,POST_ID,USER_ID,PARENT_COMMENT_ID,LIKE_COUNT,STATUS,CREATED_AT,UPDATED_AT,DELETED_AT) values (37,38,21,null,0,'PUBLISHED',to_timestamp('26/06/09 09:54:29.793000000','RR/MM/DD HH24:MI:SSXFF'),null,null);
Insert into SYSTEM.COMMENTS (ID,POST_ID,USER_ID,PARENT_COMMENT_ID,LIKE_COUNT,STATUS,CREATED_AT,UPDATED_AT,DELETED_AT) values (38,37,21,null,0,'PUBLISHED',to_timestamp('26/06/09 09:54:39.575000000','RR/MM/DD HH24:MI:SSXFF'),null,null);
Insert into SYSTEM.COMMENTS (ID,POST_ID,USER_ID,PARENT_COMMENT_ID,LIKE_COUNT,STATUS,CREATED_AT,UPDATED_AT,DELETED_AT) values (39,35,21,null,0,'PUBLISHED',to_timestamp('26/06/09 09:54:49.870000000','RR/MM/DD HH24:MI:SSXFF'),null,null);
Insert into SYSTEM.COMMENTS (ID,POST_ID,USER_ID,PARENT_COMMENT_ID,LIKE_COUNT,STATUS,CREATED_AT,UPDATED_AT,DELETED_AT) values (40,32,21,null,0,'PUBLISHED',to_timestamp('26/06/09 09:55:12.085000000','RR/MM/DD HH24:MI:SSXFF'),null,null);
Insert into SYSTEM.COMMENTS (ID,POST_ID,USER_ID,PARENT_COMMENT_ID,LIKE_COUNT,STATUS,CREATED_AT,UPDATED_AT,DELETED_AT) values (41,42,11,null,0,'PUBLISHED',to_timestamp('26/06/09 09:59:17.297000000','RR/MM/DD HH24:MI:SSXFF'),null,null);
Insert into SYSTEM.COMMENTS (ID,POST_ID,USER_ID,PARENT_COMMENT_ID,LIKE_COUNT,STATUS,CREATED_AT,UPDATED_AT,DELETED_AT) values (42,15,10,null,0,'PUBLISHED',to_timestamp('26/06/09 09:59:56.976000000','RR/MM/DD HH24:MI:SSXFF'),null,null);
Insert into SYSTEM.COMMENTS (ID,POST_ID,USER_ID,PARENT_COMMENT_ID,LIKE_COUNT,STATUS,CREATED_AT,UPDATED_AT,DELETED_AT) values (43,32,10,40,0,'PUBLISHED',to_timestamp('26/06/09 10:00:48.529000000','RR/MM/DD HH24:MI:SSXFF'),null,null);
Insert into SYSTEM.COMMENTS (ID,POST_ID,USER_ID,PARENT_COMMENT_ID,LIKE_COUNT,STATUS,CREATED_AT,UPDATED_AT,DELETED_AT) values (44,41,10,null,0,'PUBLISHED',to_timestamp('26/06/09 10:01:20.456000000','RR/MM/DD HH24:MI:SSXFF'),null,null);
Insert into SYSTEM.COMMENTS (ID,POST_ID,USER_ID,PARENT_COMMENT_ID,LIKE_COUNT,STATUS,CREATED_AT,UPDATED_AT,DELETED_AT) values (45,15,22,null,0,'PUBLISHED',to_timestamp('26/06/09 10:05:39.456000000','RR/MM/DD HH24:MI:SSXFF'),to_timestamp('26/06/09 10:05:43.335000000','RR/MM/DD HH24:MI:SSXFF'),null);
Insert into SYSTEM.COMMENTS (ID,POST_ID,USER_ID,PARENT_COMMENT_ID,LIKE_COUNT,STATUS,CREATED_AT,UPDATED_AT,DELETED_AT) values (46,43,22,null,0,'PUBLISHED',to_timestamp('26/06/09 10:10:00.396000000','RR/MM/DD HH24:MI:SSXFF'),null,null);
Insert into SYSTEM.COMMENTS (ID,POST_ID,USER_ID,PARENT_COMMENT_ID,LIKE_COUNT,STATUS,CREATED_AT,UPDATED_AT,DELETED_AT) values (47,15,28,null,0,'PUBLISHED',to_timestamp('26/06/09 11:15:12.810000000','RR/MM/DD HH24:MI:SSXFF'),null,null);
Insert into SYSTEM.COMMENTS (ID,POST_ID,USER_ID,PARENT_COMMENT_ID,LIKE_COUNT,STATUS,CREATED_AT,UPDATED_AT,DELETED_AT) values (48,43,11,46,0,'PUBLISHED',to_timestamp('26/06/09 11:31:34.411000000','RR/MM/DD HH24:MI:SSXFF'),to_timestamp('26/06/09 11:31:40.978000000','RR/MM/DD HH24:MI:SSXFF'),null);
Insert into SYSTEM.COMMENTS (ID,POST_ID,USER_ID,PARENT_COMMENT_ID,LIKE_COUNT,STATUS,CREATED_AT,UPDATED_AT,DELETED_AT) values (49,28,11,33,0,'PUBLISHED',to_timestamp('26/06/09 11:31:53.871000000','RR/MM/DD HH24:MI:SSXFF'),null,null);
Insert into SYSTEM.COMMENTS (ID,POST_ID,USER_ID,PARENT_COMMENT_ID,LIKE_COUNT,STATUS,CREATED_AT,UPDATED_AT,DELETED_AT) values (50,41,21,44,0,'PUBLISHED',to_timestamp('26/06/09 12:38:20.643000000','RR/MM/DD HH24:MI:SSXFF'),null,null);
Insert into SYSTEM.COMMENTS (ID,POST_ID,USER_ID,PARENT_COMMENT_ID,LIKE_COUNT,STATUS,CREATED_AT,UPDATED_AT,DELETED_AT) values (51,47,9,null,0,'DELETED',to_timestamp('26/06/09 14:01:41.859000000','RR/MM/DD HH24:MI:SSXFF'),to_timestamp('26/06/09 14:01:46.651000000','RR/MM/DD HH24:MI:SSXFF'),null);
Insert into SYSTEM.COMMENTS (ID,POST_ID,USER_ID,PARENT_COMMENT_ID,LIKE_COUNT,STATUS,CREATED_AT,UPDATED_AT,DELETED_AT) values (52,50,29,null,0,'PUBLISHED',to_timestamp('26/06/09 14:05:39.278000000','RR/MM/DD HH24:MI:SSXFF'),null,null);
Insert into SYSTEM.COMMENTS (ID,POST_ID,USER_ID,PARENT_COMMENT_ID,LIKE_COUNT,STATUS,CREATED_AT,UPDATED_AT,DELETED_AT) values (53,15,29,null,0,'PUBLISHED',to_timestamp('26/06/09 14:08:41.518000000','RR/MM/DD HH24:MI:SSXFF'),null,null);
REM INSERTING into SYSTEM.HASHTAGS
SET DEFINE OFF;
Insert into SYSTEM.HASHTAGS (ID,NAME,CREATED_AT) values (42,'리큐르',to_timestamp('26/06/08 09:33:10.962000000','RR/MM/DD HH24:MI:SSXFF'));
Insert into SYSTEM.HASHTAGS (ID,NAME,CREATED_AT) values (43,'하이볼',to_timestamp('26/06/08 09:33:10.967000000','RR/MM/DD HH24:MI:SSXFF'));
Insert into SYSTEM.HASHTAGS (ID,NAME,CREATED_AT) values (44,'칵테일',to_timestamp('26/06/08 09:33:10.970000000','RR/MM/DD HH24:MI:SSXFF'));
Insert into SYSTEM.HASHTAGS (ID,NAME,CREATED_AT) values (45,'키스미카시스',to_timestamp('26/06/08 10:10:38.926000000','RR/MM/DD HH24:MI:SSXFF'));
Insert into SYSTEM.HASHTAGS (ID,NAME,CREATED_AT) values (46,'데일리샷',to_timestamp('26/06/08 10:10:38.930000000','RR/MM/DD HH24:MI:SSXFF'));
Insert into SYSTEM.HASHTAGS (ID,NAME,CREATED_AT) values (47,'무제한칵테일',to_timestamp('26/06/08 16:12:26.838000000','RR/MM/DD HH24:MI:SSXFF'));
Insert into SYSTEM.HASHTAGS (ID,NAME,CREATED_AT) values (48,'그작소',to_timestamp('26/06/08 16:12:26.842000000','RR/MM/DD HH24:MI:SSXFF'));
Insert into SYSTEM.HASHTAGS (ID,NAME,CREATED_AT) values (49,'부평',to_timestamp('26/06/08 16:12:26.846000000','RR/MM/DD HH24:MI:SSXFF'));
Insert into SYSTEM.HASHTAGS (ID,NAME,CREATED_AT) values (50,'편맥',to_timestamp('26/06/08 16:19:25.414000000','RR/MM/DD HH24:MI:SSXFF'));
Insert into SYSTEM.HASHTAGS (ID,NAME,CREATED_AT) values (51,'편의점맥주',to_timestamp('26/06/08 16:19:25.420000000','RR/MM/DD HH24:MI:SSXFF'));
Insert into SYSTEM.HASHTAGS (ID,NAME,CREATED_AT) values (52,'버드와이저',to_timestamp('26/06/08 16:19:25.424000000','RR/MM/DD HH24:MI:SSXFF'));
Insert into SYSTEM.HASHTAGS (ID,NAME,CREATED_AT) values (53,'칸티',to_timestamp('26/06/08 16:26:01.892000000','RR/MM/DD HH24:MI:SSXFF'));
Insert into SYSTEM.HASHTAGS (ID,NAME,CREATED_AT) values (54,'모스카토',to_timestamp('26/06/08 16:26:01.897000000','RR/MM/DD HH24:MI:SSXFF'));
Insert into SYSTEM.HASHTAGS (ID,NAME,CREATED_AT) values (55,'닭발',to_timestamp('26/06/08 16:29:13.653000000','RR/MM/DD HH24:MI:SSXFF'));
Insert into SYSTEM.HASHTAGS (ID,NAME,CREATED_AT) values (56,'주먹밥',to_timestamp('26/06/08 16:29:13.657000000','RR/MM/DD HH24:MI:SSXFF'));
Insert into SYSTEM.HASHTAGS (ID,NAME,CREATED_AT) values (57,'야장',to_timestamp('26/06/08 17:23:10.334000000','RR/MM/DD HH24:MI:SSXFF'));
Insert into SYSTEM.HASHTAGS (ID,NAME,CREATED_AT) values (58,'백운역',to_timestamp('26/06/08 17:23:10.340000000','RR/MM/DD HH24:MI:SSXFF'));
Insert into SYSTEM.HASHTAGS (ID,NAME,CREATED_AT) values (59,'삼겹살',to_timestamp('26/06/08 17:23:10.344000000','RR/MM/DD HH24:MI:SSXFF'));
Insert into SYSTEM.HASHTAGS (ID,NAME,CREATED_AT) values (24,'주안',to_timestamp('26/06/05 12:35:29.732000000','RR/MM/DD HH24:MI:SSXFF'));
Insert into SYSTEM.HASHTAGS (ID,NAME,CREATED_AT) values (25,'인천',to_timestamp('26/06/05 12:35:29.738000000','RR/MM/DD HH24:MI:SSXFF'));
Insert into SYSTEM.HASHTAGS (ID,NAME,CREATED_AT) values (26,'이자카야',to_timestamp('26/06/05 12:35:29.741000000','RR/MM/DD HH24:MI:SSXFF'));
Insert into SYSTEM.HASHTAGS (ID,NAME,CREATED_AT) values (41,'일본',to_timestamp('26/06/08 09:33:10.954000000','RR/MM/DD HH24:MI:SSXFF'));
Insert into SYSTEM.HASHTAGS (ID,NAME,CREATED_AT) values (60,'쪽갈비',to_timestamp('26/06/08 17:24:53.802000000','RR/MM/DD HH24:MI:SSXFF'));
Insert into SYSTEM.HASHTAGS (ID,NAME,CREATED_AT) values (61,'구월동',to_timestamp('26/06/08 17:24:53.806000000','RR/MM/DD HH24:MI:SSXFF'));
Insert into SYSTEM.HASHTAGS (ID,NAME,CREATED_AT) values (62,'록갈비',to_timestamp('26/06/08 17:24:53.811000000','RR/MM/DD HH24:MI:SSXFF'));
Insert into SYSTEM.HASHTAGS (ID,NAME,CREATED_AT) values (63,'종각역',to_timestamp('26/06/08 17:27:01.803000000','RR/MM/DD HH24:MI:SSXFF'));
Insert into SYSTEM.HASHTAGS (ID,NAME,CREATED_AT) values (64,'종로',to_timestamp('26/06/08 17:27:01.806000000','RR/MM/DD HH24:MI:SSXFF'));
Insert into SYSTEM.HASHTAGS (ID,NAME,CREATED_AT) values (65,'동인천',to_timestamp('26/06/08 18:04:35.637000000','RR/MM/DD HH24:MI:SSXFF'));
Insert into SYSTEM.HASHTAGS (ID,NAME,CREATED_AT) values (66,'소래포구',to_timestamp('26/06/08 18:04:35.642000000','RR/MM/DD HH24:MI:SSXFF'));
Insert into SYSTEM.HASHTAGS (ID,NAME,CREATED_AT) values (67,'회',to_timestamp('26/06/08 18:04:35.646000000','RR/MM/DD HH24:MI:SSXFF'));
Insert into SYSTEM.HASHTAGS (ID,NAME,CREATED_AT) values (68,'쏙',to_timestamp('26/06/08 18:09:33.500000000','RR/MM/DD HH24:MI:SSXFF'));
Insert into SYSTEM.HASHTAGS (ID,NAME,CREATED_AT) values (69,'갯가재',to_timestamp('26/06/08 18:09:33.505000000','RR/MM/DD HH24:MI:SSXFF'));
Insert into SYSTEM.HASHTAGS (ID,NAME,CREATED_AT) values (70,'고바삭',to_timestamp('26/06/08 18:17:16.795000000','RR/MM/DD HH24:MI:SSXFF'));
Insert into SYSTEM.HASHTAGS (ID,NAME,CREATED_AT) values (71,'고추바사삭',to_timestamp('26/06/08 18:17:16.800000000','RR/MM/DD HH24:MI:SSXFF'));
Insert into SYSTEM.HASHTAGS (ID,NAME,CREATED_AT) values (72,'편육',to_timestamp('26/06/09 09:39:38.844000000','RR/MM/DD HH24:MI:SSXFF'));
Insert into SYSTEM.HASHTAGS (ID,NAME,CREATED_AT) values (73,'처음처럼',to_timestamp('26/06/09 09:39:38.851000000','RR/MM/DD HH24:MI:SSXFF'));
Insert into SYSTEM.HASHTAGS (ID,NAME,CREATED_AT) values (74,'편의점',to_timestamp('26/06/09 09:39:38.855000000','RR/MM/DD HH24:MI:SSXFF'));
Insert into SYSTEM.HASHTAGS (ID,NAME,CREATED_AT) values (75,'장수생막걸리',to_timestamp('26/06/09 09:40:42.599000000','RR/MM/DD HH24:MI:SSXFF'));
Insert into SYSTEM.HASHTAGS (ID,NAME,CREATED_AT) values (76,'막걸리',to_timestamp('26/06/09 09:40:42.607000000','RR/MM/DD HH24:MI:SSXFF'));
Insert into SYSTEM.HASHTAGS (ID,NAME,CREATED_AT) values (77,'아페롤스프리츠',to_timestamp('26/06/09 09:42:58.048000000','RR/MM/DD HH24:MI:SSXFF'));
Insert into SYSTEM.HASHTAGS (ID,NAME,CREATED_AT) values (78,'이탈리아',to_timestamp('26/06/09 09:42:58.052000000','RR/MM/DD HH24:MI:SSXFF'));
Insert into SYSTEM.HASHTAGS (ID,NAME,CREATED_AT) values (79,'식전주',to_timestamp('26/06/09 09:42:58.060000000','RR/MM/DD HH24:MI:SSXFF'));
Insert into SYSTEM.HASHTAGS (ID,NAME,CREATED_AT) values (80,'훈제막창',to_timestamp('26/06/09 09:45:58.538000000','RR/MM/DD HH24:MI:SSXFF'));
Insert into SYSTEM.HASHTAGS (ID,NAME,CREATED_AT) values (81,'새로',to_timestamp('26/06/09 09:45:58.541000000','RR/MM/DD HH24:MI:SSXFF'));
Insert into SYSTEM.HASHTAGS (ID,NAME,CREATED_AT) values (82,'동인천역',to_timestamp('26/06/09 09:48:00.351000000','RR/MM/DD HH24:MI:SSXFF'));
Insert into SYSTEM.HASHTAGS (ID,NAME,CREATED_AT) values (83,'개항로통닭',to_timestamp('26/06/09 09:48:00.355000000','RR/MM/DD HH24:MI:SSXFF'));
Insert into SYSTEM.HASHTAGS (ID,NAME,CREATED_AT) values (84,'인하대역',to_timestamp('26/06/09 09:50:26.706000000','RR/MM/DD HH24:MI:SSXFF'));
Insert into SYSTEM.HASHTAGS (ID,NAME,CREATED_AT) values (85,'넋넋',to_timestamp('26/06/09 09:50:26.709000000','RR/MM/DD HH24:MI:SSXFF'));
Insert into SYSTEM.HASHTAGS (ID,NAME,CREATED_AT) values (86,'수육전골',to_timestamp('26/06/09 09:50:26.711000000','RR/MM/DD HH24:MI:SSXFF'));
Insert into SYSTEM.HASHTAGS (ID,NAME,CREATED_AT) values (87,'곱창',to_timestamp('26/06/09 09:53:50.229000000','RR/MM/DD HH24:MI:SSXFF'));
Insert into SYSTEM.HASHTAGS (ID,NAME,CREATED_AT) values (88,'대창',to_timestamp('26/06/09 09:53:50.233000000','RR/MM/DD HH24:MI:SSXFF'));
Insert into SYSTEM.HASHTAGS (ID,NAME,CREATED_AT) values (89,'볶음밥',to_timestamp('26/06/09 09:53:50.263000000','RR/MM/DD HH24:MI:SSXFF'));
Insert into SYSTEM.HASHTAGS (ID,NAME,CREATED_AT) values (90,'영종도',to_timestamp('26/06/09 09:53:50.267000000','RR/MM/DD HH24:MI:SSXFF'));
Insert into SYSTEM.HASHTAGS (ID,NAME,CREATED_AT) values (91,'족발',to_timestamp('26/06/09 09:56:54.848000000','RR/MM/DD HH24:MI:SSXFF'));
Insert into SYSTEM.HASHTAGS (ID,NAME,CREATED_AT) values (92,'간석동',to_timestamp('26/06/09 09:56:54.852000000','RR/MM/DD HH24:MI:SSXFF'));
Insert into SYSTEM.HASHTAGS (ID,NAME,CREATED_AT) values (93,'간석시장',to_timestamp('26/06/09 09:56:54.856000000','RR/MM/DD HH24:MI:SSXFF'));
Insert into SYSTEM.HASHTAGS (ID,NAME,CREATED_AT) values (94,'쿠시노아',to_timestamp('26/06/09 09:58:45.398000000','RR/MM/DD HH24:MI:SSXFF'));
Insert into SYSTEM.HASHTAGS (ID,NAME,CREATED_AT) values (95,'오뎅바',to_timestamp('26/06/09 09:58:45.406000000','RR/MM/DD HH24:MI:SSXFF'));
Insert into SYSTEM.HASHTAGS (ID,NAME,CREATED_AT) values (96,'합정',to_timestamp('26/06/09 10:03:49.280000000','RR/MM/DD HH24:MI:SSXFF'));
Insert into SYSTEM.HASHTAGS (ID,NAME,CREATED_AT) values (97,'연어',to_timestamp('26/06/09 10:03:49.284000000','RR/MM/DD HH24:MI:SSXFF'));
Insert into SYSTEM.HASHTAGS (ID,NAME,CREATED_AT) values (98,'육사시미',to_timestamp('26/06/09 10:03:49.288000000','RR/MM/DD HH24:MI:SSXFF'));
Insert into SYSTEM.HASHTAGS (ID,NAME,CREATED_AT) values (99,'소라찜',to_timestamp('26/06/09 10:04:55.801000000','RR/MM/DD HH24:MI:SSXFF'));
Insert into SYSTEM.HASHTAGS (ID,NAME,CREATED_AT) values (100,'해삼',to_timestamp('26/06/09 10:04:55.804000000','RR/MM/DD HH24:MI:SSXFF'));
Insert into SYSTEM.HASHTAGS (ID,NAME,CREATED_AT) values (101,'매운탕',to_timestamp('26/06/09 10:04:55.807000000','RR/MM/DD HH24:MI:SSXFF'));
Insert into SYSTEM.HASHTAGS (ID,NAME,CREATED_AT) values (102,'오뎅',to_timestamp('26/06/09 11:16:15.084000000','RR/MM/DD HH24:MI:SSXFF'));
Insert into SYSTEM.HASHTAGS (ID,NAME,CREATED_AT) values (103,'어묵',to_timestamp('26/06/09 11:16:15.089000000','RR/MM/DD HH24:MI:SSXFF'));
Insert into SYSTEM.HASHTAGS (ID,NAME,CREATED_AT) values (104,'오꼬노미야끼',to_timestamp('26/06/09 11:16:15.092000000','RR/MM/DD HH24:MI:SSXFF'));
Insert into SYSTEM.HASHTAGS (ID,NAME,CREATED_AT) values (105,'해산물',to_timestamp('26/06/09 11:17:01.961000000','RR/MM/DD HH24:MI:SSXFF'));
Insert into SYSTEM.HASHTAGS (ID,NAME,CREATED_AT) values (106,'꼬치',to_timestamp('26/06/09 11:29:39.802000000','RR/MM/DD HH24:MI:SSXFF'));
Insert into SYSTEM.HASHTAGS (ID,NAME,CREATED_AT) values (107,'으흐흐\\',to_timestamp('26/06/09 14:02:48.182000000','RR/MM/DD HH24:MI:SSXFF'));
Insert into SYSTEM.HASHTAGS (ID,NAME,CREATED_AT) values (108,'혼술',to_timestamp('26/06/09 14:06:21.546000000','RR/MM/DD HH24:MI:SSXFF'));
REM INSERTING into SYSTEM.EMAIL_VERIFICATIONS
SET DEFINE OFF;
Insert into SYSTEM.EMAIL_VERIFICATIONS (ID,EMAIL,TOKEN,EXPIRES_AT,IS_USED,CREATED_AT) values (1,'kewiibird@gmail.com','797013',to_timestamp('26/06/01 17:14:13.186000000','RR/MM/DD HH24:MI:SSXFF'),0,to_timestamp('26/06/01 17:09:13.186000000','RR/MM/DD HH24:MI:SSXFF'));
Insert into SYSTEM.EMAIL_VERIFICATIONS (ID,EMAIL,TOKEN,EXPIRES_AT,IS_USED,CREATED_AT) values (2,'kewiibird@gmail.com','729856',to_timestamp('26/06/01 17:22:56.456000000','RR/MM/DD HH24:MI:SSXFF'),0,to_timestamp('26/06/01 17:17:56.456000000','RR/MM/DD HH24:MI:SSXFF'));
Insert into SYSTEM.EMAIL_VERIFICATIONS (ID,EMAIL,TOKEN,EXPIRES_AT,IS_USED,CREATED_AT) values (3,'kewiibird@gmail.com','312937',to_timestamp('26/06/01 17:25:37.983000000','RR/MM/DD HH24:MI:SSXFF'),0,to_timestamp('26/06/01 17:20:37.983000000','RR/MM/DD HH24:MI:SSXFF'));
Insert into SYSTEM.EMAIL_VERIFICATIONS (ID,EMAIL,TOKEN,EXPIRES_AT,IS_USED,CREATED_AT) values (4,'kewiibird@gmail.com','506496',to_timestamp('26/06/01 17:30:26.602000000','RR/MM/DD HH24:MI:SSXFF'),0,to_timestamp('26/06/01 17:25:26.602000000','RR/MM/DD HH24:MI:SSXFF'));
Insert into SYSTEM.EMAIL_VERIFICATIONS (ID,EMAIL,TOKEN,EXPIRES_AT,IS_USED,CREATED_AT) values (5,'kewiibird@gmail.com','320463',to_timestamp('26/06/01 17:31:29.071000000','RR/MM/DD HH24:MI:SSXFF'),0,to_timestamp('26/06/01 17:26:29.071000000','RR/MM/DD HH24:MI:SSXFF'));
Insert into SYSTEM.EMAIL_VERIFICATIONS (ID,EMAIL,TOKEN,EXPIRES_AT,IS_USED,CREATED_AT) values (6,'kewiibird@gmail.com','698663',to_timestamp('26/06/01 17:34:20.279000000','RR/MM/DD HH24:MI:SSXFF'),0,to_timestamp('26/06/01 17:29:20.279000000','RR/MM/DD HH24:MI:SSXFF'));
Insert into SYSTEM.EMAIL_VERIFICATIONS (ID,EMAIL,TOKEN,EXPIRES_AT,IS_USED,CREATED_AT) values (7,'kewiibird@gmail.com','880861',to_timestamp('26/06/01 17:36:20.583000000','RR/MM/DD HH24:MI:SSXFF'),0,to_timestamp('26/06/01 17:31:20.583000000','RR/MM/DD HH24:MI:SSXFF'));
Insert into SYSTEM.EMAIL_VERIFICATIONS (ID,EMAIL,TOKEN,EXPIRES_AT,IS_USED,CREATED_AT) values (8,'kewiibird@gmail.com','369510',to_timestamp('26/06/01 17:39:16.471000000','RR/MM/DD HH24:MI:SSXFF'),0,to_timestamp('26/06/01 17:34:16.471000000','RR/MM/DD HH24:MI:SSXFF'));
Insert into SYSTEM.EMAIL_VERIFICATIONS (ID,EMAIL,TOKEN,EXPIRES_AT,IS_USED,CREATED_AT) values (9,'kewiibird@gmail.com','813881',to_timestamp('26/06/01 17:46:13.591000000','RR/MM/DD HH24:MI:SSXFF'),1,to_timestamp('26/06/01 17:41:13.591000000','RR/MM/DD HH24:MI:SSXFF'));
Insert into SYSTEM.EMAIL_VERIFICATIONS (ID,EMAIL,TOKEN,EXPIRES_AT,IS_USED,CREATED_AT) values (10,'kewiibird@gmail.com','533802',to_timestamp('26/06/01 17:51:17.631000000','RR/MM/DD HH24:MI:SSXFF'),1,to_timestamp('26/06/01 17:46:17.631000000','RR/MM/DD HH24:MI:SSXFF'));
Insert into SYSTEM.EMAIL_VERIFICATIONS (ID,EMAIL,TOKEN,EXPIRES_AT,IS_USED,CREATED_AT) values (11,'kewiibird@gmail.com','901054',to_timestamp('26/06/01 17:56:06.174000000','RR/MM/DD HH24:MI:SSXFF'),1,to_timestamp('26/06/01 17:51:06.174000000','RR/MM/DD HH24:MI:SSXFF'));
Insert into SYSTEM.EMAIL_VERIFICATIONS (ID,EMAIL,TOKEN,EXPIRES_AT,IS_USED,CREATED_AT) values (12,'sj_int03@naver.com','167168',to_timestamp('26/06/01 18:04:23.188000000','RR/MM/DD HH24:MI:SSXFF'),1,to_timestamp('26/06/01 17:59:23.188000000','RR/MM/DD HH24:MI:SSXFF'));
Insert into SYSTEM.EMAIL_VERIFICATIONS (ID,EMAIL,TOKEN,EXPIRES_AT,IS_USED,CREATED_AT) values (13,'kewiibird@gmail.com','324429',to_timestamp('26/06/01 19:30:36.037000000','RR/MM/DD HH24:MI:SSXFF'),1,to_timestamp('26/06/01 19:25:36.037000000','RR/MM/DD HH24:MI:SSXFF'));
Insert into SYSTEM.EMAIL_VERIFICATIONS (ID,EMAIL,TOKEN,EXPIRES_AT,IS_USED,CREATED_AT) values (14,'kewiibird@gmail.com','999553',to_timestamp('26/06/02 09:49:29.558000000','RR/MM/DD HH24:MI:SSXFF'),1,to_timestamp('26/06/02 09:44:29.558000000','RR/MM/DD HH24:MI:SSXFF'));
Insert into SYSTEM.EMAIL_VERIFICATIONS (ID,EMAIL,TOKEN,EXPIRES_AT,IS_USED,CREATED_AT) values (21,'seeLim68@gmail.com','183423',to_timestamp('26/06/09 11:00:34.021000000','RR/MM/DD HH24:MI:SSXFF'),1,to_timestamp('26/06/09 10:55:34.021000000','RR/MM/DD HH24:MI:SSXFF'));
Insert into SYSTEM.EMAIL_VERIFICATIONS (ID,EMAIL,TOKEN,EXPIRES_AT,IS_USED,CREATED_AT) values (22,'seeLim68@gmail.com','957574',to_timestamp('26/06/09 11:03:52.573000000','RR/MM/DD HH24:MI:SSXFF'),1,to_timestamp('26/06/09 10:58:52.573000000','RR/MM/DD HH24:MI:SSXFF'));
Insert into SYSTEM.EMAIL_VERIFICATIONS (ID,EMAIL,TOKEN,EXPIRES_AT,IS_USED,CREATED_AT) values (23,'seeLim68@gmail.com','787151',to_timestamp('26/06/09 11:06:08.605000000','RR/MM/DD HH24:MI:SSXFF'),1,to_timestamp('26/06/09 11:01:08.605000000','RR/MM/DD HH24:MI:SSXFF'));
Insert into SYSTEM.EMAIL_VERIFICATIONS (ID,EMAIL,TOKEN,EXPIRES_AT,IS_USED,CREATED_AT) values (24,'seeLim68@gmail.com','203098',to_timestamp('26/06/09 11:10:37.764000000','RR/MM/DD HH24:MI:SSXFF'),1,to_timestamp('26/06/09 11:05:37.764000000','RR/MM/DD HH24:MI:SSXFF'));
Insert into SYSTEM.EMAIL_VERIFICATIONS (ID,EMAIL,TOKEN,EXPIRES_AT,IS_USED,CREATED_AT) values (25,'seeLim68@gmail.com','326241',to_timestamp('26/06/09 11:18:17.345000000','RR/MM/DD HH24:MI:SSXFF'),1,to_timestamp('26/06/09 11:13:17.345000000','RR/MM/DD HH24:MI:SSXFF'));
Insert into SYSTEM.EMAIL_VERIFICATIONS (ID,EMAIL,TOKEN,EXPIRES_AT,IS_USED,CREATED_AT) values (26,'sosk1262@gmail.com','573153',to_timestamp('26/06/09 14:09:05.953000000','RR/MM/DD HH24:MI:SSXFF'),1,to_timestamp('26/06/09 14:04:05.953000000','RR/MM/DD HH24:MI:SSXFF'));
REM INSERTING into SYSTEM.REPORTS
SET DEFINE OFF;
REM INSERTING into SYSTEM.SCRAPS
SET DEFINE OFF;
Insert into SYSTEM.SCRAPS (ID,USER_ID,POST_ID,CREATED_AT) values (7,11,15,to_timestamp('26/06/05 13:21:28.419000000','RR/MM/DD HH24:MI:SSXFF'));
Insert into SYSTEM.SCRAPS (ID,USER_ID,POST_ID,CREATED_AT) values (14,9,15,to_timestamp('26/06/05 18:01:31.724000000','RR/MM/DD HH24:MI:SSXFF'));
Insert into SYSTEM.SCRAPS (ID,USER_ID,POST_ID,CREATED_AT) values (16,11,27,to_timestamp('26/06/08 16:27:38.743000000','RR/MM/DD HH24:MI:SSXFF'));
Insert into SYSTEM.SCRAPS (ID,USER_ID,POST_ID,CREATED_AT) values (15,10,15,to_timestamp('26/06/08 13:42:17.218000000','RR/MM/DD HH24:MI:SSXFF'));
Insert into SYSTEM.SCRAPS (ID,USER_ID,POST_ID,CREATED_AT) values (17,11,24,to_timestamp('26/06/08 16:27:41.413000000','RR/MM/DD HH24:MI:SSXFF'));
Insert into SYSTEM.SCRAPS (ID,USER_ID,POST_ID,CREATED_AT) values (18,10,27,to_timestamp('26/06/08 17:33:18.069000000','RR/MM/DD HH24:MI:SSXFF'));
Insert into SYSTEM.SCRAPS (ID,USER_ID,POST_ID,CREATED_AT) values (19,10,25,to_timestamp('26/06/08 17:33:23.066000000','RR/MM/DD HH24:MI:SSXFF'));
Insert into SYSTEM.SCRAPS (ID,USER_ID,POST_ID,CREATED_AT) values (20,10,42,to_timestamp('26/06/09 10:00:59.789000000','RR/MM/DD HH24:MI:SSXFF'));
Insert into SYSTEM.SCRAPS (ID,USER_ID,POST_ID,CREATED_AT) values (21,22,43,to_timestamp('26/06/09 10:09:42.807000000','RR/MM/DD HH24:MI:SSXFF'));
Insert into SYSTEM.SCRAPS (ID,USER_ID,POST_ID,CREATED_AT) values (22,28,46,to_timestamp('26/06/09 11:27:31.366000000','RR/MM/DD HH24:MI:SSXFF'));
Insert into SYSTEM.SCRAPS (ID,USER_ID,POST_ID,CREATED_AT) values (23,28,45,to_timestamp('26/06/09 11:27:33.433000000','RR/MM/DD HH24:MI:SSXFF'));
Insert into SYSTEM.SCRAPS (ID,USER_ID,POST_ID,CREATED_AT) values (24,28,44,to_timestamp('26/06/09 11:27:35.113000000','RR/MM/DD HH24:MI:SSXFF'));
Insert into SYSTEM.SCRAPS (ID,USER_ID,POST_ID,CREATED_AT) values (25,28,43,to_timestamp('26/06/09 11:27:36.961000000','RR/MM/DD HH24:MI:SSXFF'));
Insert into SYSTEM.SCRAPS (ID,USER_ID,POST_ID,CREATED_AT) values (26,28,42,to_timestamp('26/06/09 11:27:41.155000000','RR/MM/DD HH24:MI:SSXFF'));
Insert into SYSTEM.SCRAPS (ID,USER_ID,POST_ID,CREATED_AT) values (27,28,41,to_timestamp('26/06/09 11:27:42.924000000','RR/MM/DD HH24:MI:SSXFF'));
Insert into SYSTEM.SCRAPS (ID,USER_ID,POST_ID,CREATED_AT) values (28,28,39,to_timestamp('26/06/09 11:27:48.818000000','RR/MM/DD HH24:MI:SSXFF'));
Insert into SYSTEM.SCRAPS (ID,USER_ID,POST_ID,CREATED_AT) values (32,9,44,to_timestamp('26/06/09 12:19:46.453000000','RR/MM/DD HH24:MI:SSXFF'));
Insert into SYSTEM.SCRAPS (ID,USER_ID,POST_ID,CREATED_AT) values (30,9,46,to_timestamp('26/06/09 12:19:43.431000000','RR/MM/DD HH24:MI:SSXFF'));
Insert into SYSTEM.SCRAPS (ID,USER_ID,POST_ID,CREATED_AT) values (31,9,45,to_timestamp('26/06/09 12:19:45.277000000','RR/MM/DD HH24:MI:SSXFF'));
Insert into SYSTEM.SCRAPS (ID,USER_ID,POST_ID,CREATED_AT) values (33,9,43,to_timestamp('26/06/09 12:19:47.693000000','RR/MM/DD HH24:MI:SSXFF'));
Insert into SYSTEM.SCRAPS (ID,USER_ID,POST_ID,CREATED_AT) values (34,9,25,to_timestamp('26/06/09 12:19:49.740000000','RR/MM/DD HH24:MI:SSXFF'));
Insert into SYSTEM.SCRAPS (ID,USER_ID,POST_ID,CREATED_AT) values (35,9,24,to_timestamp('26/06/09 12:19:53.161000000','RR/MM/DD HH24:MI:SSXFF'));
Insert into SYSTEM.SCRAPS (ID,USER_ID,POST_ID,CREATED_AT) values (36,9,41,to_timestamp('26/06/09 12:20:04.518000000','RR/MM/DD HH24:MI:SSXFF'));
Insert into SYSTEM.SCRAPS (ID,USER_ID,POST_ID,CREATED_AT) values (37,9,38,to_timestamp('26/06/09 12:20:08.131000000','RR/MM/DD HH24:MI:SSXFF'));
Insert into SYSTEM.SCRAPS (ID,USER_ID,POST_ID,CREATED_AT) values (38,9,39,to_timestamp('26/06/09 12:20:08.917000000','RR/MM/DD HH24:MI:SSXFF'));
Insert into SYSTEM.SCRAPS (ID,USER_ID,POST_ID,CREATED_AT) values (39,9,37,to_timestamp('26/06/09 12:20:11.686000000','RR/MM/DD HH24:MI:SSXFF'));
Insert into SYSTEM.SCRAPS (ID,USER_ID,POST_ID,CREATED_AT) values (40,9,33,to_timestamp('26/06/09 12:20:15.846000000','RR/MM/DD HH24:MI:SSXFF'));
Insert into SYSTEM.SCRAPS (ID,USER_ID,POST_ID,CREATED_AT) values (41,9,32,to_timestamp('26/06/09 12:20:18.974000000','RR/MM/DD HH24:MI:SSXFF'));
Insert into SYSTEM.SCRAPS (ID,USER_ID,POST_ID,CREATED_AT) values (42,9,31,to_timestamp('26/06/09 12:20:20.556000000','RR/MM/DD HH24:MI:SSXFF'));
Insert into SYSTEM.SCRAPS (ID,USER_ID,POST_ID,CREATED_AT) values (43,9,30,to_timestamp('26/06/09 12:20:22.014000000','RR/MM/DD HH24:MI:SSXFF'));
Insert into SYSTEM.SCRAPS (ID,USER_ID,POST_ID,CREATED_AT) values (44,9,28,to_timestamp('26/06/09 12:20:23.125000000','RR/MM/DD HH24:MI:SSXFF'));
Insert into SYSTEM.SCRAPS (ID,USER_ID,POST_ID,CREATED_AT) values (45,9,26,to_timestamp('26/06/09 12:20:26.896000000','RR/MM/DD HH24:MI:SSXFF'));
Insert into SYSTEM.SCRAPS (ID,USER_ID,POST_ID,CREATED_AT) values (46,21,45,to_timestamp('26/06/09 12:35:30.295000000','RR/MM/DD HH24:MI:SSXFF'));
Insert into SYSTEM.SCRAPS (ID,USER_ID,POST_ID,CREATED_AT) values (47,21,43,to_timestamp('26/06/09 12:35:35.961000000','RR/MM/DD HH24:MI:SSXFF'));
Insert into SYSTEM.SCRAPS (ID,USER_ID,POST_ID,CREATED_AT) values (48,21,42,to_timestamp('26/06/09 12:35:38.300000000','RR/MM/DD HH24:MI:SSXFF'));
Insert into SYSTEM.SCRAPS (ID,USER_ID,POST_ID,CREATED_AT) values (49,21,40,to_timestamp('26/06/09 12:35:41.565000000','RR/MM/DD HH24:MI:SSXFF'));
Insert into SYSTEM.SCRAPS (ID,USER_ID,POST_ID,CREATED_AT) values (50,21,39,to_timestamp('26/06/09 12:35:42.188000000','RR/MM/DD HH24:MI:SSXFF'));
Insert into SYSTEM.SCRAPS (ID,USER_ID,POST_ID,CREATED_AT) values (51,21,35,to_timestamp('26/06/09 12:35:48.821000000','RR/MM/DD HH24:MI:SSXFF'));
Insert into SYSTEM.SCRAPS (ID,USER_ID,POST_ID,CREATED_AT) values (52,21,31,to_timestamp('26/06/09 12:35:51.603000000','RR/MM/DD HH24:MI:SSXFF'));
Insert into SYSTEM.SCRAPS (ID,USER_ID,POST_ID,CREATED_AT) values (53,21,30,to_timestamp('26/06/09 12:35:52.677000000','RR/MM/DD HH24:MI:SSXFF'));
Insert into SYSTEM.SCRAPS (ID,USER_ID,POST_ID,CREATED_AT) values (54,21,25,to_timestamp('26/06/09 12:35:57.228000000','RR/MM/DD HH24:MI:SSXFF'));
Insert into SYSTEM.SCRAPS (ID,USER_ID,POST_ID,CREATED_AT) values (55,21,24,to_timestamp('26/06/09 12:36:00.684000000','RR/MM/DD HH24:MI:SSXFF'));
Insert into SYSTEM.SCRAPS (ID,USER_ID,POST_ID,CREATED_AT) values (56,9,47,to_timestamp('26/06/09 14:01:37.773000000','RR/MM/DD HH24:MI:SSXFF'));
REM INSERTING into SYSTEM.USER_BLOCKS
SET DEFINE OFF;
REM INSERTING into SYSTEM.USERS
SET DEFINE OFF;
Insert into SYSTEM.USERS (ID,EMAIL,PASSWORD,PROVIDER,PROVIDER_ID,NICKNAME,PROFILE_IMAGE,BIO,ROLE,STATUS,EMAIL_VERIFIED,LAST_LOGIN_AT,CREATED_AT,UPDATED_AT,DELETED_AT,BIRTH_DATE) values (10,'kakao_4925544312@kakao.com',null,'KAKAO','4925544312','잔너머요','http://localhost:3010/uploads/1780972375707-profile-KakaoTalk_20260605_121547152_11.jpg','안녕하세요 잔너머 입니다!','USER','ACTIVE',1,to_timestamp('26/06/09 12:41:38.167000000','RR/MM/DD HH24:MI:SSXFF'),to_timestamp('26/06/02 10:52:44.205000000','RR/MM/DD HH24:MI:SSXFF'),to_timestamp('26/06/09 11:32:55.743000000','RR/MM/DD HH24:MI:SSXFF'),null,to_date('03/01/04','RR/MM/DD'));
Insert into SYSTEM.USERS (ID,EMAIL,PASSWORD,PROVIDER,PROVIDER_ID,NICKNAME,PROFILE_IMAGE,BIO,ROLE,STATUS,EMAIL_VERIFIED,LAST_LOGIN_AT,CREATED_AT,UPDATED_AT,DELETED_AT,BIRTH_DATE) values (8,'fktkr001@gmail.com',null,'GOOGLE','103390485686974978945','라삭무라이','http://localhost:3010/uploads/1780564369382-profile-KakaoTalk_20260527_140056183.jpg','소통해요~','USER','ACTIVE',1,to_timestamp('26/06/09 09:40:52.130000000','RR/MM/DD HH24:MI:SSXFF'),to_timestamp('26/06/02 09:43:25.877000000','RR/MM/DD HH24:MI:SSXFF'),to_timestamp('26/06/04 18:12:49.418000000','RR/MM/DD HH24:MI:SSXFF'),null,to_date('03/01/04','RR/MM/DD'));
Insert into SYSTEM.USERS (ID,EMAIL,PASSWORD,PROVIDER,PROVIDER_ID,NICKNAME,PROFILE_IMAGE,BIO,ROLE,STATUS,EMAIL_VERIFIED,LAST_LOGIN_AT,CREATED_AT,UPDATED_AT,DELETED_AT,BIRTH_DATE) values (11,'dighqk@gmail.com',null,'NAVER','_Z3AreWgXbEtBshC1lPVELtm6iUH8bwKh_YgNsjObME','보송해','https://phinf.pstatic.net/contact/20251001_202/1759325769157yr1kr_GIF/i013493992293.gif',null,'USER','DELETED',1,to_timestamp('26/06/09 11:31:01.650000000','RR/MM/DD HH24:MI:SSXFF'),to_timestamp('26/06/02 11:01:21.232000000','RR/MM/DD HH24:MI:SSXFF'),null,to_timestamp('26/06/09 11:32:11.990000000','RR/MM/DD HH24:MI:SSXFF'),to_date('03/01/04','RR/MM/DD'));
Insert into SYSTEM.USERS (ID,EMAIL,PASSWORD,PROVIDER,PROVIDER_ID,NICKNAME,PROFILE_IMAGE,BIO,ROLE,STATUS,EMAIL_VERIFIED,LAST_LOGIN_AT,CREATED_AT,UPDATED_AT,DELETED_AT,BIRTH_DATE) values (9,'kewiibird@gmail.com','$2b$10$lrjOA34FXPjoRJ2R7pYk8ebsi4mD3cx30vegK6/wHsFYr6a2gKk.6','LOCAL','kewiibird@gmail.com','키위새','http://localhost:3010/uploads/1780902107066-profile-pngtree-new-zealand-kiwi-bird-png-image_20927632.png','안뇽안뇽 나 키위새 아니다','USER','ACTIVE',1,to_timestamp('26/06/09 15:48:17.948000000','RR/MM/DD HH24:MI:SSXFF'),to_timestamp('26/06/02 09:45:51.695000000','RR/MM/DD HH24:MI:SSXFF'),to_timestamp('26/06/09 14:03:16.470000000','RR/MM/DD HH24:MI:SSXFF'),null,to_date('03/01/04','RR/MM/DD'));
Insert into SYSTEM.USERS (ID,EMAIL,PASSWORD,PROVIDER,PROVIDER_ID,NICKNAME,PROFILE_IMAGE,BIO,ROLE,STATUS,EMAIL_VERIFIED,LAST_LOGIN_AT,CREATED_AT,UPDATED_AT,DELETED_AT,BIRTH_DATE) values (21,'sjint0426@gmail.com',null,'GOOGLE','101872333455857273929','주댕치','http://localhost:3010/uploads/1780903051653-profile-주댕치bc8fcb06b.jpg','안녕하세요~','USER','ACTIVE',1,to_timestamp('26/06/09 12:35:04.604000000','RR/MM/DD HH24:MI:SSXFF'),to_timestamp('26/06/08 16:16:49.106000000','RR/MM/DD HH24:MI:SSXFF'),to_timestamp('26/06/09 12:37:27.196000000','RR/MM/DD HH24:MI:SSXFF'),null,to_date('03/01/04','RR/MM/DD'));
Insert into SYSTEM.USERS (ID,EMAIL,PASSWORD,PROVIDER,PROVIDER_ID,NICKNAME,PROFILE_IMAGE,BIO,ROLE,STATUS,EMAIL_VERIFIED,LAST_LOGIN_AT,CREATED_AT,UPDATED_AT,DELETED_AT,BIRTH_DATE) values (22,'sjint04@naver.com',null,'NAVER','NbKmgX1M_I1GiQJlRQrJetvCw1gzmyNlznlh3ZSejMU','꿈나무','http://localhost:3010/uploads/1780909579851-profile-03735e0833b83171b3f438bb0ce6c496.jpg','해산물 조아요!','USER','ACTIVE',1,to_timestamp('26/06/09 10:01:46.173000000','RR/MM/DD HH24:MI:SSXFF'),to_timestamp('26/06/08 17:46:29.317000000','RR/MM/DD HH24:MI:SSXFF'),to_timestamp('26/06/08 18:06:19.873000000','RR/MM/DD HH24:MI:SSXFF'),null,to_date('03/01/04','RR/MM/DD'));
Insert into SYSTEM.USERS (ID,EMAIL,PASSWORD,PROVIDER,PROVIDER_ID,NICKNAME,PROFILE_IMAGE,BIO,ROLE,STATUS,EMAIL_VERIFIED,LAST_LOGIN_AT,CREATED_AT,UPDATED_AT,DELETED_AT,BIRTH_DATE) values (28,'seeLim68@gmail.com','$2b$10$Lwov7CK/m/qeNthykEfJxOKZj9cNMyxyTQ5q/Kr1vx9I8DQk0A556','LOCAL','seeLim68@gmail.com','잔너머','http://localhost:3010/uploads/1780971477880-profile-KakaoTalk_20260605_121547152_16.jpg',null,'USER','ACTIVE',1,to_timestamp('26/06/09 11:14:18.618000000','RR/MM/DD HH24:MI:SSXFF'),to_timestamp('26/06/09 11:14:06.862000000','RR/MM/DD HH24:MI:SSXFF'),to_timestamp('26/06/09 11:20:25.389000000','RR/MM/DD HH24:MI:SSXFF'),null,to_date('03/01/04','RR/MM/DD'));
Insert into SYSTEM.USERS (ID,EMAIL,PASSWORD,PROVIDER,PROVIDER_ID,NICKNAME,PROFILE_IMAGE,BIO,ROLE,STATUS,EMAIL_VERIFIED,LAST_LOGIN_AT,CREATED_AT,UPDATED_AT,DELETED_AT,BIRTH_DATE) values (29,'sosk1262@gmail.com','$2b$10$s2xBKlVaWCkkFvPwCWepaucL7TprEXYWXBLfT6awQKrhFLtxaZGvu','LOCAL','sosk1262@gmail.com','오리깨객','http://localhost:3010/uploads/1780981563588-profile-KakaoTalk_20260423_135000613.png',null,'USER','ACTIVE',1,to_timestamp('26/06/09 14:05:25.834000000','RR/MM/DD HH24:MI:SSXFF'),to_timestamp('26/06/09 14:05:14.662000000','RR/MM/DD HH24:MI:SSXFF'),to_timestamp('26/06/09 14:06:03.599000000','RR/MM/DD HH24:MI:SSXFF'),null,to_date('03/10/02','RR/MM/DD'));
--------------------------------------------------------
--  DDL for Index SYS_C008500
--------------------------------------------------------

  CREATE UNIQUE INDEX "SYSTEM"."SYS_C008500" ON "SYSTEM"."LOGIN_HISTORY" ("ID") 
  PCTFREE 10 INITRANS 2 MAXTRANS 255 
  STORAGE(INITIAL 65536 NEXT 1048576 MINEXTENTS 1 MAXEXTENTS 2147483645
  PCTINCREASE 0 FREELISTS 1 FREELIST GROUPS 1
  BUFFER_POOL DEFAULT FLASH_CACHE DEFAULT CELL_FLASH_CACHE DEFAULT)
  TABLESPACE "SYSTEM" ;
--------------------------------------------------------
--  DDL for Index IDX_NOTI_USER
--------------------------------------------------------

  CREATE INDEX "SYSTEM"."IDX_NOTI_USER" ON "SYSTEM"."NOTIFICATIONS" ("USER_ID") 
  PCTFREE 10 INITRANS 2 MAXTRANS 255 COMPUTE STATISTICS 
  STORAGE(INITIAL 65536 NEXT 1048576 MINEXTENTS 1 MAXEXTENTS 2147483645
  PCTINCREASE 0 FREELISTS 1 FREELIST GROUPS 1
  BUFFER_POOL DEFAULT FLASH_CACHE DEFAULT CELL_FLASH_CACHE DEFAULT)
  TABLESPACE "SYSTEM" ;
--------------------------------------------------------
--  DDL for Index IDX_NOTI_READ
--------------------------------------------------------

  CREATE INDEX "SYSTEM"."IDX_NOTI_READ" ON "SYSTEM"."NOTIFICATIONS" ("IS_READ") 
  PCTFREE 10 INITRANS 2 MAXTRANS 255 COMPUTE STATISTICS 
  STORAGE(INITIAL 65536 NEXT 1048576 MINEXTENTS 1 MAXEXTENTS 2147483645
  PCTINCREASE 0 FREELISTS 1 FREELIST GROUPS 1
  BUFFER_POOL DEFAULT FLASH_CACHE DEFAULT CELL_FLASH_CACHE DEFAULT)
  TABLESPACE "SYSTEM" ;
--------------------------------------------------------
--  DDL for Index SYS_C008485
--------------------------------------------------------

  CREATE UNIQUE INDEX "SYSTEM"."SYS_C008485" ON "SYSTEM"."NOTIFICATIONS" ("NOTIFICATION_ID") 
  PCTFREE 10 INITRANS 2 MAXTRANS 255 
  STORAGE(INITIAL 65536 NEXT 1048576 MINEXTENTS 1 MAXEXTENTS 2147483645
  PCTINCREASE 0 FREELISTS 1 FREELIST GROUPS 1
  BUFFER_POOL DEFAULT FLASH_CACHE DEFAULT CELL_FLASH_CACHE DEFAULT)
  TABLESPACE "SYSTEM" ;
--------------------------------------------------------
--  DDL for Index SYS_C008493
--------------------------------------------------------

  CREATE UNIQUE INDEX "SYSTEM"."SYS_C008493" ON "SYSTEM"."REFRESH_TOKENS" ("REFRESH_TOKEN_ID") 
  PCTFREE 10 INITRANS 2 MAXTRANS 255 
  STORAGE(INITIAL 65536 NEXT 1048576 MINEXTENTS 1 MAXEXTENTS 2147483645
  PCTINCREASE 0 FREELISTS 1 FREELIST GROUPS 1
  BUFFER_POOL DEFAULT FLASH_CACHE DEFAULT CELL_FLASH_CACHE DEFAULT)
  TABLESPACE "SYSTEM" ;
--------------------------------------------------------
--  DDL for Index UQ_REFRESH_TOKEN
--------------------------------------------------------

  CREATE UNIQUE INDEX "SYSTEM"."UQ_REFRESH_TOKEN" ON "SYSTEM"."REFRESH_TOKENS" ("REFRESH_TOKEN") 
  PCTFREE 10 INITRANS 2 MAXTRANS 255 
  STORAGE(INITIAL 65536 NEXT 1048576 MINEXTENTS 1 MAXEXTENTS 2147483645
  PCTINCREASE 0 FREELISTS 1 FREELIST GROUPS 1
  BUFFER_POOL DEFAULT FLASH_CACHE DEFAULT CELL_FLASH_CACHE DEFAULT)
  TABLESPACE "SYSTEM" ;
--------------------------------------------------------
--  DDL for Index IDX_LIKES_POST
--------------------------------------------------------

  CREATE INDEX "SYSTEM"."IDX_LIKES_POST" ON "SYSTEM"."LIKES" ("POST_ID") 
  PCTFREE 10 INITRANS 2 MAXTRANS 255 COMPUTE STATISTICS 
  STORAGE(INITIAL 65536 NEXT 1048576 MINEXTENTS 1 MAXEXTENTS 2147483645
  PCTINCREASE 0 FREELISTS 1 FREELIST GROUPS 1
  BUFFER_POOL DEFAULT FLASH_CACHE DEFAULT CELL_FLASH_CACHE DEFAULT)
  TABLESPACE "SYSTEM" ;
--------------------------------------------------------
--  DDL for Index IDX_LIKES_USER
--------------------------------------------------------

  CREATE INDEX "SYSTEM"."IDX_LIKES_USER" ON "SYSTEM"."LIKES" ("USER_ID") 
  PCTFREE 10 INITRANS 2 MAXTRANS 255 COMPUTE STATISTICS 
  STORAGE(INITIAL 65536 NEXT 1048576 MINEXTENTS 1 MAXEXTENTS 2147483645
  PCTINCREASE 0 FREELISTS 1 FREELIST GROUPS 1
  BUFFER_POOL DEFAULT FLASH_CACHE DEFAULT CELL_FLASH_CACHE DEFAULT)
  TABLESPACE "SYSTEM" ;
--------------------------------------------------------
--  DDL for Index SYS_C008461
--------------------------------------------------------

  CREATE UNIQUE INDEX "SYSTEM"."SYS_C008461" ON "SYSTEM"."LIKES" ("ID") 
  PCTFREE 10 INITRANS 2 MAXTRANS 255 
  STORAGE(INITIAL 65536 NEXT 1048576 MINEXTENTS 1 MAXEXTENTS 2147483645
  PCTINCREASE 0 FREELISTS 1 FREELIST GROUPS 1
  BUFFER_POOL DEFAULT FLASH_CACHE DEFAULT CELL_FLASH_CACHE DEFAULT)
  TABLESPACE "SYSTEM" ;
--------------------------------------------------------
--  DDL for Index UQ_LIKES
--------------------------------------------------------

  CREATE UNIQUE INDEX "SYSTEM"."UQ_LIKES" ON "SYSTEM"."LIKES" ("USER_ID", "POST_ID") 
  PCTFREE 10 INITRANS 2 MAXTRANS 255 
  STORAGE(INITIAL 65536 NEXT 1048576 MINEXTENTS 1 MAXEXTENTS 2147483645
  PCTINCREASE 0 FREELISTS 1 FREELIST GROUPS 1
  BUFFER_POOL DEFAULT FLASH_CACHE DEFAULT CELL_FLASH_CACHE DEFAULT)
  TABLESPACE "SYSTEM" ;
--------------------------------------------------------
--  DDL for Index SYS_C008446
--------------------------------------------------------

  CREATE UNIQUE INDEX "SYSTEM"."SYS_C008446" ON "SYSTEM"."POST_IMAGES" ("ID") 
  PCTFREE 10 INITRANS 2 MAXTRANS 255 
  STORAGE(INITIAL 65536 NEXT 1048576 MINEXTENTS 1 MAXEXTENTS 2147483645
  PCTINCREASE 0 FREELISTS 1 FREELIST GROUPS 1
  BUFFER_POOL DEFAULT FLASH_CACHE DEFAULT CELL_FLASH_CACHE DEFAULT)
  TABLESPACE "SYSTEM" ;
--------------------------------------------------------
--  DDL for Index UQ_POST_IMAGES_SORT
--------------------------------------------------------

  CREATE UNIQUE INDEX "SYSTEM"."UQ_POST_IMAGES_SORT" ON "SYSTEM"."POST_IMAGES" ("POST_ID", "SORT_ORDER") 
  PCTFREE 10 INITRANS 2 MAXTRANS 255 
  STORAGE(INITIAL 65536 NEXT 1048576 MINEXTENTS 1 MAXEXTENTS 2147483645
  PCTINCREASE 0 FREELISTS 1 FREELIST GROUPS 1
  BUFFER_POOL DEFAULT FLASH_CACHE DEFAULT CELL_FLASH_CACHE DEFAULT)
  TABLESPACE "SYSTEM" ;
--------------------------------------------------------
--  DDL for Index IDX_POSTS_USER
--------------------------------------------------------

  CREATE INDEX "SYSTEM"."IDX_POSTS_USER" ON "SYSTEM"."POSTS" ("USER_ID") 
  PCTFREE 10 INITRANS 2 MAXTRANS 255 COMPUTE STATISTICS 
  STORAGE(INITIAL 65536 NEXT 1048576 MINEXTENTS 1 MAXEXTENTS 2147483645
  PCTINCREASE 0 FREELISTS 1 FREELIST GROUPS 1
  BUFFER_POOL DEFAULT FLASH_CACHE DEFAULT CELL_FLASH_CACHE DEFAULT)
  TABLESPACE "SYSTEM" ;
--------------------------------------------------------
--  DDL for Index IDX_POSTS_CATEGORY
--------------------------------------------------------

  CREATE INDEX "SYSTEM"."IDX_POSTS_CATEGORY" ON "SYSTEM"."POSTS" ("CATEGORY") 
  PCTFREE 10 INITRANS 2 MAXTRANS 255 COMPUTE STATISTICS 
  STORAGE(INITIAL 65536 NEXT 1048576 MINEXTENTS 1 MAXEXTENTS 2147483645
  PCTINCREASE 0 FREELISTS 1 FREELIST GROUPS 1
  BUFFER_POOL DEFAULT FLASH_CACHE DEFAULT CELL_FLASH_CACHE DEFAULT)
  TABLESPACE "SYSTEM" ;
--------------------------------------------------------
--  DDL for Index SYS_C008440
--------------------------------------------------------

  CREATE UNIQUE INDEX "SYSTEM"."SYS_C008440" ON "SYSTEM"."POSTS" ("ID") 
  PCTFREE 10 INITRANS 2 MAXTRANS 255 
  STORAGE(INITIAL 65536 NEXT 1048576 MINEXTENTS 1 MAXEXTENTS 2147483645
  PCTINCREASE 0 FREELISTS 1 FREELIST GROUPS 1
  BUFFER_POOL DEFAULT FLASH_CACHE DEFAULT CELL_FLASH_CACHE DEFAULT)
  TABLESPACE "SYSTEM" ;
--------------------------------------------------------
--  DDL for Index SYS_C008505
--------------------------------------------------------

  CREATE UNIQUE INDEX "SYSTEM"."SYS_C008505" ON "SYSTEM"."POST_HASHTAGS" ("ID") 
  PCTFREE 10 INITRANS 2 MAXTRANS 255 
  STORAGE(INITIAL 65536 NEXT 1048576 MINEXTENTS 1 MAXEXTENTS 2147483645
  PCTINCREASE 0 FREELISTS 1 FREELIST GROUPS 1
  BUFFER_POOL DEFAULT FLASH_CACHE DEFAULT CELL_FLASH_CACHE DEFAULT)
  TABLESPACE "SYSTEM" ;
--------------------------------------------------------
--  DDL for Index UQ_POST_HASHTAG
--------------------------------------------------------

  CREATE UNIQUE INDEX "SYSTEM"."UQ_POST_HASHTAG" ON "SYSTEM"."POST_HASHTAGS" ("POST_ID", "HASHTAG_ID") 
  PCTFREE 10 INITRANS 2 MAXTRANS 255 
  STORAGE(INITIAL 65536 NEXT 1048576 MINEXTENTS 1 MAXEXTENTS 2147483645
  PCTINCREASE 0 FREELISTS 1 FREELIST GROUPS 1
  BUFFER_POOL DEFAULT FLASH_CACHE DEFAULT CELL_FLASH_CACHE DEFAULT)
  TABLESPACE "SYSTEM" ;
--------------------------------------------------------
--  DDL for Index IDX_FOLLOW_FOLLOWER
--------------------------------------------------------

  CREATE INDEX "SYSTEM"."IDX_FOLLOW_FOLLOWER" ON "SYSTEM"."FOLLOWS" ("FOLLOWER_ID") 
  PCTFREE 10 INITRANS 2 MAXTRANS 255 COMPUTE STATISTICS 
  STORAGE(INITIAL 65536 NEXT 1048576 MINEXTENTS 1 MAXEXTENTS 2147483645
  PCTINCREASE 0 FREELISTS 1 FREELIST GROUPS 1
  BUFFER_POOL DEFAULT FLASH_CACHE DEFAULT CELL_FLASH_CACHE DEFAULT)
  TABLESPACE "SYSTEM" ;
--------------------------------------------------------
--  DDL for Index IDX_FOLLOW_FOLLOWING
--------------------------------------------------------

  CREATE INDEX "SYSTEM"."IDX_FOLLOW_FOLLOWING" ON "SYSTEM"."FOLLOWS" ("FOLLOWING_ID") 
  PCTFREE 10 INITRANS 2 MAXTRANS 255 COMPUTE STATISTICS 
  STORAGE(INITIAL 65536 NEXT 1048576 MINEXTENTS 1 MAXEXTENTS 2147483645
  PCTINCREASE 0 FREELISTS 1 FREELIST GROUPS 1
  BUFFER_POOL DEFAULT FLASH_CACHE DEFAULT CELL_FLASH_CACHE DEFAULT)
  TABLESPACE "SYSTEM" ;
--------------------------------------------------------
--  DDL for Index SYS_C008476
--------------------------------------------------------

  CREATE UNIQUE INDEX "SYSTEM"."SYS_C008476" ON "SYSTEM"."FOLLOWS" ("ID") 
  PCTFREE 10 INITRANS 2 MAXTRANS 255 
  STORAGE(INITIAL 65536 NEXT 1048576 MINEXTENTS 1 MAXEXTENTS 2147483645
  PCTINCREASE 0 FREELISTS 1 FREELIST GROUPS 1
  BUFFER_POOL DEFAULT FLASH_CACHE DEFAULT CELL_FLASH_CACHE DEFAULT)
  TABLESPACE "SYSTEM" ;
--------------------------------------------------------
--  DDL for Index UQ_FOLLOW
--------------------------------------------------------

  CREATE UNIQUE INDEX "SYSTEM"."UQ_FOLLOW" ON "SYSTEM"."FOLLOWS" ("FOLLOWER_ID", "FOLLOWING_ID") 
  PCTFREE 10 INITRANS 2 MAXTRANS 255 
  STORAGE(INITIAL 65536 NEXT 1048576 MINEXTENTS 1 MAXEXTENTS 2147483645
  PCTINCREASE 0 FREELISTS 1 FREELIST GROUPS 1
  BUFFER_POOL DEFAULT FLASH_CACHE DEFAULT CELL_FLASH_CACHE DEFAULT)
  TABLESPACE "SYSTEM" ;
--------------------------------------------------------
--  DDL for Index IDX_COMMENTS_POST
--------------------------------------------------------

  CREATE INDEX "SYSTEM"."IDX_COMMENTS_POST" ON "SYSTEM"."COMMENTS" ("POST_ID") 
  PCTFREE 10 INITRANS 2 MAXTRANS 255 COMPUTE STATISTICS 
  STORAGE(INITIAL 65536 NEXT 1048576 MINEXTENTS 1 MAXEXTENTS 2147483645
  PCTINCREASE 0 FREELISTS 1 FREELIST GROUPS 1
  BUFFER_POOL DEFAULT FLASH_CACHE DEFAULT CELL_FLASH_CACHE DEFAULT)
  TABLESPACE "SYSTEM" ;
--------------------------------------------------------
--  DDL for Index IDX_COMMENTS_USER
--------------------------------------------------------

  CREATE INDEX "SYSTEM"."IDX_COMMENTS_USER" ON "SYSTEM"."COMMENTS" ("USER_ID") 
  PCTFREE 10 INITRANS 2 MAXTRANS 255 COMPUTE STATISTICS 
  STORAGE(INITIAL 65536 NEXT 1048576 MINEXTENTS 1 MAXEXTENTS 2147483645
  PCTINCREASE 0 FREELISTS 1 FREELIST GROUPS 1
  BUFFER_POOL DEFAULT FLASH_CACHE DEFAULT CELL_FLASH_CACHE DEFAULT)
  TABLESPACE "SYSTEM" ;
--------------------------------------------------------
--  DDL for Index SYS_C008454
--------------------------------------------------------

  CREATE UNIQUE INDEX "SYSTEM"."SYS_C008454" ON "SYSTEM"."COMMENTS" ("ID") 
  PCTFREE 10 INITRANS 2 MAXTRANS 255 
  STORAGE(INITIAL 65536 NEXT 1048576 MINEXTENTS 1 MAXEXTENTS 2147483645
  PCTINCREASE 0 FREELISTS 1 FREELIST GROUPS 1
  BUFFER_POOL DEFAULT FLASH_CACHE DEFAULT CELL_FLASH_CACHE DEFAULT)
  TABLESPACE "SYSTEM" ;
--------------------------------------------------------
--  DDL for Index SYS_C008429
--------------------------------------------------------

  CREATE UNIQUE INDEX "SYSTEM"."SYS_C008429" ON "SYSTEM"."HASHTAGS" ("ID") 
  PCTFREE 10 INITRANS 2 MAXTRANS 255 
  STORAGE(INITIAL 65536 NEXT 1048576 MINEXTENTS 1 MAXEXTENTS 2147483645
  PCTINCREASE 0 FREELISTS 1 FREELIST GROUPS 1
  BUFFER_POOL DEFAULT FLASH_CACHE DEFAULT CELL_FLASH_CACHE DEFAULT)
  TABLESPACE "SYSTEM" ;
--------------------------------------------------------
--  DDL for Index UQ_HASHTAG_NAME
--------------------------------------------------------

  CREATE UNIQUE INDEX "SYSTEM"."UQ_HASHTAG_NAME" ON "SYSTEM"."HASHTAGS" ("NAME") 
  PCTFREE 10 INITRANS 2 MAXTRANS 255 
  STORAGE(INITIAL 65536 NEXT 1048576 MINEXTENTS 1 MAXEXTENTS 2147483645
  PCTINCREASE 0 FREELISTS 1 FREELIST GROUPS 1
  BUFFER_POOL DEFAULT FLASH_CACHE DEFAULT CELL_FLASH_CACHE DEFAULT)
  TABLESPACE "SYSTEM" ;
--------------------------------------------------------
--  DDL for Index SYS_C008514
--------------------------------------------------------

  CREATE UNIQUE INDEX "SYSTEM"."SYS_C008514" ON "SYSTEM"."EMAIL_VERIFICATIONS" ("ID") 
  PCTFREE 10 INITRANS 2 MAXTRANS 255 
  STORAGE(INITIAL 65536 NEXT 1048576 MINEXTENTS 1 MAXEXTENTS 2147483645
  PCTINCREASE 0 FREELISTS 1 FREELIST GROUPS 1
  BUFFER_POOL DEFAULT FLASH_CACHE DEFAULT CELL_FLASH_CACHE DEFAULT)
  TABLESPACE "SYSTEM" ;
--------------------------------------------------------
--  DDL for Index SYS_C008522
--------------------------------------------------------

  CREATE UNIQUE INDEX "SYSTEM"."SYS_C008522" ON "SYSTEM"."REPORTS" ("ID") 
  PCTFREE 10 INITRANS 2 MAXTRANS 255 
  STORAGE(INITIAL 65536 NEXT 1048576 MINEXTENTS 1 MAXEXTENTS 2147483645
  PCTINCREASE 0 FREELISTS 1 FREELIST GROUPS 1
  BUFFER_POOL DEFAULT FLASH_CACHE DEFAULT CELL_FLASH_CACHE DEFAULT)
  TABLESPACE "SYSTEM" ;
--------------------------------------------------------
--  DDL for Index IDX_SCRAPS_POST
--------------------------------------------------------

  CREATE INDEX "SYSTEM"."IDX_SCRAPS_POST" ON "SYSTEM"."SCRAPS" ("POST_ID") 
  PCTFREE 10 INITRANS 2 MAXTRANS 255 COMPUTE STATISTICS 
  STORAGE(INITIAL 65536 NEXT 1048576 MINEXTENTS 1 MAXEXTENTS 2147483645
  PCTINCREASE 0 FREELISTS 1 FREELIST GROUPS 1
  BUFFER_POOL DEFAULT FLASH_CACHE DEFAULT CELL_FLASH_CACHE DEFAULT)
  TABLESPACE "SYSTEM" ;
--------------------------------------------------------
--  DDL for Index IDX_SCRAPS_USER
--------------------------------------------------------

  CREATE INDEX "SYSTEM"."IDX_SCRAPS_USER" ON "SYSTEM"."SCRAPS" ("USER_ID") 
  PCTFREE 10 INITRANS 2 MAXTRANS 255 COMPUTE STATISTICS 
  STORAGE(INITIAL 65536 NEXT 1048576 MINEXTENTS 1 MAXEXTENTS 2147483645
  PCTINCREASE 0 FREELISTS 1 FREELIST GROUPS 1
  BUFFER_POOL DEFAULT FLASH_CACHE DEFAULT CELL_FLASH_CACHE DEFAULT)
  TABLESPACE "SYSTEM" ;
--------------------------------------------------------
--  DDL for Index SYS_C008468
--------------------------------------------------------

  CREATE UNIQUE INDEX "SYSTEM"."SYS_C008468" ON "SYSTEM"."SCRAPS" ("ID") 
  PCTFREE 10 INITRANS 2 MAXTRANS 255 
  STORAGE(INITIAL 65536 NEXT 1048576 MINEXTENTS 1 MAXEXTENTS 2147483645
  PCTINCREASE 0 FREELISTS 1 FREELIST GROUPS 1
  BUFFER_POOL DEFAULT FLASH_CACHE DEFAULT CELL_FLASH_CACHE DEFAULT)
  TABLESPACE "SYSTEM" ;
--------------------------------------------------------
--  DDL for Index UQ_SCRAPS
--------------------------------------------------------

  CREATE UNIQUE INDEX "SYSTEM"."UQ_SCRAPS" ON "SYSTEM"."SCRAPS" ("USER_ID", "POST_ID") 
  PCTFREE 10 INITRANS 2 MAXTRANS 255 
  STORAGE(INITIAL 65536 NEXT 1048576 MINEXTENTS 1 MAXEXTENTS 2147483645
  PCTINCREASE 0 FREELISTS 1 FREELIST GROUPS 1
  BUFFER_POOL DEFAULT FLASH_CACHE DEFAULT CELL_FLASH_CACHE DEFAULT)
  TABLESPACE "SYSTEM" ;
--------------------------------------------------------
--  DDL for Index SYS_C008528
--------------------------------------------------------

  CREATE UNIQUE INDEX "SYSTEM"."SYS_C008528" ON "SYSTEM"."USER_BLOCKS" ("ID") 
  PCTFREE 10 INITRANS 2 MAXTRANS 255 
  STORAGE(INITIAL 65536 NEXT 1048576 MINEXTENTS 1 MAXEXTENTS 2147483645
  PCTINCREASE 0 FREELISTS 1 FREELIST GROUPS 1
  BUFFER_POOL DEFAULT FLASH_CACHE DEFAULT CELL_FLASH_CACHE DEFAULT)
  TABLESPACE "SYSTEM" ;
--------------------------------------------------------
--  DDL for Index UQ_BLOCK
--------------------------------------------------------

  CREATE UNIQUE INDEX "SYSTEM"."UQ_BLOCK" ON "SYSTEM"."USER_BLOCKS" ("BLOCKER_ID", "BLOCKED_ID") 
  PCTFREE 10 INITRANS 2 MAXTRANS 255 
  STORAGE(INITIAL 65536 NEXT 1048576 MINEXTENTS 1 MAXEXTENTS 2147483645
  PCTINCREASE 0 FREELISTS 1 FREELIST GROUPS 1
  BUFFER_POOL DEFAULT FLASH_CACHE DEFAULT CELL_FLASH_CACHE DEFAULT)
  TABLESPACE "SYSTEM" ;
--------------------------------------------------------
--  DDL for Index UQ_USERS_PROVIDER
--------------------------------------------------------

  CREATE UNIQUE INDEX "SYSTEM"."UQ_USERS_PROVIDER" ON "SYSTEM"."USERS" ("PROVIDER", "PROVIDER_ID") 
  PCTFREE 10 INITRANS 2 MAXTRANS 255 COMPUTE STATISTICS 
  STORAGE(INITIAL 65536 NEXT 1048576 MINEXTENTS 1 MAXEXTENTS 2147483645
  PCTINCREASE 0 FREELISTS 1 FREELIST GROUPS 1
  BUFFER_POOL DEFAULT FLASH_CACHE DEFAULT CELL_FLASH_CACHE DEFAULT)
  TABLESPACE "SYSTEM" ;
--------------------------------------------------------
--  DDL for Index SYS_C008423
--------------------------------------------------------

  CREATE UNIQUE INDEX "SYSTEM"."SYS_C008423" ON "SYSTEM"."USERS" ("ID") 
  PCTFREE 10 INITRANS 2 MAXTRANS 255 
  STORAGE(INITIAL 65536 NEXT 1048576 MINEXTENTS 1 MAXEXTENTS 2147483645
  PCTINCREASE 0 FREELISTS 1 FREELIST GROUPS 1
  BUFFER_POOL DEFAULT FLASH_CACHE DEFAULT CELL_FLASH_CACHE DEFAULT)
  TABLESPACE "SYSTEM" ;
--------------------------------------------------------
--  DDL for Index UQ_USERS_EMAIL
--------------------------------------------------------

  CREATE UNIQUE INDEX "SYSTEM"."UQ_USERS_EMAIL" ON "SYSTEM"."USERS" ("EMAIL") 
  PCTFREE 10 INITRANS 2 MAXTRANS 255 
  STORAGE(INITIAL 65536 NEXT 1048576 MINEXTENTS 1 MAXEXTENTS 2147483645
  PCTINCREASE 0 FREELISTS 1 FREELIST GROUPS 1
  BUFFER_POOL DEFAULT FLASH_CACHE DEFAULT CELL_FLASH_CACHE DEFAULT)
  TABLESPACE "SYSTEM" ;
--------------------------------------------------------
--  DDL for Index UQ_USERS_NICKNAME
--------------------------------------------------------

  CREATE UNIQUE INDEX "SYSTEM"."UQ_USERS_NICKNAME" ON "SYSTEM"."USERS" ("NICKNAME") 
  PCTFREE 10 INITRANS 2 MAXTRANS 255 
  STORAGE(INITIAL 65536 NEXT 1048576 MINEXTENTS 1 MAXEXTENTS 2147483645
  PCTINCREASE 0 FREELISTS 1 FREELIST GROUPS 1
  BUFFER_POOL DEFAULT FLASH_CACHE DEFAULT CELL_FLASH_CACHE DEFAULT)
  TABLESPACE "SYSTEM" ;
--------------------------------------------------------
--  Constraints for Table LOGIN_HISTORY
--------------------------------------------------------

  ALTER TABLE "SYSTEM"."LOGIN_HISTORY" MODIFY ("ID" NOT NULL ENABLE);
  ALTER TABLE "SYSTEM"."LOGIN_HISTORY" MODIFY ("IP_ADDRESS" NOT NULL ENABLE);
  ALTER TABLE "SYSTEM"."LOGIN_HISTORY" MODIFY ("STATUS" NOT NULL ENABLE);
  ALTER TABLE "SYSTEM"."LOGIN_HISTORY" ADD CONSTRAINT "CK_LOGIN_STATUS" CHECK (status IN ('SUCCESS','FAIL')) ENABLE;
  ALTER TABLE "SYSTEM"."LOGIN_HISTORY" ADD PRIMARY KEY ("ID")
  USING INDEX PCTFREE 10 INITRANS 2 MAXTRANS 255 
  STORAGE(INITIAL 65536 NEXT 1048576 MINEXTENTS 1 MAXEXTENTS 2147483645
  PCTINCREASE 0 FREELISTS 1 FREELIST GROUPS 1
  BUFFER_POOL DEFAULT FLASH_CACHE DEFAULT CELL_FLASH_CACHE DEFAULT)
  TABLESPACE "SYSTEM"  ENABLE;
--------------------------------------------------------
--  Constraints for Table NOTIFICATIONS
--------------------------------------------------------

  ALTER TABLE "SYSTEM"."NOTIFICATIONS" MODIFY ("NOTIFICATION_ID" NOT NULL ENABLE);
  ALTER TABLE "SYSTEM"."NOTIFICATIONS" MODIFY ("USER_ID" NOT NULL ENABLE);
  ALTER TABLE "SYSTEM"."NOTIFICATIONS" MODIFY ("TYPE" NOT NULL ENABLE);
  ALTER TABLE "SYSTEM"."NOTIFICATIONS" ADD CONSTRAINT "CK_NOTI_TYPE" CHECK (TYPE IN ('LIKE', 'COMMENT', 'FOLLOW', 'SYSTEM', 'MENTION', 'REPLY')) ENABLE;
  ALTER TABLE "SYSTEM"."NOTIFICATIONS" ADD CONSTRAINT "CK_NOTI_READ" CHECK (is_read IN ('Y','N')) ENABLE;
  ALTER TABLE "SYSTEM"."NOTIFICATIONS" ADD PRIMARY KEY ("NOTIFICATION_ID")
  USING INDEX PCTFREE 10 INITRANS 2 MAXTRANS 255 
  STORAGE(INITIAL 65536 NEXT 1048576 MINEXTENTS 1 MAXEXTENTS 2147483645
  PCTINCREASE 0 FREELISTS 1 FREELIST GROUPS 1
  BUFFER_POOL DEFAULT FLASH_CACHE DEFAULT CELL_FLASH_CACHE DEFAULT)
  TABLESPACE "SYSTEM"  ENABLE;
--------------------------------------------------------
--  Constraints for Table REFRESH_TOKENS
--------------------------------------------------------

  ALTER TABLE "SYSTEM"."REFRESH_TOKENS" MODIFY ("REFRESH_TOKEN_ID" NOT NULL ENABLE);
  ALTER TABLE "SYSTEM"."REFRESH_TOKENS" MODIFY ("USER_ID" NOT NULL ENABLE);
  ALTER TABLE "SYSTEM"."REFRESH_TOKENS" MODIFY ("REFRESH_TOKEN" NOT NULL ENABLE);
  ALTER TABLE "SYSTEM"."REFRESH_TOKENS" MODIFY ("EXPIRES_AT" NOT NULL ENABLE);
  ALTER TABLE "SYSTEM"."REFRESH_TOKENS" ADD CONSTRAINT "CK_TOKEN_REVOKED" CHECK (revoked IN ('Y','N')) ENABLE;
  ALTER TABLE "SYSTEM"."REFRESH_TOKENS" ADD PRIMARY KEY ("REFRESH_TOKEN_ID")
  USING INDEX PCTFREE 10 INITRANS 2 MAXTRANS 255 
  STORAGE(INITIAL 65536 NEXT 1048576 MINEXTENTS 1 MAXEXTENTS 2147483645
  PCTINCREASE 0 FREELISTS 1 FREELIST GROUPS 1
  BUFFER_POOL DEFAULT FLASH_CACHE DEFAULT CELL_FLASH_CACHE DEFAULT)
  TABLESPACE "SYSTEM"  ENABLE;
  ALTER TABLE "SYSTEM"."REFRESH_TOKENS" ADD CONSTRAINT "UQ_REFRESH_TOKEN" UNIQUE ("REFRESH_TOKEN")
  USING INDEX PCTFREE 10 INITRANS 2 MAXTRANS 255 
  STORAGE(INITIAL 65536 NEXT 1048576 MINEXTENTS 1 MAXEXTENTS 2147483645
  PCTINCREASE 0 FREELISTS 1 FREELIST GROUPS 1
  BUFFER_POOL DEFAULT FLASH_CACHE DEFAULT CELL_FLASH_CACHE DEFAULT)
  TABLESPACE "SYSTEM"  ENABLE;
--------------------------------------------------------
--  Constraints for Table LIKES
--------------------------------------------------------

  ALTER TABLE "SYSTEM"."LIKES" MODIFY ("ID" NOT NULL ENABLE);
  ALTER TABLE "SYSTEM"."LIKES" MODIFY ("USER_ID" NOT NULL ENABLE);
  ALTER TABLE "SYSTEM"."LIKES" MODIFY ("POST_ID" NOT NULL ENABLE);
  ALTER TABLE "SYSTEM"."LIKES" ADD PRIMARY KEY ("ID")
  USING INDEX PCTFREE 10 INITRANS 2 MAXTRANS 255 
  STORAGE(INITIAL 65536 NEXT 1048576 MINEXTENTS 1 MAXEXTENTS 2147483645
  PCTINCREASE 0 FREELISTS 1 FREELIST GROUPS 1
  BUFFER_POOL DEFAULT FLASH_CACHE DEFAULT CELL_FLASH_CACHE DEFAULT)
  TABLESPACE "SYSTEM"  ENABLE;
  ALTER TABLE "SYSTEM"."LIKES" ADD CONSTRAINT "UQ_LIKES" UNIQUE ("USER_ID", "POST_ID")
  USING INDEX PCTFREE 10 INITRANS 2 MAXTRANS 255 
  STORAGE(INITIAL 65536 NEXT 1048576 MINEXTENTS 1 MAXEXTENTS 2147483645
  PCTINCREASE 0 FREELISTS 1 FREELIST GROUPS 1
  BUFFER_POOL DEFAULT FLASH_CACHE DEFAULT CELL_FLASH_CACHE DEFAULT)
  TABLESPACE "SYSTEM"  ENABLE;
--------------------------------------------------------
--  Constraints for Table POST_IMAGES
--------------------------------------------------------

  ALTER TABLE "SYSTEM"."POST_IMAGES" MODIFY ("ID" NOT NULL ENABLE);
  ALTER TABLE "SYSTEM"."POST_IMAGES" MODIFY ("POST_ID" NOT NULL ENABLE);
  ALTER TABLE "SYSTEM"."POST_IMAGES" MODIFY ("IMAGE_URL" NOT NULL ENABLE);
  ALTER TABLE "SYSTEM"."POST_IMAGES" MODIFY ("SORT_ORDER" NOT NULL ENABLE);
  ALTER TABLE "SYSTEM"."POST_IMAGES" ADD PRIMARY KEY ("ID")
  USING INDEX PCTFREE 10 INITRANS 2 MAXTRANS 255 
  STORAGE(INITIAL 65536 NEXT 1048576 MINEXTENTS 1 MAXEXTENTS 2147483645
  PCTINCREASE 0 FREELISTS 1 FREELIST GROUPS 1
  BUFFER_POOL DEFAULT FLASH_CACHE DEFAULT CELL_FLASH_CACHE DEFAULT)
  TABLESPACE "SYSTEM"  ENABLE;
  ALTER TABLE "SYSTEM"."POST_IMAGES" ADD CONSTRAINT "UQ_POST_IMAGES_SORT" UNIQUE ("POST_ID", "SORT_ORDER")
  USING INDEX PCTFREE 10 INITRANS 2 MAXTRANS 255 
  STORAGE(INITIAL 65536 NEXT 1048576 MINEXTENTS 1 MAXEXTENTS 2147483645
  PCTINCREASE 0 FREELISTS 1 FREELIST GROUPS 1
  BUFFER_POOL DEFAULT FLASH_CACHE DEFAULT CELL_FLASH_CACHE DEFAULT)
  TABLESPACE "SYSTEM"  ENABLE;
--------------------------------------------------------
--  Constraints for Table POSTS
--------------------------------------------------------

  ALTER TABLE "SYSTEM"."POSTS" MODIFY ("ID" NOT NULL ENABLE);
  ALTER TABLE "SYSTEM"."POSTS" MODIFY ("USER_ID" NOT NULL ENABLE);
  ALTER TABLE "SYSTEM"."POSTS" MODIFY ("TITLE" NOT NULL ENABLE);
  ALTER TABLE "SYSTEM"."POSTS" MODIFY ("CONTENT" NOT NULL ENABLE);
  ALTER TABLE "SYSTEM"."POSTS" MODIFY ("CATEGORY" NOT NULL ENABLE);
  ALTER TABLE "SYSTEM"."POSTS" MODIFY ("IS_PUBLIC" NOT NULL ENABLE);
  ALTER TABLE "SYSTEM"."POSTS" ADD CONSTRAINT "CK_POSTS_PUBLIC" CHECK (is_public IN (0,1)) ENABLE;
  ALTER TABLE "SYSTEM"."POSTS" ADD CONSTRAINT "CK_POSTS_STATUS" CHECK (status IN ('PUBLISHED','HIDDEN','DELETED')) ENABLE;
  ALTER TABLE "SYSTEM"."POSTS" ADD PRIMARY KEY ("ID")
  USING INDEX PCTFREE 10 INITRANS 2 MAXTRANS 255 
  STORAGE(INITIAL 65536 NEXT 1048576 MINEXTENTS 1 MAXEXTENTS 2147483645
  PCTINCREASE 0 FREELISTS 1 FREELIST GROUPS 1
  BUFFER_POOL DEFAULT FLASH_CACHE DEFAULT CELL_FLASH_CACHE DEFAULT)
  TABLESPACE "SYSTEM"  ENABLE;
--------------------------------------------------------
--  Constraints for Table POST_HASHTAGS
--------------------------------------------------------

  ALTER TABLE "SYSTEM"."POST_HASHTAGS" MODIFY ("ID" NOT NULL ENABLE);
  ALTER TABLE "SYSTEM"."POST_HASHTAGS" MODIFY ("POST_ID" NOT NULL ENABLE);
  ALTER TABLE "SYSTEM"."POST_HASHTAGS" MODIFY ("HASHTAG_ID" NOT NULL ENABLE);
  ALTER TABLE "SYSTEM"."POST_HASHTAGS" ADD PRIMARY KEY ("ID")
  USING INDEX PCTFREE 10 INITRANS 2 MAXTRANS 255 
  STORAGE(INITIAL 65536 NEXT 1048576 MINEXTENTS 1 MAXEXTENTS 2147483645
  PCTINCREASE 0 FREELISTS 1 FREELIST GROUPS 1
  BUFFER_POOL DEFAULT FLASH_CACHE DEFAULT CELL_FLASH_CACHE DEFAULT)
  TABLESPACE "SYSTEM"  ENABLE;
  ALTER TABLE "SYSTEM"."POST_HASHTAGS" ADD CONSTRAINT "UQ_POST_HASHTAG" UNIQUE ("POST_ID", "HASHTAG_ID")
  USING INDEX PCTFREE 10 INITRANS 2 MAXTRANS 255 
  STORAGE(INITIAL 65536 NEXT 1048576 MINEXTENTS 1 MAXEXTENTS 2147483645
  PCTINCREASE 0 FREELISTS 1 FREELIST GROUPS 1
  BUFFER_POOL DEFAULT FLASH_CACHE DEFAULT CELL_FLASH_CACHE DEFAULT)
  TABLESPACE "SYSTEM"  ENABLE;
--------------------------------------------------------
--  Constraints for Table FOLLOWS
--------------------------------------------------------

  ALTER TABLE "SYSTEM"."FOLLOWS" MODIFY ("ID" NOT NULL ENABLE);
  ALTER TABLE "SYSTEM"."FOLLOWS" MODIFY ("FOLLOWER_ID" NOT NULL ENABLE);
  ALTER TABLE "SYSTEM"."FOLLOWS" MODIFY ("FOLLOWING_ID" NOT NULL ENABLE);
  ALTER TABLE "SYSTEM"."FOLLOWS" ADD CONSTRAINT "CK_FOLLOW_SELF" CHECK (follower_id <> following_id) ENABLE;
  ALTER TABLE "SYSTEM"."FOLLOWS" ADD PRIMARY KEY ("ID")
  USING INDEX PCTFREE 10 INITRANS 2 MAXTRANS 255 
  STORAGE(INITIAL 65536 NEXT 1048576 MINEXTENTS 1 MAXEXTENTS 2147483645
  PCTINCREASE 0 FREELISTS 1 FREELIST GROUPS 1
  BUFFER_POOL DEFAULT FLASH_CACHE DEFAULT CELL_FLASH_CACHE DEFAULT)
  TABLESPACE "SYSTEM"  ENABLE;
  ALTER TABLE "SYSTEM"."FOLLOWS" ADD CONSTRAINT "UQ_FOLLOW" UNIQUE ("FOLLOWER_ID", "FOLLOWING_ID")
  USING INDEX PCTFREE 10 INITRANS 2 MAXTRANS 255 
  STORAGE(INITIAL 65536 NEXT 1048576 MINEXTENTS 1 MAXEXTENTS 2147483645
  PCTINCREASE 0 FREELISTS 1 FREELIST GROUPS 1
  BUFFER_POOL DEFAULT FLASH_CACHE DEFAULT CELL_FLASH_CACHE DEFAULT)
  TABLESPACE "SYSTEM"  ENABLE;
--------------------------------------------------------
--  Constraints for Table COMMENTS
--------------------------------------------------------

  ALTER TABLE "SYSTEM"."COMMENTS" MODIFY ("ID" NOT NULL ENABLE);
  ALTER TABLE "SYSTEM"."COMMENTS" MODIFY ("POST_ID" NOT NULL ENABLE);
  ALTER TABLE "SYSTEM"."COMMENTS" MODIFY ("USER_ID" NOT NULL ENABLE);
  ALTER TABLE "SYSTEM"."COMMENTS" MODIFY ("CONTENT" NOT NULL ENABLE);
  ALTER TABLE "SYSTEM"."COMMENTS" ADD CONSTRAINT "CK_COMMENTS_STATUS" CHECK (status IN ('PUBLISHED','DELETED')) ENABLE;
  ALTER TABLE "SYSTEM"."COMMENTS" ADD PRIMARY KEY ("ID")
  USING INDEX PCTFREE 10 INITRANS 2 MAXTRANS 255 
  STORAGE(INITIAL 65536 NEXT 1048576 MINEXTENTS 1 MAXEXTENTS 2147483645
  PCTINCREASE 0 FREELISTS 1 FREELIST GROUPS 1
  BUFFER_POOL DEFAULT FLASH_CACHE DEFAULT CELL_FLASH_CACHE DEFAULT)
  TABLESPACE "SYSTEM"  ENABLE;
--------------------------------------------------------
--  Constraints for Table HASHTAGS
--------------------------------------------------------

  ALTER TABLE "SYSTEM"."HASHTAGS" MODIFY ("ID" NOT NULL ENABLE);
  ALTER TABLE "SYSTEM"."HASHTAGS" MODIFY ("NAME" NOT NULL ENABLE);
  ALTER TABLE "SYSTEM"."HASHTAGS" ADD PRIMARY KEY ("ID")
  USING INDEX PCTFREE 10 INITRANS 2 MAXTRANS 255 
  STORAGE(INITIAL 65536 NEXT 1048576 MINEXTENTS 1 MAXEXTENTS 2147483645
  PCTINCREASE 0 FREELISTS 1 FREELIST GROUPS 1
  BUFFER_POOL DEFAULT FLASH_CACHE DEFAULT CELL_FLASH_CACHE DEFAULT)
  TABLESPACE "SYSTEM"  ENABLE;
  ALTER TABLE "SYSTEM"."HASHTAGS" ADD CONSTRAINT "UQ_HASHTAG_NAME" UNIQUE ("NAME")
  USING INDEX PCTFREE 10 INITRANS 2 MAXTRANS 255 
  STORAGE(INITIAL 65536 NEXT 1048576 MINEXTENTS 1 MAXEXTENTS 2147483645
  PCTINCREASE 0 FREELISTS 1 FREELIST GROUPS 1
  BUFFER_POOL DEFAULT FLASH_CACHE DEFAULT CELL_FLASH_CACHE DEFAULT)
  TABLESPACE "SYSTEM"  ENABLE;
--------------------------------------------------------
--  Constraints for Table EMAIL_VERIFICATIONS
--------------------------------------------------------

  ALTER TABLE "SYSTEM"."EMAIL_VERIFICATIONS" MODIFY ("ID" NOT NULL ENABLE);
  ALTER TABLE "SYSTEM"."EMAIL_VERIFICATIONS" MODIFY ("EMAIL" NOT NULL ENABLE);
  ALTER TABLE "SYSTEM"."EMAIL_VERIFICATIONS" MODIFY ("TOKEN" NOT NULL ENABLE);
  ALTER TABLE "SYSTEM"."EMAIL_VERIFICATIONS" MODIFY ("EXPIRES_AT" NOT NULL ENABLE);
  ALTER TABLE "SYSTEM"."EMAIL_VERIFICATIONS" ADD CONSTRAINT "CK_EMAIL_USED" CHECK (is_used IN (0,1)) ENABLE;
  ALTER TABLE "SYSTEM"."EMAIL_VERIFICATIONS" ADD PRIMARY KEY ("ID")
  USING INDEX PCTFREE 10 INITRANS 2 MAXTRANS 255 
  STORAGE(INITIAL 65536 NEXT 1048576 MINEXTENTS 1 MAXEXTENTS 2147483645
  PCTINCREASE 0 FREELISTS 1 FREELIST GROUPS 1
  BUFFER_POOL DEFAULT FLASH_CACHE DEFAULT CELL_FLASH_CACHE DEFAULT)
  TABLESPACE "SYSTEM"  ENABLE;
--------------------------------------------------------
--  Constraints for Table REPORTS
--------------------------------------------------------

  ALTER TABLE "SYSTEM"."REPORTS" MODIFY ("ID" NOT NULL ENABLE);
  ALTER TABLE "SYSTEM"."REPORTS" MODIFY ("REPORTER_ID" NOT NULL ENABLE);
  ALTER TABLE "SYSTEM"."REPORTS" MODIFY ("TARGET_TYPE" NOT NULL ENABLE);
  ALTER TABLE "SYSTEM"."REPORTS" MODIFY ("TARGET_ID" NOT NULL ENABLE);
  ALTER TABLE "SYSTEM"."REPORTS" MODIFY ("REASON" NOT NULL ENABLE);
  ALTER TABLE "SYSTEM"."REPORTS" ADD CONSTRAINT "CK_REPORT_STATUS" CHECK (status IN ('PENDING','RESOLVED','REJECTED')) ENABLE;
  ALTER TABLE "SYSTEM"."REPORTS" ADD CONSTRAINT "CK_REPORT_TARGET" CHECK (target_type IN ('USER','POST','COMMENT')) ENABLE;
  ALTER TABLE "SYSTEM"."REPORTS" ADD PRIMARY KEY ("ID")
  USING INDEX PCTFREE 10 INITRANS 2 MAXTRANS 255 
  STORAGE(INITIAL 65536 NEXT 1048576 MINEXTENTS 1 MAXEXTENTS 2147483645
  PCTINCREASE 0 FREELISTS 1 FREELIST GROUPS 1
  BUFFER_POOL DEFAULT FLASH_CACHE DEFAULT CELL_FLASH_CACHE DEFAULT)
  TABLESPACE "SYSTEM"  ENABLE;
--------------------------------------------------------
--  Constraints for Table SCRAPS
--------------------------------------------------------

  ALTER TABLE "SYSTEM"."SCRAPS" MODIFY ("ID" NOT NULL ENABLE);
  ALTER TABLE "SYSTEM"."SCRAPS" MODIFY ("USER_ID" NOT NULL ENABLE);
  ALTER TABLE "SYSTEM"."SCRAPS" MODIFY ("POST_ID" NOT NULL ENABLE);
  ALTER TABLE "SYSTEM"."SCRAPS" ADD PRIMARY KEY ("ID")
  USING INDEX PCTFREE 10 INITRANS 2 MAXTRANS 255 
  STORAGE(INITIAL 65536 NEXT 1048576 MINEXTENTS 1 MAXEXTENTS 2147483645
  PCTINCREASE 0 FREELISTS 1 FREELIST GROUPS 1
  BUFFER_POOL DEFAULT FLASH_CACHE DEFAULT CELL_FLASH_CACHE DEFAULT)
  TABLESPACE "SYSTEM"  ENABLE;
  ALTER TABLE "SYSTEM"."SCRAPS" ADD CONSTRAINT "UQ_SCRAPS" UNIQUE ("USER_ID", "POST_ID")
  USING INDEX PCTFREE 10 INITRANS 2 MAXTRANS 255 
  STORAGE(INITIAL 65536 NEXT 1048576 MINEXTENTS 1 MAXEXTENTS 2147483645
  PCTINCREASE 0 FREELISTS 1 FREELIST GROUPS 1
  BUFFER_POOL DEFAULT FLASH_CACHE DEFAULT CELL_FLASH_CACHE DEFAULT)
  TABLESPACE "SYSTEM"  ENABLE;
--------------------------------------------------------
--  Constraints for Table USER_BLOCKS
--------------------------------------------------------

  ALTER TABLE "SYSTEM"."USER_BLOCKS" MODIFY ("ID" NOT NULL ENABLE);
  ALTER TABLE "SYSTEM"."USER_BLOCKS" MODIFY ("BLOCKER_ID" NOT NULL ENABLE);
  ALTER TABLE "SYSTEM"."USER_BLOCKS" MODIFY ("BLOCKED_ID" NOT NULL ENABLE);
  ALTER TABLE "SYSTEM"."USER_BLOCKS" ADD CONSTRAINT "CK_BLOCK_SELF" CHECK (blocker_id <> blocked_id) ENABLE;
  ALTER TABLE "SYSTEM"."USER_BLOCKS" ADD PRIMARY KEY ("ID")
  USING INDEX PCTFREE 10 INITRANS 2 MAXTRANS 255 
  STORAGE(INITIAL 65536 NEXT 1048576 MINEXTENTS 1 MAXEXTENTS 2147483645
  PCTINCREASE 0 FREELISTS 1 FREELIST GROUPS 1
  BUFFER_POOL DEFAULT FLASH_CACHE DEFAULT CELL_FLASH_CACHE DEFAULT)
  TABLESPACE "SYSTEM"  ENABLE;
  ALTER TABLE "SYSTEM"."USER_BLOCKS" ADD CONSTRAINT "UQ_BLOCK" UNIQUE ("BLOCKER_ID", "BLOCKED_ID")
  USING INDEX PCTFREE 10 INITRANS 2 MAXTRANS 255 
  STORAGE(INITIAL 65536 NEXT 1048576 MINEXTENTS 1 MAXEXTENTS 2147483645
  PCTINCREASE 0 FREELISTS 1 FREELIST GROUPS 1
  BUFFER_POOL DEFAULT FLASH_CACHE DEFAULT CELL_FLASH_CACHE DEFAULT)
  TABLESPACE "SYSTEM"  ENABLE;
--------------------------------------------------------
--  Constraints for Table USERS
--------------------------------------------------------

  ALTER TABLE "SYSTEM"."USERS" MODIFY ("ID" NOT NULL ENABLE);
  ALTER TABLE "SYSTEM"."USERS" MODIFY ("EMAIL" NOT NULL ENABLE);
  ALTER TABLE "SYSTEM"."USERS" MODIFY ("PROVIDER" NOT NULL ENABLE);
  ALTER TABLE "SYSTEM"."USERS" MODIFY ("NICKNAME" NOT NULL ENABLE);
  ALTER TABLE "SYSTEM"."USERS" MODIFY ("ROLE" NOT NULL ENABLE);
  ALTER TABLE "SYSTEM"."USERS" MODIFY ("STATUS" NOT NULL ENABLE);
  ALTER TABLE "SYSTEM"."USERS" MODIFY ("EMAIL_VERIFIED" NOT NULL ENABLE);
  ALTER TABLE "SYSTEM"."USERS" ADD CONSTRAINT "CK_USERS_ROLE" CHECK (role IN ('USER','ADMIN')) ENABLE;
  ALTER TABLE "SYSTEM"."USERS" ADD CONSTRAINT "CK_USERS_STATUS" CHECK (status IN ('ACTIVE','SUSPENDED','DELETED')) ENABLE;
  ALTER TABLE "SYSTEM"."USERS" ADD CONSTRAINT "CK_USERS_EMAIL_VERIFIED" CHECK (email_verified IN (0,1)) ENABLE;
  ALTER TABLE "SYSTEM"."USERS" ADD PRIMARY KEY ("ID")
  USING INDEX PCTFREE 10 INITRANS 2 MAXTRANS 255 
  STORAGE(INITIAL 65536 NEXT 1048576 MINEXTENTS 1 MAXEXTENTS 2147483645
  PCTINCREASE 0 FREELISTS 1 FREELIST GROUPS 1
  BUFFER_POOL DEFAULT FLASH_CACHE DEFAULT CELL_FLASH_CACHE DEFAULT)
  TABLESPACE "SYSTEM"  ENABLE;
  ALTER TABLE "SYSTEM"."USERS" ADD CONSTRAINT "UQ_USERS_EMAIL" UNIQUE ("EMAIL")
  USING INDEX PCTFREE 10 INITRANS 2 MAXTRANS 255 
  STORAGE(INITIAL 65536 NEXT 1048576 MINEXTENTS 1 MAXEXTENTS 2147483645
  PCTINCREASE 0 FREELISTS 1 FREELIST GROUPS 1
  BUFFER_POOL DEFAULT FLASH_CACHE DEFAULT CELL_FLASH_CACHE DEFAULT)
  TABLESPACE "SYSTEM"  ENABLE;
  ALTER TABLE "SYSTEM"."USERS" ADD CONSTRAINT "UQ_USERS_NICKNAME" UNIQUE ("NICKNAME")
  USING INDEX PCTFREE 10 INITRANS 2 MAXTRANS 255 
  STORAGE(INITIAL 65536 NEXT 1048576 MINEXTENTS 1 MAXEXTENTS 2147483645
  PCTINCREASE 0 FREELISTS 1 FREELIST GROUPS 1
  BUFFER_POOL DEFAULT FLASH_CACHE DEFAULT CELL_FLASH_CACHE DEFAULT)
  TABLESPACE "SYSTEM"  ENABLE;
  ALTER TABLE "SYSTEM"."USERS" ADD CONSTRAINT "UQ_USERS_PROVIDER" UNIQUE ("PROVIDER", "PROVIDER_ID")
  USING INDEX PCTFREE 10 INITRANS 2 MAXTRANS 255 COMPUTE STATISTICS 
  STORAGE(INITIAL 65536 NEXT 1048576 MINEXTENTS 1 MAXEXTENTS 2147483645
  PCTINCREASE 0 FREELISTS 1 FREELIST GROUPS 1
  BUFFER_POOL DEFAULT FLASH_CACHE DEFAULT CELL_FLASH_CACHE DEFAULT)
  TABLESPACE "SYSTEM"  ENABLE;
--------------------------------------------------------
--  Ref Constraints for Table LOGIN_HISTORY
--------------------------------------------------------

  ALTER TABLE "SYSTEM"."LOGIN_HISTORY" ADD CONSTRAINT "FK_LOGIN_USER" FOREIGN KEY ("USER_ID")
	  REFERENCES "SYSTEM"."USERS" ("ID") ENABLE;
--------------------------------------------------------
--  Ref Constraints for Table NOTIFICATIONS
--------------------------------------------------------

  ALTER TABLE "SYSTEM"."NOTIFICATIONS" ADD CONSTRAINT "FK_NOTI_USER" FOREIGN KEY ("USER_ID")
	  REFERENCES "SYSTEM"."USERS" ("ID") ON DELETE CASCADE ENABLE;
  ALTER TABLE "SYSTEM"."NOTIFICATIONS" ADD CONSTRAINT "FK_NOTI_SENDER" FOREIGN KEY ("SENDER_ID")
	  REFERENCES "SYSTEM"."USERS" ("ID") ENABLE;
--------------------------------------------------------
--  Ref Constraints for Table REFRESH_TOKENS
--------------------------------------------------------

  ALTER TABLE "SYSTEM"."REFRESH_TOKENS" ADD CONSTRAINT "FK_TOKEN_USER" FOREIGN KEY ("USER_ID")
	  REFERENCES "SYSTEM"."USERS" ("ID") ON DELETE CASCADE ENABLE;
--------------------------------------------------------
--  Ref Constraints for Table LIKES
--------------------------------------------------------

  ALTER TABLE "SYSTEM"."LIKES" ADD CONSTRAINT "FK_LIKES_USER" FOREIGN KEY ("USER_ID")
	  REFERENCES "SYSTEM"."USERS" ("ID") ON DELETE CASCADE ENABLE;
  ALTER TABLE "SYSTEM"."LIKES" ADD CONSTRAINT "FK_LIKES_POST" FOREIGN KEY ("POST_ID")
	  REFERENCES "SYSTEM"."POSTS" ("ID") ON DELETE CASCADE ENABLE;
--------------------------------------------------------
--  Ref Constraints for Table POST_IMAGES
--------------------------------------------------------

  ALTER TABLE "SYSTEM"."POST_IMAGES" ADD CONSTRAINT "FK_IMAGES_POST" FOREIGN KEY ("POST_ID")
	  REFERENCES "SYSTEM"."POSTS" ("ID") ON DELETE CASCADE ENABLE;
--------------------------------------------------------
--  Ref Constraints for Table POSTS
--------------------------------------------------------

  ALTER TABLE "SYSTEM"."POSTS" ADD CONSTRAINT "FK_POSTS_USER" FOREIGN KEY ("USER_ID")
	  REFERENCES "SYSTEM"."USERS" ("ID") ENABLE;
  ALTER TABLE "SYSTEM"."POSTS" ADD CONSTRAINT "FK_POST_PARENT" FOREIGN KEY ("PARENT_POST_ID")
	  REFERENCES "SYSTEM"."POSTS" ("ID") ON DELETE SET NULL ENABLE;
--------------------------------------------------------
--  Ref Constraints for Table POST_HASHTAGS
--------------------------------------------------------

  ALTER TABLE "SYSTEM"."POST_HASHTAGS" ADD CONSTRAINT "FK_PH_POST" FOREIGN KEY ("POST_ID")
	  REFERENCES "SYSTEM"."POSTS" ("ID") ON DELETE CASCADE ENABLE;
  ALTER TABLE "SYSTEM"."POST_HASHTAGS" ADD CONSTRAINT "FK_PH_TAG" FOREIGN KEY ("HASHTAG_ID")
	  REFERENCES "SYSTEM"."HASHTAGS" ("ID") ON DELETE CASCADE ENABLE;
--------------------------------------------------------
--  Ref Constraints for Table FOLLOWS
--------------------------------------------------------

  ALTER TABLE "SYSTEM"."FOLLOWS" ADD CONSTRAINT "FK_FOLLOW_FOLLOWER" FOREIGN KEY ("FOLLOWER_ID")
	  REFERENCES "SYSTEM"."USERS" ("ID") ON DELETE CASCADE ENABLE;
  ALTER TABLE "SYSTEM"."FOLLOWS" ADD CONSTRAINT "FK_FOLLOW_FOLLOWING" FOREIGN KEY ("FOLLOWING_ID")
	  REFERENCES "SYSTEM"."USERS" ("ID") ON DELETE CASCADE ENABLE;
--------------------------------------------------------
--  Ref Constraints for Table COMMENTS
--------------------------------------------------------

  ALTER TABLE "SYSTEM"."COMMENTS" ADD CONSTRAINT "FK_COMMENTS_POST" FOREIGN KEY ("POST_ID")
	  REFERENCES "SYSTEM"."POSTS" ("ID") ON DELETE CASCADE ENABLE;
  ALTER TABLE "SYSTEM"."COMMENTS" ADD CONSTRAINT "FK_COMMENTS_USER" FOREIGN KEY ("USER_ID")
	  REFERENCES "SYSTEM"."USERS" ("ID") ENABLE;
  ALTER TABLE "SYSTEM"."COMMENTS" ADD CONSTRAINT "FK_COMMENTS_PARENT" FOREIGN KEY ("PARENT_COMMENT_ID")
	  REFERENCES "SYSTEM"."COMMENTS" ("ID") ENABLE;
--------------------------------------------------------
--  Ref Constraints for Table REPORTS
--------------------------------------------------------

  ALTER TABLE "SYSTEM"."REPORTS" ADD CONSTRAINT "FK_REPORT_USER" FOREIGN KEY ("REPORTER_ID")
	  REFERENCES "SYSTEM"."USERS" ("ID") ENABLE;
--------------------------------------------------------
--  Ref Constraints for Table SCRAPS
--------------------------------------------------------

  ALTER TABLE "SYSTEM"."SCRAPS" ADD CONSTRAINT "FK_SCRAPS_USER" FOREIGN KEY ("USER_ID")
	  REFERENCES "SYSTEM"."USERS" ("ID") ON DELETE CASCADE ENABLE;
  ALTER TABLE "SYSTEM"."SCRAPS" ADD CONSTRAINT "FK_SCRAPS_POST" FOREIGN KEY ("POST_ID")
	  REFERENCES "SYSTEM"."POSTS" ("ID") ON DELETE CASCADE ENABLE;
--------------------------------------------------------
--  Ref Constraints for Table USER_BLOCKS
--------------------------------------------------------

  ALTER TABLE "SYSTEM"."USER_BLOCKS" ADD CONSTRAINT "FK_BLOCKER" FOREIGN KEY ("BLOCKER_ID")
	  REFERENCES "SYSTEM"."USERS" ("ID") ENABLE;
  ALTER TABLE "SYSTEM"."USER_BLOCKS" ADD CONSTRAINT "FK_BLOCKED" FOREIGN KEY ("BLOCKED_ID")
	  REFERENCES "SYSTEM"."USERS" ("ID") ENABLE;
